Student_Id,Gender,Age,Department,Residence,Family Income,Attendance_percentage,Semester_GPA,Internal_Assesment_Score,Backlogs,Assignment_Submission_Rate,LMS_login_fequency,Library_visits,Club_participation,Scholarship_Status,Consecutive_Absence_Days,Academic_Warnings,Tution_Fee_Due,Dropout
STU00001,Male,20,CSE,Hosteler,63779,94.3,7.15,93,0,82.2,1,6,0,0,8,2,0,0
STU00002,Feamle,24,MC,Day Scholar,171567,75.9,7.07,2,0,100.0,0,3,0,0,7,0,0,0
STU00003,Male,20,CSE,Hosteler,59602,75.0,8.86,63,1,82.6,1,7,0,0,1,0,0,0
STU00004,Male,23,AIML,Day Scholar,160105,84.5,8.94,28,0,83.8,1,5,0,0,0,0,0,0
STU00005,Male,21,MC,Hosteler,171514,98.6,7.01,53,1,75.5,0,6,0,0,8,0,0,0
STU00006,Feamle,20,MC,Day Scholar,23247,97.7,6.66,6,1,86.0,0,4,0,0,13,0,0,0
STU00007,Male,22,ECE,Day Scholar,151012,83.9,7.78,24,0,83.6,3,6,0,0,2,2,1,0
STU00008,Male,20,AIML,Hosteler,126284,82.7,8.59,23,0,67.0,0,3,1,0,6,0,0,0
STU00009,Male,22,MC,Hosteler,176546,85.4,7.83,42,0,92.6,2,6,0,0,8,1,0,0
STU00010,Feamle,24,CSE,Day Scholar,156658,89.8,6.35,5,0,53.5,0,6,0,0,13,2,0,0
STU00011,Male,20,AIML,Day Scholar,76228,94.5,6.08,14,0,81.9,0,6,0,0,10,1,0,0
STU00012,Male,22,ECE,Day Scholar,27940,71.5,5.33,78,1,100.0,0,6,1,0,0,0,1,0
STU00013,Male,20,AIML,Hosteler,38606,94.8,7.29,39,1,51.1,1,4,0,0,11,0,0,0
STU00014,Male,24,CSE,Day Scholar,127753,80.1,7.93,90,1,60.5,0,5,0,1,5,0,0,0
STU00015,Feamle,20,ECE,Hosteler,60747,84.8,8.1,60,0,100.0,1,6,0,0,6,0,0,0
STU00016,Male,19,CSE,Hosteler,185354,95.7,8.73,20,2,96.3,1,6,1,0,14,0,0,0
STU00017,Feamle,22,AIML,Day Scholar,77760,86.2,9.22,57,0,60.2,1,6,0,0,11,2,1,0
STU00018,Feamle,24,ECE,Hosteler,22883,88.7,4.94,95,0,56.0,1,7,1,0,5,0,0,0
STU00019,Feamle,22,CSE,Day Scholar,187666,69.2,7.61,31,2,35.2,0,3,0,1,14,0,0,0
STU00020,Male,22,AIML,Day Scholar,89875,97.5,7.66,11,0,44.1,0,4,1,0,7,2,1,0
STU00021,Feamle,18,CSE,Day Scholar,108209,85.4,6.89,8,1,75.6,1,5,0,0,4,1,0,0
STU00022,Male,24,MC,Day Scholar,166498,76.9,5.76,19,1,100.0,0,10,0,0,11,0,0,0
STU00023,Feamle,20,AIML,Day Scholar,167558,91.5,9.17,14,1,100.0,1,6,0,0,10,0,0,0
STU00024,Feamle,22,ECE,Day Scholar,96085,100.0,6.12,76,0,95.8,1,1,0,0,6,0,0,0
STU00025,Feamle,23,ECE,Day Scholar,23993,57.5,3.71,7,0,51.6,1,3,0,0,10,0,0,0
STU00026,Feamle,18,MC,Day Scholar,163291,62.9,7.03,20,2,100.0,0,6,1,1,6,0,0,0
STU00027,Feamle,19,CSE,Hosteler,23708,100.0,6.64,44,0,92.6,0,3,0,1,13,2,0,0
STU00028,Feamle,22,CSE,Hosteler,48788,81.4,9.79,88,0,50.6,1,4,1,0,6,0,0,0
STU00029,Feamle,22,ECE,Hosteler,21495,77.9,7.73,98,1,55.3,0,5,0,0,2,0,0,0
STU00030,Feamle,18,CSE,Day Scholar,187232,73.3,6.54,39,0,96.2,0,8,0,0,7,0,0,0
STU00031,Male,20,AIML,Day Scholar,130002,93.1,6.7,93,0,97.5,0,5,0,1,7,2,0,0
STU00032,Male,23,AIML,Hosteler,158609,100.0,6.69,94,1,72.1,0,8,1,0,13,0,1,0
STU00033,Feamle,19,ECE,Hosteler,186625,65.0,10.0,5,0,70.1,0,1,1,0,14,0,0,0
STU00034,Feamle,22,AIML,Day Scholar,173275,73.5,8.01,10,0,89.7,1,8,1,0,8,0,0,0
STU00035,Feamle,20,ECE,Day Scholar,145114,69.7,4.89,63,0,83.6,0,6,0,0,1,0,0,0
STU00036,Male,24,CSE,Day Scholar,138347,86.0,6.63,41,0,92.2,0,3,0,0,7,0,0,0
STU00037,Feamle,23,CSE,Hosteler,91124,93.3,6.96,58,1,51.3,0,5,0,0,5,0,0,0
STU00038,Male,24,CSE,Hosteler,123106,99.3,5.34,7,1,79.7,0,3,0,0,4,0,0,0
STU00039,Male,23,MC,Hosteler,57659,86.5,4.33,71,0,87.2,0,7,0,0,3,0,0,0
STU00040,Male,19,ECE,Hosteler,131064,100.0,7.89,54,1,83.9,0,5,1,1,14,0,1,0
STU00041,Male,21,AIML,Hosteler,84043,66.4,5.79,38,2,80.7,0,2,0,1,4,1,0,0
STU00042,Male,23,CSE,Day Scholar,23525,62.5,8.87,50,0,65.2,1,2,0,1,0,0,0,0
STU00043,Feamle,21,MC,Hosteler,24777,97.0,7.01,54,0,86.7,2,1,0,0,1,2,0,0
STU00044,Feamle,24,AIML,Hosteler,196863,76.8,6.29,75,0,44.6,0,5,0,1,4,0,1,0
STU00045,Feamle,23,AIML,Hosteler,108853,54.4,3.37,2,1,84.7,0,6,1,0,3,0,0,0
STU00046,Feamle,19,AIML,Day Scholar,182573,70.3,8.83,42,0,100.0,0,7,1,0,8,2,0,0
STU00047,Feamle,18,CSE,Day Scholar,145409,78.8,7.44,44,1,84.3,0,1,0,0,9,0,0,0
STU00048,Male,19,AIML,Day Scholar,85258,65.3,6.33,79,1,61.6,0,5,0,0,6,2,0,0
STU00049,Feamle,19,ECE,Hosteler,140942,59.8,5.66,90,1,73.5,0,3,0,0,11,0,0,0
STU00050,Feamle,18,MC,Hosteler,96185,71.9,9.4,15,0,63.6,0,6,0,0,1,0,1,0
STU00051,Male,18,AIML,Hosteler,43719,59.0,5.4,4,0,84.0,1,4,0,0,5,0,0,1
STU00052,Feamle,20,AIML,Hosteler,132181,84.5,6.45,39,0,80.5,1,2,0,0,1,1,0,0
STU00053,Male,23,ECE,Day Scholar,149420,45.8,7.85,75,0,61.3,1,6,0,0,12,1,0,1
STU00054,Feamle,24,AIML,Day Scholar,86686,76.4,9.18,66,0,100.0,1,4,1,0,2,0,0,0
STU00055,Male,20,CSE,Day Scholar,179506,82.8,6.68,98,1,73.7,1,5,0,0,10,1,0,0
STU00056,Feamle,18,CSE,Day Scholar,40520,73.6,5.9,44,2,88.6,0,6,0,0,2,0,0,0
STU00057,Feamle,21,CSE,Day Scholar,76881,91.4,6.84,2,0,100.0,0,1,0,0,10,0,0,0
STU00058,Male,24,AIML,Hosteler,152582,54.4,8.36,30,0,55.4,1,3,1,0,10,0,1,1
STU00059,Male,21,MC,Day Scholar,48546,64.5,8.69,23,0,100.0,0,7,1,0,14,0,0,0
STU00060,Male,19,MC,Hosteler,33982,70.0,4.94,28,1,67.8,0,5,0,0,7,0,0,0
STU00061,Male,22,AIML,Day Scholar,89451,85.7,7.17,54,2,100.0,0,6,1,1,7,2,0,0
STU00062,Male,19,MC,Hosteler,39636,78.3,4.85,32,1,100.0,0,6,1,1,1,0,0,0
STU00063,Male,19,MC,Hosteler,162029,100.0,8.33,50,1,67.5,1,5,0,0,8,0,0,0
STU00064,Male,22,AIML,Day Scholar,56706,62.9,7.63,79,0,77.8,0,5,0,0,6,0,0,0
STU00065,Male,23,CSE,Day Scholar,137199,54.1,5.62,96,0,42.5,0,8,1,0,12,0,0,0
STU00066,Feamle,18,AIML,Hosteler,119377,100.0,9.3,73,0,73.2,0,7,1,0,9,0,0,0
STU00067,Feamle,21,CSE,Hosteler,82871,53.5,7.5,29,0,60.1,0,4,1,0,13,0,0,0
STU00068,Male,19,CSE,Hosteler,150448,85.2,7.34,97,0,65.2,0,5,0,0,12,0,1,0
STU00069,Feamle,22,MC,Day Scholar,81737,60.3,6.73,60,2,81.3,0,7,0,1,2,0,0,0
STU00070,Feamle,20,MC,Day Scholar,60975,44.0,6.99,59,2,88.5,2,4,0,0,11,0,0,0
STU00071,Feamle,19,CSE,Day Scholar,117364,69.4,6.43,34,0,67.4,0,1,0,1,5,2,0,0
STU00072,Feamle,21,CSE,Hosteler,125687,88.5,5.89,6,2,80.7,1,9,0,0,2,3,0,0
STU00073,Male,18,MC,Day Scholar,179201,56.7,8.84,5,0,70.3,0,2,0,1,4,0,0,0
STU00074,Feamle,19,ECE,Hosteler,57939,83.6,6.26,14,1,89.0,1,3,0,1,9,0,0,0
STU00075,Male,19,CSE,Hosteler,85059,86.4,6.21,95,0,75.3,0,9,1,0,1,0,1,0
STU00076,Feamle,23,CSE,Hosteler,28298,55.9,6.81,65,0,58.1,1,8,0,0,2,0,0,0
STU00077,Feamle,22,CSE,Day Scholar,139002,71.6,9.14,95,1,65.6,0,7,1,0,4,2,0,0
STU00078,Feamle,20,MC,Hosteler,26480,98.7,8.7,91,1,74.6,0,4,0,0,3,0,1,0
STU00079,Male,20,AIML,Hosteler,88393,84.8,6.41,84,0,92.7,2,8,1,0,1,1,1,0
STU00080,Feamle,24,CSE,Day Scholar,24349,71.1,8.84,16,0,100.0,0,6,0,0,6,0,0,0
STU00081,Male,18,CSE,Hosteler,86964,81.2,7.16,18,2,67.2,0,8,0,1,7,0,1,0
STU00082,Feamle,24,CSE,Day Scholar,59491,64.7,5.73,13,0,44.9,0,7,0,1,3,0,1,0
STU00083,Male,21,AIML,Day Scholar,144888,91.7,6.29,48,0,100.0,0,4,1,1,2,0,0,0
STU00084,Feamle,18,AIML,Day Scholar,197850,91.7,9.06,50,0,91.3,0,2,1,0,8,1,1,0
STU00085,Male,19,CSE,Hosteler,108699,76.8,10.0,33,1,85.8,0,6,1,1,1,1,0,0
STU00086,Male,19,CSE,Hosteler,178749,78.5,7.48,83,0,53.5,0,9,0,0,2,1,1,0
STU00087,Feamle,20,ECE,Day Scholar,116440,60.0,6.15,20,0,78.5,0,7,0,0,14,1,0,0
STU00088,Male,21,AIML,Day Scholar,101254,54.7,6.81,47,0,94.1,2,6,0,0,10,0,0,0
STU00089,Feamle,22,ECE,Hosteler,100345,69.4,5.86,66,1,51.7,0,10,0,1,11,1,0,0
STU00090,Feamle,21,CSE,Hosteler,164344,73.7,6.07,57,0,98.3,1,5,0,1,2,1,0,0
STU00091,Feamle,19,CSE,Hosteler,162900,90.9,5.93,77,1,88.3,0,6,0,0,13,0,0,0
STU00092,Feamle,22,CSE,Day Scholar,64431,88.8,6.88,20,0,100.0,0,6,0,0,11,0,0,0
STU00093,Feamle,21,CSE,Day Scholar,158928,77.8,7.18,26,1,95.9,1,1,0,1,9,0,0,0
STU00094,Feamle,21,MC,Hosteler,31223,92.9,6.78,70,1,35.8,0,4,0,0,5,0,0,0
STU00095,Feamle,22,MC,Day Scholar,59413,60.8,6.67,28,0,60.0,0,4,1,0,6,0,1,0
STU00096,Feamle,19,MC,Day Scholar,76822,91.2,8.14,8,0,93.6,0,7,0,0,5,0,1,0
STU00097,Feamle,21,ECE,Day Scholar,55689,63.1,6.66,78,1,55.5,0,5,0,0,14,0,0,0
STU00098,Feamle,22,AIML,Hosteler,32637,93.6,6.75,43,0,64.4,0,5,0,0,9,0,0,0
STU00099,Feamle,23,CSE,Hosteler,197606,74.8,6.74,27,0,76.7,0,2,1,0,7,1,0,0
STU00100,Male,23,AIML,Hosteler,94038,45.0,9.31,37,0,70.0,2,6,0,0,4,1,1,1
STU00101,Male,19,MC,Day Scholar,35266,86.0,6.26,14,0,40.0,1,6,0,0,0,0,0,0
STU00102,Feamle,22,CSE,Day Scholar,68068,87.1,7.89,14,0,88.9,0,8,0,0,9,0,0,0
STU00103,Feamle,23,CSE,Day Scholar,119625,68.2,5.88,29,0,75.5,0,5,0,0,0,0,0,0
STU00104,Feamle,22,ECE,Hosteler,195428,69.4,7.52,31,0,84.9,0,5,0,0,12,0,0,0
STU00105,Feamle,21,AIML,Hosteler,106295,72.6,7.82,39,0,76.0,2,4,0,0,9,0,0,0
STU00106,Feamle,19,ECE,Hosteler,166118,46.1,8.63,75,1,34.5,0,6,0,0,3,0,0,0
STU00107,Feamle,23,MC,Day Scholar,146069,39.5,6.42,83,0,67.0,0,8,1,0,2,0,0,0
STU00108,Feamle,24,AIML,Hosteler,45270,94.5,5.33,90,2,61.6,1,3,0,0,0,0,0,0
STU00109,Feamle,21,MC,Hosteler,139693,62.6,5.82,1,0,80.6,1,2,0,0,14,1,0,0
STU00110,Male,24,ECE,Day Scholar,96342,100.0,8.45,21,1,93.3,1,3,0,0,13,0,0,0
STU00111,Feamle,24,ECE,Hosteler,140324,95.6,10.0,25,0,72.1,1,5,0,0,2,0,1,0
STU00112,Male,18,CSE,Day Scholar,57988,98.5,8.25,39,0,92.6,0,5,0,0,0,0,0,0
STU00113,Feamle,18,AIML,Hosteler,144291,65.2,5.11,7,2,100.0,0,5,1,0,4,1,0,0
STU00114,Feamle,19,AIML,Day Scholar,72179,50.9,8.2,35,1,91.7,2,7,1,1,1,0,0,0
STU00115,Male,23,CSE,Day Scholar,55892,58.7,5.58,25,0,100.0,0,4,0,0,4,0,0,0
STU00116,Feamle,23,AIML,Day Scholar,136441,68.3,6.48,100,1,56.5,1,4,1,0,4,0,0,0
STU00117,Male,23,MC,Day Scholar,180584,39.4,7.28,80,0,100.0,0,7,0,0,7,0,0,0
STU00118,Feamle,22,MC,Day Scholar,126490,67.9,7.53,6,0,70.4,0,2,1,1,0,0,0,0
STU00119,Feamle,21,ECE,Day Scholar,156171,72.0,7.1,0,0,86.3,2,3,1,0,6,1,1,0
STU00120,Male,23,MC,Day Scholar,73487,55.6,6.1,90,1,49.7,1,5,0,0,2,0,0,0
STU00121,Feamle,21,AIML,Day Scholar,115847,59.4,8.59,89,1,100.0,1,7,0,0,3,0,0,0
STU00122,Male,19,CSE,Hosteler,110845,71.7,6.21,31,0,65.6,1,6,1,1,10,1,0,0
STU00123,Feamle,24,ECE,Hosteler,70003,80.3,8.88,77,0,96.9,1,4,0,1,7,2,0,0
STU00124,Male,23,CSE,Hosteler,131292,61.6,4.96,82,1,100.0,1,3,0,0,6,0,0,0
STU00125,Male,19,ECE,Day Scholar,86886,79.4,7.32,8,1,79.2,2,7,1,0,4,2,0,0
STU00126,Feamle,23,ECE,Day Scholar,31739,77.1,5.16,58,1,100.0,2,2,0,1,14,1,1,1
STU00127,Feamle,18,CSE,Day Scholar,106838,75.7,5.75,43,0,55.1,0,3,0,0,6,0,0,0
STU00128,Male,20,MC,Hosteler,124034,65.2,6.23,64,1,97.8,0,1,0,0,11,0,0,0
STU00129,Feamle,19,MC,Day Scholar,32384,55.0,9.28,20,1,83.0,0,6,1,0,11,0,0,0
STU00130,Feamle,23,MC,Hosteler,184166,100.0,8.96,19,1,75.6,1,4,0,1,9,1,0,0
STU00131,Feamle,20,MC,Day Scholar,153192,84.5,8.31,48,0,67.4,1,10,1,0,13,1,1,0
STU00132,Male,19,CSE,Hosteler,152065,90.1,7.05,96,0,51.4,0,5,1,0,11,0,0,0
STU00133,Male,22,AIML,Day Scholar,107295,73.7,7.28,32,1,82.7,0,8,0,0,0,0,0,0
STU00134,Male,23,ECE,Hosteler,38150,72.5,8.9,17,1,71.7,0,7,1,0,14,0,0,0
STU00135,Male,22,CSE,Hosteler,84681,82.4,8.05,40,1,92.6,1,2,0,0,5,0,0,0
STU00136,Male,18,MC,Day Scholar,65388,47.5,7.03,16,0,85.9,2,5,0,0,2,0,0,0
STU00137,Male,23,MC,Day Scholar,134082,58.3,9.23,12,0,86.6,1,3,0,0,7,0,0,0
STU00138,Male,24,CSE,Hosteler,71116,63.0,8.22,42,0,92.5,1,5,1,1,11,3,0,0
STU00139,Male,18,ECE,Day Scholar,121085,68.2,7.36,72,1,59.0,0,5,0,0,3,1,0,0
STU00140,Male,20,CSE,Hosteler,190859,61.8,6.31,64,1,50.2,1,3,0,0,14,1,0,0
STU00141,Feamle,19,CSE,Day Scholar,55673,80.0,6.18,22,1,60.9,0,7,0,0,2,2,0,0
STU00142,Male,21,AIML,Day Scholar,159362,76.2,6.5,39,0,73.9,0,2,1,0,10,2,0,0
STU00143,Feamle,18,CSE,Hosteler,80123,95.9,7.69,33,0,60.9,0,4,0,0,6,0,1,0
STU00144,Feamle,21,AIML,Day Scholar,36627,100.0,8.25,35,1,55.1,0,7,0,0,0,0,0,0
STU00145,Feamle,21,ECE,Hosteler,93474,56.1,4.83,49,0,49.5,0,8,0,0,5,2,0,1
STU00146,Male,19,CSE,Day Scholar,82904,77.2,4.08,77,1,76.7,0,5,1,0,13,0,0,0
STU00147,Male,20,CSE,Day Scholar,123798,77.2,5.57,84,0,74.9,0,4,0,0,14,1,0,0
STU00148,Male,19,MC,Day Scholar,88245,74.8,6.39,84,0,79.6,1,3,0,0,7,0,0,0
STU00149,Male,23,CSE,Hosteler,178701,58.7,8.79,91,0,95.7,1,8,1,0,2,1,0,0
STU00150,Feamle,18,MC,Hosteler,130958,61.2,6.58,95,0,80.0,1,5,0,0,9,0,1,0
STU00151,Male,21,MC,Hosteler,134673,78.6,7.38,29,0,90.6,2,5,0,1,14,0,0,0
STU00152,Male,19,MC,Day Scholar,64186,60.8,7.63,39,0,92.4,1,12,1,0,1,0,1,0
STU00153,Male,19,ECE,Day Scholar,149522,77.4,5.46,11,1,55.5,0,7,0,0,13,3,0,0
STU00154,Male,19,AIML,Day Scholar,66537,71.3,9.19,92,0,100.0,0,2,0,0,3,0,1,0
STU00155,Male,18,MC,Day Scholar,50832,77.1,6.0,0,0,63.1,0,8,0,0,1,0,0,0
STU00156,Feamle,20,CSE,Hosteler,43472,60.7,9.34,89,0,77.8,0,6,0,0,0,0,0,0
STU00157,Male,24,CSE,Hosteler,199922,77.4,6.81,15,0,68.0,0,5,1,0,5,0,0,0
STU00158,Feamle,19,MC,Hosteler,135735,61.8,6.49,81,0,77.5,1,9,0,1,12,0,0,0
STU00159,Male,18,MC,Hosteler,106298,77.4,5.33,96,0,100.0,1,5,1,1,12,0,0,0
STU00160,Feamle,21,CSE,Hosteler,29507,95.1,7.3,49,0,100.0,1,6,0,1,11,1,0,0
STU00161,Male,23,MC,Day Scholar,75696,78.9,10.0,42,0,70.7,1,8,0,0,14,1,0,0
STU00162,Male,24,AIML,Hosteler,76373,79.8,7.62,86,0,51.7,1,3,0,0,5,0,0,0
STU00163,Feamle,22,AIML,Hosteler,35979,87.3,7.41,59,1,100.0,1,6,0,0,9,1,0,0
STU00164,Feamle,24,ECE,Day Scholar,166121,53.9,6.0,4,0,100.0,0,4,0,0,14,1,0,1
STU00165,Feamle,24,MC,Hosteler,79081,100.0,7.89,20,1,34.5,1,4,0,0,0,0,0,0
STU00166,Male,18,ECE,Day Scholar,44997,59.2,7.24,64,1,83.7,2,6,1,0,2,0,0,0
STU00167,Feamle,22,ECE,Hosteler,191902,88.2,6.91,94,1,51.7,3,6,0,0,10,2,1,0
STU00168,Male,19,ECE,Day Scholar,105721,86.2,7.74,81,0,76.1,0,6,0,1,7,1,1,0
STU00169,Male,19,MC,Day Scholar,41746,61.5,4.28,20,0,83.5,0,5,0,0,4,0,0,0
STU00170,Feamle,24,ECE,Hosteler,29603,90.1,6.85,70,0,90.9,0,4,0,0,9,0,0,0
STU00171,Feamle,18,AIML,Day Scholar,96977,82.5,5.2,64,1,45.4,1,9,0,0,13,0,1,0
STU00172,Male,22,ECE,Day Scholar,24570,100.0,7.04,22,0,100.0,0,6,1,0,1,0,0,0
STU00173,Male,19,AIML,Day Scholar,183388,77.9,5.91,90,0,60.0,0,4,0,0,14,0,0,0
STU00174,Feamle,21,AIML,Hosteler,71604,73.4,6.02,59,0,69.4,0,4,1,0,13,1,0,0
STU00175,Feamle,20,MC,Hosteler,38467,67.3,5.0,1,1,83.4,2,7,0,0,6,3,0,0
STU00176,Feamle,20,ECE,Day Scholar,98381,48.8,8.67,33,1,68.9,1,6,0,0,10,1,0,0
STU00177,Male,19,MC,Day Scholar,195710,70.2,5.98,56,0,89.8,2,6,1,0,14,0,0,0
STU00178,Male,22,AIML,Hosteler,139851,70.9,6.06,15,0,87.7,2,5,0,0,1,0,0,0
STU00179,Male,23,CSE,Hosteler,178015,78.9,9.3,73,0,90.6,0,2,1,0,1,0,0,0
STU00180,Male,19,ECE,Hosteler,23340,53.7,7.85,83,0,86.0,0,2,0,0,2,0,0,0
STU00181,Male,23,MC,Hosteler,63532,71.4,3.95,47,0,52.1,1,7,0,0,1,1,0,0
STU00182,Male,23,CSE,Hosteler,64188,83.6,9.08,100,2,89.3,2,8,0,0,12,0,0,0
STU00183,Feamle,22,ECE,Hosteler,35211,85.1,9.47,24,0,100.0,0,3,0,0,2,1,0,0
STU00184,Male,23,ECE,Hosteler,33496,47.1,9.33,67,2,67.4,1,6,0,0,9,0,0,0
STU00185,Male,21,MC,Hosteler,114381,85.6,8.0,31,0,78.9,1,5,0,0,9,1,0,0
STU00186,Male,22,CSE,Day Scholar,192217,71.3,5.35,44,0,99.8,0,8,1,0,11,0,0,0
STU00187,Feamle,19,MC,Hosteler,123704,72.2,6.93,91,0,99.5,1,5,0,0,14,2,1,0
STU00188,Male,24,ECE,Hosteler,49672,39.5,4.83,39,0,65.6,0,3,0,1,2,0,0,1
STU00189,Male,21,ECE,Hosteler,101481,97.4,5.7,12,0,62.6,0,3,0,1,2,0,1,0
STU00190,Feamle,18,AIML,Day Scholar,187099,77.7,5.33,4,0,80.2,1,3,0,0,2,0,0,0
STU00191,Male,20,ECE,Day Scholar,187323,52.0,6.06,16,0,86.3,1,5,1,0,4,0,0,0
STU00192,Male,19,ECE,Day Scholar,170475,80.6,7.25,70,0,95.7,0,3,1,0,2,1,0,0
STU00193,Male,19,CSE,Hosteler,45150,80.2,6.33,9,2,38.2,0,8,0,0,13,1,0,0
STU00194,Male,19,CSE,Day Scholar,95762,93.3,6.27,90,0,75.3,1,4,0,0,1,0,0,0
STU00195,Male,21,AIML,Day Scholar,198012,70.4,6.56,58,1,80.9,0,6,0,0,4,1,1,0
STU00196,Feamle,18,AIML,Hosteler,70476,75.2,9.25,34,0,46.8,0,3,1,0,0,2,0,0
STU00197,Feamle,24,AIML,Day Scholar,122708,65.4,10.0,22,1,84.1,1,5,0,0,2,1,0,0
STU00198,Feamle,22,MC,Day Scholar,54202,84.0,6.32,55,0,65.4,1,4,0,0,8,0,1,0
STU00199,Male,18,MC,Day Scholar,28729,63.2,7.5,15,1,100.0,0,7,0,0,4,1,1,0
STU00200,Male,21,AIML,Day Scholar,43938,61.6,5.74,51,1,73.3,0,4,0,0,9,2,0,0
STU00201,Male,19,MC,Day Scholar,95302,74.0,8.15,26,3,78.0,0,1,1,1,1,2,0,0
STU00202,Feamle,20,ECE,Hosteler,93920,56.6,6.29,14,0,54.7,0,2,1,0,5,0,0,0
STU00203,Male,19,AIML,Day Scholar,45762,99.0,5.93,61,1,100.0,1,7,0,1,5,0,0,0
STU00204,Male,22,AIML,Hosteler,179796,100.0,10.0,5,0,98.8,0,6,0,0,1,0,0,0
STU00205,Feamle,23,MC,Day Scholar,110586,68.2,4.97,23,0,81.0,0,4,1,1,2,2,0,0
STU00206,Male,20,CSE,Hosteler,40653,54.2,3.32,86,0,75.0,0,4,0,0,0,0,0,1
STU00207,Feamle,19,AIML,Day Scholar,164579,80.0,8.1,4,0,97.8,0,2,0,0,7,1,0,0
STU00208,Feamle,24,MC,Hosteler,92914,67.8,6.45,70,0,93.9,0,6,0,0,7,0,0,0
STU00209,Feamle,20,MC,Hosteler,193845,92.6,6.03,85,1,65.0,0,3,1,0,3,1,0,0
STU00210,Male,23,CSE,Hosteler,131291,63.2,10.0,92,0,63.7,0,5,0,0,3,0,0,0
STU00211,Male,18,AIML,Hosteler,55205,83.2,8.1,52,1,62.2,1,5,0,0,11,0,0,0
STU00212,Male,21,CSE,Day Scholar,31571,76.7,6.91,30,0,78.4,2,6,0,0,14,0,0,0
STU00213,Male,19,ECE,Hosteler,188392,64.9,5.94,34,0,72.4,0,5,0,0,11,1,1,0
STU00214,Male,22,CSE,Day Scholar,136042,78.6,7.67,97,0,100.0,0,3,0,0,3,0,1,0
STU00215,Male,18,CSE,Hosteler,68853,88.2,4.4,18,0,100.0,0,2,0,0,2,0,1,0
STU00216,Male,19,MC,Hosteler,181262,76.3,6.23,33,1,77.6,0,4,0,0,1,1,1,0
STU00217,Feamle,18,CSE,Hosteler,138088,76.5,6.94,93,0,92.8,0,5,0,0,0,0,0,0
STU00218,Male,22,ECE,Hosteler,109116,61.9,7.32,82,1,99.8,0,6,0,1,5,1,0,0
STU00219,Feamle,19,MC,Day Scholar,187594,92.2,6.79,81,0,100.0,0,7,0,0,5,0,0,0
STU00220,Male,23,ECE,Day Scholar,64489,90.7,5.96,0,0,95.6,1,8,0,0,6,0,0,0
STU00221,Male,23,CSE,Hosteler,152909,68.8,8.38,40,0,92.5,0,2,1,0,1,1,0,0
STU00222,Male,22,ECE,Day Scholar,73763,73.1,4.52,52,2,32.4,0,0,0,1,5,0,0,0
STU00223,Feamle,20,ECE,Hosteler,102945,96.2,6.58,79,1,100.0,1,3,0,0,5,1,0,0
STU00224,Feamle,22,CSE,Hosteler,76964,58.0,6.22,63,1,82.4,0,6,0,0,7,0,0,0
STU00225,Feamle,20,CSE,Day Scholar,150349,84.1,8.52,39,1,65.9,1,4,0,0,14,0,0,0
STU00226,Feamle,19,MC,Hosteler,76398,66.6,6.31,61,0,64.3,0,4,0,0,4,2,0,0
STU00227,Male,20,MC,Day Scholar,102597,100.0,7.66,54,0,87.6,0,4,0,0,2,0,1,0
STU00228,Feamle,19,AIML,Day Scholar,114522,76.0,7.5,91,0,52.4,2,5,0,0,3,0,0,0
STU00229,Male,19,MC,Day Scholar,73198,93.9,4.25,10,0,59.1,1,2,1,0,3,0,1,0
STU00230,Male,24,CSE,Day Scholar,105741,63.6,6.9,51,0,95.6,0,4,1,0,14,2,0,0
STU00231,Feamle,21,ECE,Hosteler,186215,56.3,4.39,95,0,100.0,0,4,0,0,12,2,0,1
STU00232,Feamle,19,ECE,Hosteler,69427,71.5,7.53,25,0,100.0,0,2,0,0,4,0,0,0
STU00233,Feamle,20,MC,Hosteler,157931,78.9,5.9,73,0,58.0,0,6,1,0,11,0,1,0
STU00234,Feamle,21,MC,Hosteler,65507,67.3,8.78,86,0,65.5,1,3,0,0,3,0,1,0
STU00235,Feamle,21,CSE,Day Scholar,185428,86.4,6.73,47,0,83.6,0,8,0,0,8,1,0,0
STU00236,Feamle,19,ECE,Day Scholar,106501,71.9,5.84,44,0,99.8,0,5,0,1,11,1,1,0
STU00237,Feamle,22,AIML,Day Scholar,82570,43.8,8.8,32,0,88.7,0,7,0,0,11,0,0,0
STU00238,Feamle,22,AIML,Day Scholar,163926,83.3,5.69,63,0,84.2,1,9,0,1,13,1,0,0
STU00239,Male,23,MC,Hosteler,184085,61.8,8.34,77,0,68.3,0,4,1,0,12,0,0,0
STU00240,Feamle,21,AIML,Day Scholar,51654,69.6,7.7,8,0,57.0,1,5,1,0,13,0,0,0
STU00241,Feamle,19,CSE,Day Scholar,146905,98.3,6.45,77,3,50.0,0,2,1,0,5,0,0,0
STU00242,Male,24,AIML,Day Scholar,174126,100.0,5.0,99,0,72.6,2,7,0,0,0,2,0,0
STU00243,Feamle,22,MC,Hosteler,93728,66.4,8.86,1,1,65.9,0,3,0,0,11,0,0,0
STU00244,Male,24,CSE,Day Scholar,80254,83.7,7.75,74,0,68.1,0,2,1,0,4,0,1,0
STU00245,Male,19,ECE,Hosteler,196278,66.7,5.84,13,1,82.6,0,2,0,0,8,0,0,0
STU00246,Feamle,19,CSE,Day Scholar,187091,70.7,7.37,35,1,89.4,1,2,0,0,3,1,0,0
STU00247,Male,21,MC,Day Scholar,36281,65.9,8.51,34,0,68.3,1,3,0,1,14,0,0,0
STU00248,Male,24,MC,Hosteler,25863,49.1,7.17,63,0,86.5,0,5,0,0,14,0,0,0
STU00249,Male,23,AIML,Day Scholar,72203,76.4,7.36,24,0,90.6,0,6,0,0,10,1,0,0
STU00250,Male,21,AIML,Day Scholar,56539,79.3,8.55,96,2,69.6,0,5,0,0,12,0,0,0
STU00251,Feamle,18,ECE,Hosteler,193160,64.9,9.31,8,0,68.6,0,0,1,1,7,0,0,0
STU00252,Male,24,ECE,Day Scholar,82438,91.3,6.82,76,1,81.7,0,4,0,0,8,1,1,0
STU00253,Feamle,22,MC,Day Scholar,36077,68.5,4.99,42,0,60.3,0,6,1,1,7,1,0,0
STU00254,Male,22,MC,Day Scholar,176345,65.4,5.05,9,2,100.0,2,3,0,0,0,0,1,0
STU00255,Male,22,MC,Day Scholar,143968,82.9,5.96,56,2,86.0,0,2,0,1,10,0,0,0
STU00256,Male,20,ECE,Day Scholar,51052,51.9,5.6,32,0,57.7,1,6,0,1,8,0,0,0
STU00257,Male,19,MC,Day Scholar,87955,88.6,4.48,8,1,88.9,0,6,0,0,3,0,1,0
STU00258,Feamle,21,ECE,Hosteler,164590,69.0,9.77,53,1,70.7,0,9,1,0,3,1,1,0
STU00259,Feamle,22,MC,Hosteler,158468,89.8,7.79,12,0,99.0,1,6,0,0,14,0,0,0
STU00260,Male,18,CSE,Day Scholar,104548,94.3,6.21,23,1,86.1,3,3,0,0,4,0,1,0
STU00261,Male,22,CSE,Day Scholar,191149,84.6,6.95,61,2,88.6,0,5,0,1,14,0,0,0
STU00262,Feamle,23,MC,Day Scholar,31981,62.8,4.32,39,0,25.8,2,5,1,0,6,0,0,0
STU00263,Male,19,CSE,Day Scholar,118989,56.2,8.74,58,2,85.6,1,4,0,0,0,0,1,0
STU00264,Male,24,ECE,Day Scholar,88292,53.5,4.08,55,0,100.0,0,5,0,0,2,0,0,1
STU00265,Male,19,AIML,Hosteler,84842,91.5,7.77,63,1,100.0,0,2,1,0,8,0,1,0
STU00266,Feamle,24,CSE,Day Scholar,156095,73.0,4.24,59,0,100.0,0,3,0,1,2,0,0,0
STU00267,Feamle,24,AIML,Hosteler,41219,66.0,6.38,80,0,100.0,0,5,1,0,6,0,0,0
STU00268,Feamle,21,CSE,Day Scholar,130862,73.0,8.86,96,0,79.2,2,4,0,0,6,1,0,0
STU00269,Male,20,ECE,Day Scholar,168166,91.2,4.55,22,1,98.8,0,1,0,0,9,2,0,0
STU00270,Male,24,CSE,Day Scholar,57853,86.7,6.78,26,0,79.3,0,2,1,0,6,1,0,0
STU00271,Feamle,24,CSE,Hosteler,156718,81.6,7.94,60,1,91.9,1,13,1,0,0,0,0,0
STU00272,Feamle,21,MC,Day Scholar,197997,84.6,7.7,43,0,99.1,0,6,0,0,7,0,1,0
STU00273,Feamle,22,AIML,Day Scholar,194999,77.7,7.11,56,2,81.7,0,2,0,1,9,0,0,0
STU00274,Feamle,23,AIML,Day Scholar,163063,79.5,7.74,42,1,98.8,0,4,0,0,5,1,0,0
STU00275,Male,18,ECE,Hosteler,170050,78.3,6.08,61,0,69.0,1,13,0,0,9,0,0,0
STU00276,Feamle,21,ECE,Day Scholar,55723,75.0,9.9,25,0,93.7,2,7,0,0,10,3,0,0
STU00277,Male,20,AIML,Day Scholar,175859,86.3,4.58,87,0,84.3,0,3,0,0,13,0,0,0
STU00278,Feamle,21,MC,Day Scholar,111693,80.4,8.74,74,0,70.2,0,6,0,0,13,0,0,0
STU00279,Male,19,MC,Day Scholar,134045,61.8,7.28,92,0,99.3,0,2,0,0,12,1,0,0
STU00280,Feamle,22,AIML,Hosteler,64791,82.9,7.93,63,0,51.6,0,5,0,0,7,0,0,0
STU00281,Feamle,22,CSE,Hosteler,95171,78.7,8.19,68,1,74.5,0,4,1,1,8,0,0,0
STU00282,Feamle,24,AIML,Day Scholar,166004,84.2,7.83,23,1,80.2,1,6,1,0,2,0,0,0
STU00283,Feamle,22,CSE,Hosteler,56911,73.4,5.78,72,0,100.0,0,3,1,1,8,0,1,0
STU00284,Male,22,AIML,Day Scholar,143458,87.2,6.57,73,0,77.6,0,2,1,1,2,1,0,0
STU00285,Feamle,22,CSE,Hosteler,125948,74.1,4.82,10,0,77.7,0,4,0,0,3,0,0,0
STU00286,Male,22,MC,Day Scholar,121301,85.9,6.55,94,1,100.0,0,5,1,0,1,0,0,0
STU00287,Male,18,AIML,Hosteler,123512,68.2,7.48,66,1,82.4,0,6,0,0,14,0,0,0
STU00288,Male,20,ECE,Day Scholar,161018,69.2,7.91,88,0,64.3,0,4,1,0,1,0,1,0
STU00289,Male,24,CSE,Hosteler,104899,84.0,7.59,52,0,100.0,1,4,0,0,14,0,1,0
STU00290,Feamle,22,MC,Hosteler,165459,70.0,4.37,42,0,98.4,1,2,0,0,8,0,1,0
STU00291,Male,24,ECE,Hosteler,69573,100.0,6.16,26,0,73.6,0,6,1,1,1,0,1,0
STU00292,Male,20,MC,Hosteler,135298,83.5,6.01,0,0,77.4,1,6,0,0,12,0,0,0
STU00293,Male,23,CSE,Day Scholar,61405,75.4,5.03,48,1,57.4,0,5,0,0,3,1,1,1
STU00294,Feamle,22,AIML,Hosteler,29152,87.3,5.75,47,1,85.2,0,6,0,0,8,1,0,0
STU00295,Feamle,24,MC,Day Scholar,186487,67.8,7.0,79,0,98.7,0,4,0,1,6,2,0,0
STU00296,Feamle,21,AIML,Day Scholar,130575,88.8,9.12,98,0,44.0,0,5,0,0,0,0,0,0
STU00297,Feamle,24,AIML,Day Scholar,133190,88.4,5.57,78,0,84.2,1,6,0,0,2,0,1,0
STU00298,Male,22,MC,Day Scholar,124977,93.8,5.31,97,1,51.2,0,6,0,0,9,0,0,0
STU00299,Male,19,MC,Day Scholar,182920,68.4,6.1,52,1,73.6,1,2,1,0,9,1,0,0
STU00300,Feamle,18,MC,Day Scholar,194466,56.7,7.51,10,1,83.2,3,6,0,1,12,0,0,0
STU00301,Male,21,AIML,Day Scholar,51455,65.8,8.84,8,0,83.8,0,5,0,0,2,0,1,0
STU00302,Male,21,ECE,Hosteler,86560,70.8,6.87,60,2,100.0,0,8,0,0,3,0,0,0
STU00303,Male,19,CSE,Day Scholar,111764,100.0,4.83,87,0,85.8,1,3,0,0,2,0,0,0
STU00304,Feamle,22,ECE,Day Scholar,167993,100.0,5.15,100,0,68.7,0,6,0,0,13,0,0,0
STU00305,Feamle,18,AIML,Day Scholar,183251,80.2,7.28,98,0,61.1,2,4,1,0,0,0,0,0
STU00306,Male,21,MC,Day Scholar,122895,75.1,8.49,21,1,68.8,0,2,0,0,11,0,0,0
STU00307,Feamle,18,MC,Day Scholar,183109,69.8,9.72,70,1,87.5,0,5,0,0,14,0,0,0
STU00308,Feamle,21,CSE,Hosteler,53275,87.4,5.23,43,1,44.8,0,5,0,0,11,0,0,0
STU00309,Feamle,22,CSE,Day Scholar,56692,100.0,7.21,29,2,55.8,1,6,0,1,8,2,0,0
STU00310,Feamle,23,ECE,Day Scholar,28872,100.0,5.46,59,0,85.9,1,5,0,0,11,2,1,1
STU00311,Feamle,21,ECE,Hosteler,71764,92.1,5.65,92,0,76.3,0,2,0,0,3,3,0,0
STU00312,Male,23,CSE,Day Scholar,139564,91.8,5.53,54,0,89.4,0,2,1,0,3,0,0,0
STU00313,Feamle,21,AIML,Day Scholar,110871,87.5,6.5,38,1,63.9,0,4,0,0,3,0,1,0
STU00314,Male,20,ECE,Day Scholar,106143,74.3,5.68,40,1,68.1,0,1,0,0,8,0,0,0
STU00315,Male,22,MC,Day Scholar,148268,64.0,10.0,8,0,100.0,0,6,1,0,4,0,0,0
STU00316,Feamle,19,MC,Hosteler,186033,74.7,6.31,0,0,93.1,1,2,1,0,3,0,0,0
STU00317,Male,23,AIML,Day Scholar,44466,81.3,8.48,2,1,49.6,0,4,1,0,0,0,0,0
STU00318,Male,19,CSE,Day Scholar,166834,53.2,6.01,68,0,45.0,0,5,0,0,14,1,0,0
STU00319,Male,22,ECE,Hosteler,170002,72.7,10.0,10,0,59.3,1,1,1,0,3,3,0,0
STU00320,Feamle,24,MC,Hosteler,90191,62.6,7.51,3,0,68.2,0,7,0,0,14,0,0,0
STU00321,Feamle,19,CSE,Day Scholar,90555,90.2,8.26,32,0,98.8,0,2,0,1,10,1,1,0
STU00322,Male,22,ECE,Hosteler,121878,66.8,6.11,32,1,55.1,0,3,0,1,8,0,0,0
STU00323,Feamle,19,AIML,Day Scholar,74875,79.9,8.46,44,0,94.7,0,5,1,1,10,1,0,0
STU00324,Feamle,23,MC,Hosteler,190386,64.5,7.5,19,0,72.5,1,8,1,0,0,0,0,0
STU00325,Feamle,20,AIML,Day Scholar,102460,99.0,6.43,36,0,77.2,0,2,0,0,2,0,0,0
STU00326,Feamle,19,AIML,Day Scholar,66255,49.5,5.38,83,1,71.2,1,4,1,0,13,0,0,1
STU00327,Male,23,AIML,Hosteler,69662,82.1,6.64,97,2,86.7,0,6,1,0,14,0,0,0
STU00328,Male,21,ECE,Day Scholar,108082,55.8,6.52,20,1,99.8,0,4,0,0,8,0,0,0
STU00329,Feamle,22,AIML,Day Scholar,100366,67.4,8.3,57,1,65.6,2,6,0,0,14,0,0,0
STU00330,Feamle,18,ECE,Day Scholar,69496,78.1,6.65,50,0,100.0,0,5,0,1,8,0,0,0
STU00331,Male,24,ECE,Day Scholar,123483,78.8,4.12,70,0,96.9,0,7,1,0,8,1,0,0
STU00332,Male,18,AIML,Day Scholar,67791,78.4,7.97,15,0,74.3,1,8,1,0,1,1,0,0
STU00333,Feamle,22,AIML,Day Scholar,59140,77.3,8.94,95,0,67.0,1,5,0,0,10,0,0,0
STU00334,Male,20,CSE,Day Scholar,129865,65.4,4.5,35,0,100.0,0,6,0,0,6,2,0,0
STU00335,Feamle,19,MC,Day Scholar,183148,72.5,9.71,49,1,74.5,1,5,0,0,9,0,0,0
STU00336,Feamle,20,CSE,Hosteler,195854,75.5,9.09,74,0,76.0,1,3,0,0,8,1,1,0
STU00337,Male,18,MC,Day Scholar,128875,77.9,6.05,47,0,88.4,1,2,1,0,5,0,0,0
STU00338,Male,24,MC,Day Scholar,71632,74.0,5.32,28,1,95.4,0,0,0,0,11,1,0,1
STU00339,Feamle,23,CSE,Hosteler,42203,85.9,8.58,41,0,100.0,0,7,0,0,0,0,0,0
STU00340,Feamle,24,CSE,Hosteler,113392,76.4,4.95,97,1,90.5,0,4,0,1,3,0,0,0
STU00341,Male,22,MC,Hosteler,132026,78.0,6.0,58,0,82.9,1,5,0,0,12,0,0,0
STU00342,Feamle,22,MC,Hosteler,65642,69.3,5.03,54,1,84.7,1,2,1,0,14,0,0,0
STU00343,Male,20,MC,Hosteler,146646,59.2,7.01,73,0,55.2,0,5,1,0,6,0,0,0
STU00344,Feamle,23,ECE,Hosteler,141430,77.3,9.2,66,1,73.9,0,2,1,1,11,0,0,0
STU00345,Male,20,MC,Day Scholar,29486,93.1,7.56,21,0,60.4,1,2,0,0,6,2,0,0
STU00346,Male,19,AIML,Hosteler,183230,81.7,8.53,95,0,96.5,0,3,0,0,3,0,1,0
STU00347,Male,21,AIML,Hosteler,34681,62.7,6.47,83,0,67.0,1,5,1,0,7,0,0,0
STU00348,Feamle,23,AIML,Hosteler,74790,87.2,7.15,1,0,100.0,1,6,1,0,2,0,1,0
STU00349,Feamle,21,CSE,Hosteler,75052,70.0,5.16,7,0,70.4,1,7,0,0,4,1,0,0
STU00350,Male,24,CSE,Hosteler,97237,85.7,6.85,40,1,66.6,0,7,0,0,7,0,0,0
STU00351,Feamle,19,CSE,Day Scholar,35372,69.5,5.88,88,0,65.2,1,6,0,0,3,1,0,0
STU00352,Male,21,MC,Day Scholar,46611,80.3,6.76,10,0,51.5,1,2,1,0,12,0,0,0
STU00353,Male,18,AIML,Day Scholar,25523,67.2,6.66,23,1,63.3,0,6,0,0,8,0,0,0
STU00354,Feamle,24,MC,Day Scholar,65793,67.6,6.53,25,1,65.2,0,6,0,0,9,0,0,0
STU00355,Feamle,21,ECE,Hosteler,171305,51.5,10.0,34,0,99.7,2,5,0,0,3,0,0,0
STU00356,Male,19,ECE,Hosteler,136465,82.7,9.65,4,1,74.2,1,6,1,0,10,0,0,0
STU00357,Feamle,21,CSE,Hosteler,176027,80.6,9.12,14,0,76.2,0,3,0,0,7,1,0,0
STU00358,Feamle,22,ECE,Day Scholar,67524,81.4,9.69,13,0,71.9,1,10,0,0,11,1,0,0
STU00359,Male,20,AIML,Hosteler,62621,79.1,9.13,36,1,100.0,1,4,0,1,2,0,0,0
STU00360,Male,18,ECE,Day Scholar,111418,63.6,6.97,17,1,83.4,0,11,0,0,11,0,0,0
STU00361,Feamle,22,CSE,Hosteler,101597,89.5,6.81,75,0,61.6,0,5,0,0,13,0,0,0
STU00362,Male,22,MC,Hosteler,20015,89.9,7.35,66,0,53.8,1,2,0,0,10,0,0,0
STU00363,Male,19,ECE,Day Scholar,24410,63.2,6.68,45,0,69.6,0,7,0,1,11,2,0,0
STU00364,Feamle,20,AIML,Day Scholar,38964,83.0,5.44,96,1,100.0,0,5,1,0,9,0,0,0
STU00365,Male,20,AIML,Day Scholar,90671,88.1,7.44,67,0,77.0,0,3,0,0,0,2,0,0
STU00366,Male,23,AIML,Day Scholar,134128,67.9,4.65,56,0,100.0,0,6,0,0,9,0,0,0
STU00367,Feamle,24,MC,Day Scholar,93484,70.6,7.21,39,0,100.0,2,4,1,0,11,1,0,0
STU00368,Feamle,18,AIML,Day Scholar,159674,83.0,5.51,89,1,100.0,1,10,1,0,2,1,0,0
STU00369,Male,24,CSE,Day Scholar,146003,52.3,6.88,84,0,73.6,1,6,0,1,3,0,0,0
STU00370,Male,19,CSE,Hosteler,27232,58.7,7.29,44,0,63.1,0,3,0,1,5,0,0,0
STU00371,Feamle,18,AIML,Day Scholar,135606,60.2,6.47,15,0,95.6,1,5,0,0,7,0,0,0
STU00372,Feamle,23,ECE,Day Scholar,199022,48.1,4.54,61,1,57.9,0,4,0,0,1,0,1,1
STU00373,Feamle,21,AIML,Hosteler,111602,91.3,5.22,22,0,80.3,1,6,0,1,6,0,0,0
STU00374,Feamle,22,CSE,Day Scholar,48381,45.2,7.69,87,0,62.1,0,5,0,0,7,0,0,0
STU00375,Male,18,CSE,Day Scholar,121647,80.1,6.16,72,0,71.5,0,7,0,0,1,0,0,0
STU00376,Feamle,24,CSE,Day Scholar,137174,87.2,7.84,82,0,78.0,0,8,0,0,3,0,0,0
STU00377,Feamle,22,ECE,Hosteler,96305,70.6,7.01,90,0,70.7,0,5,1,0,4,0,0,0
STU00378,Male,19,ECE,Day Scholar,76025,65.0,6.7,94,2,94.8,0,3,0,1,8,0,0,0
STU00379,Feamle,24,ECE,Day Scholar,102192,78.5,7.52,50,1,84.8,0,7,0,0,3,1,0,0
STU00380,Male,21,CSE,Day Scholar,20819,75.0,5.99,0,0,60.5,0,5,1,0,13,1,1,0
STU00381,Feamle,19,MC,Hosteler,186455,90.1,7.6,76,1,62.3,0,5,1,1,4,1,0,0
STU00382,Feamle,21,AIML,Day Scholar,91605,35.6,6.37,44,1,67.0,0,5,0,0,10,0,0,0
STU00383,Feamle,21,AIML,Hosteler,25640,61.2,10.0,3,1,100.0,0,4,1,0,2,0,0,0
STU00384,Male,22,CSE,Day Scholar,79888,83.4,5.3,54,0,94.6,0,9,1,0,1,0,1,0
STU00385,Male,19,ECE,Hosteler,122288,75.8,6.46,88,0,40.2,0,6,0,0,1,0,0,0
STU00386,Feamle,19,MC,Day Scholar,82244,86.3,6.52,9,0,86.0,0,5,1,0,0,0,0,0
STU00387,Male,18,MC,Day Scholar,51915,78.9,4.97,86,1,100.0,1,8,0,0,2,0,0,0
STU00388,Male,24,ECE,Hosteler,63642,73.0,8.09,29,0,86.3,1,4,0,0,9,0,0,0
STU00389,Male,19,AIML,Hosteler,135290,70.5,6.36,13,1,78.4,2,6,0,0,11,0,1,0
STU00390,Male,18,AIML,Hosteler,130433,100.0,3.43,95,0,67.3,1,2,0,0,13,0,0,0
STU00391,Male,20,MC,Hosteler,150014,98.0,8.04,29,0,60.1,0,4,0,0,9,2,1,0
STU00392,Male,20,MC,Hosteler,197961,82.4,6.05,4,2,85.3,0,4,0,0,4,1,0,0
STU00393,Feamle,20,ECE,Day Scholar,61215,76.2,6.84,14,0,39.7,0,1,1,0,0,0,0,0
STU00394,Feamle,23,AIML,Day Scholar,22487,83.1,8.02,16,1,66.5,0,5,0,0,0,0,0,0
STU00395,Male,19,MC,Day Scholar,119662,87.4,6.45,47,0,79.4,1,7,1,0,1,0,0,0
STU00396,Feamle,23,AIML,Day Scholar,81045,81.3,6.44,96,0,100.0,0,5,0,0,1,0,0,0
STU00397,Feamle,24,MC,Hosteler,112594,63.7,10.0,75,0,49.5,1,4,0,0,0,0,0,0
STU00398,Feamle,19,ECE,Hosteler,135377,100.0,3.77,24,0,71.2,1,7,0,0,4,0,0,0
STU00399,Feamle,18,AIML,Hosteler,79040,78.7,5.07,18,1,92.5,0,5,0,0,6,2,0,0
STU00400,Male,23,MC,Day Scholar,121470,100.0,5.36,58,2,76.1,1,9,0,0,9,1,0,0
STU00401,Feamle,23,MC,Day Scholar,110520,77.8,9.68,52,2,100.0,1,4,0,0,13,1,1,0
STU00402,Feamle,24,MC,Hosteler,81295,71.3,6.03,86,0,90.9,3,8,0,0,12,0,0,0
STU00403,Male,23,MC,Hosteler,20825,95.8,7.36,38,1,63.8,0,2,1,0,8,0,0,0
STU00404,Male,21,ECE,Day Scholar,152263,79.5,6.29,4,0,80.5,0,1,1,0,4,1,1,0
STU00405,Feamle,18,AIML,Day Scholar,194166,77.0,7.9,39,0,63.8,1,5,0,1,5,0,0,0
STU00406,Feamle,20,AIML,Day Scholar,150981,57.0,6.98,84,0,78.4,0,2,0,1,0,1,0,0
STU00407,Feamle,18,CSE,Hosteler,59553,84.9,7.38,57,1,83.5,2,1,0,0,5,0,0,0
STU00408,Feamle,21,AIML,Day Scholar,114305,67.6,8.93,99,0,93.4,0,7,0,0,6,1,0,0
STU00409,Feamle,24,CSE,Day Scholar,26813,68.3,7.66,77,1,84.2,0,6,0,0,5,0,0,0
STU00410,Feamle,24,MC,Day Scholar,46350,67.6,5.9,5,0,56.4,0,2,0,0,12,0,0,0
STU00411,Male,19,ECE,Day Scholar,180064,81.6,7.47,18,0,40.7,1,5,0,1,3,0,0,0
STU00412,Feamle,18,ECE,Day Scholar,185047,52.0,10.0,67,1,90.4,0,6,1,0,7,0,0,0
STU00413,Feamle,24,MC,Hosteler,176064,71.8,7.85,23,0,37.9,0,9,0,0,6,0,0,0
STU00414,Male,23,CSE,Hosteler,194808,89.7,7.23,89,0,83.3,0,2,0,0,1,0,0,0
STU00415,Male,24,MC,Day Scholar,152309,56.3,4.94,18,0,61.1,2,3,0,0,8,0,1,1
STU00416,Male,24,ECE,Day Scholar,24943,77.6,8.09,58,2,79.3,0,8,0,1,7,2,1,0
STU00417,Male,24,ECE,Day Scholar,150257,65.5,8.31,60,0,76.7,1,9,0,0,0,0,0,0
STU00418,Feamle,24,AIML,Day Scholar,112055,68.9,7.47,31,0,85.8,0,8,0,1,5,0,0,0
STU00419,Feamle,20,CSE,Hosteler,112292,99.8,7.17,44,4,79.8,1,4,0,0,11,2,0,0
STU00420,Feamle,20,AIML,Day Scholar,172292,50.2,10.0,34,2,93.2,1,2,0,0,1,0,0,0
STU00421,Feamle,19,ECE,Hosteler,198870,86.5,8.28,53,3,84.7,0,7,0,0,4,0,0,0
STU00422,Feamle,24,ECE,Day Scholar,48694,67.8,8.86,1,0,100.0,1,7,0,0,0,0,0,0
STU00423,Feamle,18,AIML,Day Scholar,179322,67.1,7.1,96,1,69.7,0,10,1,1,12,1,0,0
STU00424,Male,21,AIML,Day Scholar,184299,58.3,6.8,73,0,58.0,0,7,0,0,11,0,0,0
STU00425,Feamle,19,ECE,Hosteler,98305,86.3,7.95,44,0,84.9,0,6,0,0,0,0,0,0
STU00426,Male,18,AIML,Day Scholar,30447,72.1,6.8,32,0,77.8,0,3,0,1,0,0,0,0
STU00427,Male,24,AIML,Day Scholar,94045,70.2,6.92,22,0,87.1,0,5,0,1,5,0,1,0
STU00428,Feamle,22,CSE,Hosteler,42865,76.6,7.69,97,0,78.4,0,5,0,0,0,0,0,0
STU00429,Male,24,ECE,Day Scholar,75450,72.4,6.23,35,0,100.0,0,6,1,0,4,0,0,0
STU00430,Feamle,20,MC,Day Scholar,36134,45.0,7.33,93,0,89.1,0,4,1,0,6,0,1,0
STU00431,Male,21,CSE,Day Scholar,72378,67.6,7.12,68,1,55.4,0,5,0,0,5,1,0,0
STU00432,Feamle,23,MC,Day Scholar,167273,88.4,8.45,84,0,71.6,0,10,0,0,5,0,1,0
STU00433,Male,21,AIML,Hosteler,126889,52.4,6.08,79,1,82.9,0,8,0,0,4,0,0,0
STU00434,Feamle,23,AIML,Day Scholar,170008,58.7,4.0,70,0,71.6,1,2,0,0,8,2,0,1
STU00435,Feamle,21,MC,Day Scholar,172834,68.6,6.53,8,0,67.4,1,6,0,0,3,0,0,0
STU00436,Feamle,20,AIML,Hosteler,23228,64.1,7.6,87,1,100.0,0,3,0,0,8,0,0,0
STU00437,Feamle,23,AIML,Hosteler,79405,74.6,8.45,48,0,94.8,0,2,0,0,2,0,0,0
STU00438,Feamle,18,CSE,Hosteler,134764,58.6,5.96,25,1,65.0,0,7,1,0,0,0,0,0
STU00439,Male,23,MC,Hosteler,88946,69.2,7.81,95,0,97.7,0,10,1,0,5,1,1,0
STU00440,Male,19,CSE,Day Scholar,151480,74.3,8.7,26,0,95.7,2,4,0,0,1,0,0,0
STU00441,Male,18,MC,Day Scholar,138780,84.7,8.13,40,0,91.6,1,6,0,0,13,1,0,0
STU00442,Feamle,19,CSE,Day Scholar,67497,93.7,5.81,82,0,49.3,0,1,0,0,10,0,0,0
STU00443,Male,24,ECE,Hosteler,71419,71.1,5.98,71,1,83.0,1,2,0,1,10,0,0,0
STU00444,Feamle,21,ECE,Day Scholar,139216,100.0,7.65,100,0,60.2,0,4,0,0,0,1,0,0
STU00445,Feamle,18,MC,Day Scholar,145733,72.2,9.44,5,1,75.9,0,5,0,0,5,0,0,0
STU00446,Male,21,ECE,Day Scholar,140262,87.4,7.02,82,3,100.0,1,4,1,0,11,0,0,0
STU00447,Male,24,CSE,Day Scholar,156845,100.0,6.75,86,1,72.0,0,8,0,0,3,0,1,0
STU00448,Feamle,22,MC,Day Scholar,122301,77.1,4.95,65,1,76.8,0,8,1,0,14,0,0,0
STU00449,Male,21,ECE,Day Scholar,156689,54.4,6.45,60,0,51.7,0,3,0,0,10,1,0,0
STU00450,Feamle,24,ECE,Hosteler,138400,76.4,5.93,66,3,82.7,0,7,0,1,5,1,0,0
STU00451,Feamle,21,MC,Day Scholar,154979,65.8,7.04,65,0,100.0,0,3,0,0,4,0,0,0
STU00452,Feamle,24,ECE,Day Scholar,33841,70.9,4.73,76,1,100.0,0,3,0,0,9,1,0,0
STU00453,Feamle,19,ECE,Day Scholar,110866,100.0,6.51,95,0,98.3,2,6,0,0,6,0,1,0
STU00454,Feamle,24,MC,Day Scholar,199163,56.7,5.49,42,0,71.5,1,5,0,0,1,1,1,1
STU00455,Male,23,ECE,Hosteler,74501,79.5,8.41,24,0,89.4,0,9,0,0,14,0,0,0
STU00456,Male,22,ECE,Day Scholar,81855,61.8,5.71,61,1,70.6,0,5,0,1,1,1,0,0
STU00457,Feamle,21,ECE,Day Scholar,117735,70.4,6.14,12,0,83.2,0,8,0,0,12,0,0,0
STU00458,Feamle,24,ECE,Day Scholar,111822,86.2,7.42,93,0,90.4,0,5,0,0,9,1,0,0
STU00459,Male,24,AIML,Hosteler,170931,79.8,6.32,82,0,52.4,0,4,1,0,12,0,0,0
STU00460,Male,21,MC,Day Scholar,92352,71.6,10.0,23,0,95.3,1,7,0,0,11,2,0,0
STU00461,Feamle,22,AIML,Day Scholar,167620,65.3,8.4,96,2,88.5,0,5,1,0,1,0,0,0
STU00462,Male,22,AIML,Day Scholar,141780,79.7,7.03,58,1,65.1,2,7,0,0,4,0,0,0
STU00463,Feamle,24,CSE,Hosteler,104581,100.0,7.55,76,1,40.1,0,2,1,0,7,1,0,0
STU00464,Male,18,AIML,Hosteler,139156,61.5,3.47,94,0,84.1,0,4,1,0,6,0,0,0
STU00465,Feamle,19,AIML,Day Scholar,53385,100.0,8.85,37,2,94.0,0,7,0,0,4,1,0,0
STU00466,Male,22,CSE,Hosteler,175716,93.0,7.77,7,1,73.4,0,2,0,0,1,0,0,0
STU00467,Feamle,22,ECE,Day Scholar,25639,95.5,6.89,57,2,73.5,0,7,0,0,0,0,0,0
STU00468,Male,20,ECE,Day Scholar,97152,79.6,7.85,29,0,91.2,0,5,0,0,7,1,0,0
STU00469,Male,23,AIML,Day Scholar,40580,92.6,8.03,18,1,67.2,0,6,0,0,10,0,0,0
STU00470,Feamle,22,CSE,Day Scholar,118304,59.9,6.38,95,1,93.7,0,8,0,1,10,0,0,0
STU00471,Male,19,ECE,Hosteler,46974,65.0,7.57,29,0,74.5,1,7,0,1,4,0,0,0
STU00472,Feamle,23,CSE,Day Scholar,196445,86.5,8.57,54,0,84.6,0,6,1,0,13,0,0,0
STU00473,Male,23,MC,Day Scholar,133262,79.4,7.68,45,0,86.7,1,5,0,0,3,1,0,0
STU00474,Feamle,21,MC,Day Scholar,67612,72.8,6.62,37,0,100.0,0,3,0,0,6,0,0,0
STU00475,Male,21,MC,Day Scholar,175833,37.5,7.44,16,0,85.5,0,3,1,0,5,0,0,0
STU00476,Feamle,21,MC,Day Scholar,30701,68.5,9.07,97,0,61.9,2,6,0,0,13,0,0,0
STU00477,Male,21,AIML,Hosteler,40822,57.4,8.18,79,1,69.4,0,7,1,0,7,2,0,0
STU00478,Feamle,20,MC,Day Scholar,34970,82.4,5.26,58,0,69.3,0,4,0,1,10,0,0,0
STU00479,Male,22,MC,Day Scholar,106728,72.1,7.88,36,0,90.3,1,6,0,1,8,0,1,0
STU00480,Feamle,21,CSE,Day Scholar,55847,65.6,7.68,54,1,78.8,0,7,0,1,6,0,0,0
STU00481,Feamle,24,ECE,Day Scholar,43103,100.0,8.75,5,0,79.8,1,3,0,0,1,0,0,0
STU00482,Feamle,18,CSE,Hosteler,140706,90.6,7.05,65,1,100.0,1,3,0,1,11,0,0,0
STU00483,Male,21,AIML,Day Scholar,80787,90.8,6.45,68,0,97.6,0,9,0,1,10,0,1,0
STU00484,Feamle,22,MC,Day Scholar,168016,100.0,4.95,41,0,74.3,0,7,0,1,1,3,0,0
STU00485,Male,21,ECE,Hosteler,34974,87.0,5.96,82,0,100.0,1,4,0,0,9,0,0,0
STU00486,Feamle,20,ECE,Day Scholar,66984,63.4,8.81,64,0,100.0,0,6,1,1,1,0,0,0
STU00487,Male,19,MC,Hosteler,66893,61.7,7.3,88,0,63.1,0,4,0,0,3,1,0,0
STU00488,Feamle,19,MC,Day Scholar,177386,89.5,6.85,79,0,69.3,1,2,1,1,1,2,0,0
STU00489,Male,22,AIML,Hosteler,49852,44.1,8.94,93,0,58.4,0,2,0,0,5,1,1,1
STU00490,Male,24,AIML,Day Scholar,24953,73.8,8.63,93,0,100.0,0,3,1,0,4,0,0,0
STU00491,Feamle,19,MC,Hosteler,96773,42.4,5.9,9,1,62.9,1,9,1,0,11,0,0,0
STU00492,Male,19,MC,Day Scholar,48448,76.5,8.8,39,3,70.0,2,8,0,0,2,2,1,0
STU00493,Male,18,MC,Day Scholar,51771,87.8,4.51,51,0,100.0,1,6,0,0,2,2,1,1
STU00494,Feamle,22,MC,Hosteler,71550,79.2,7.69,23,0,99.1,0,7,0,0,11,0,0,0
STU00495,Male,24,ECE,Day Scholar,75378,89.1,7.51,58,1,74.7,1,3,0,0,4,0,1,0
STU00496,Male,22,AIML,Hosteler,88124,100.0,8.72,20,0,79.4,0,4,0,0,11,0,0,0
STU00497,Male,19,MC,Day Scholar,91892,72.8,7.57,51,0,44.6,0,8,0,0,5,0,1,0
STU00498,Feamle,19,MC,Day Scholar,171141,100.0,6.63,78,0,78.7,0,7,0,0,8,0,1,0
STU00499,Male,19,ECE,Day Scholar,34695,78.2,6.75,4,1,84.6,1,9,1,0,14,0,0,0
STU00500,Feamle,23,CSE,Day Scholar,171855,89.2,10.0,35,1,58.5,1,6,0,0,0,0,0,0
STU00501,Male,20,MC,Hosteler,21403,65.8,7.12,21,0,84.5,0,6,0,0,3,0,1,0
STU00502,Male,21,ECE,Hosteler,126695,99.3,7.9,7,0,100.0,0,7,0,0,9,0,0,0
STU00503,Male,20,ECE,Day Scholar,179399,90.6,3.97,94,1,100.0,1,1,0,0,1,2,0,0
STU00504,Feamle,22,CSE,Hosteler,87821,97.1,5.76,51,1,100.0,0,3,0,0,6,0,0,0
STU00505,Male,18,AIML,Day Scholar,159934,75.8,7.78,0,1,74.1,1,5,1,0,11,0,0,0
STU00506,Male,21,AIML,Hosteler,31430,56.2,4.58,83,0,72.2,0,7,0,0,1,0,0,1
STU00507,Feamle,18,AIML,Day Scholar,185089,81.9,7.82,27,1,91.7,0,5,1,0,14,0,1,0
STU00508,Male,24,MC,Hosteler,184718,49.5,5.91,30,0,69.3,0,1,0,0,7,0,0,0
STU00509,Feamle,23,AIML,Day Scholar,48922,70.0,5.45,52,0,94.2,1,7,0,0,1,0,0,0
STU00510,Feamle,22,MC,Hosteler,162615,77.9,5.91,23,1,99.5,0,2,0,0,3,0,0,0
STU00511,Male,23,MC,Hosteler,112099,100.0,9.29,44,0,100.0,0,5,0,1,12,0,0,0
STU00512,Feamle,22,ECE,Day Scholar,176625,79.8,7.5,6,0,53.7,0,5,0,0,1,0,0,0
STU00513,Male,18,AIML,Hosteler,199932,77.1,5.63,1,1,100.0,1,6,0,0,10,1,0,0
STU00514,Feamle,18,AIML,Day Scholar,80092,74.1,8.16,72,2,70.4,1,3,1,0,4,0,0,0
STU00515,Feamle,18,AIML,Day Scholar,93114,54.9,8.24,62,0,100.0,1,11,1,0,11,1,1,1
STU00516,Male,22,MC,Hosteler,41263,76.3,6.43,82,0,87.4,0,2,0,1,4,0,1,0
STU00517,Feamle,19,MC,Day Scholar,96204,76.5,8.44,40,1,83.0,0,4,0,0,0,1,0,0
STU00518,Feamle,18,AIML,Day Scholar,102458,60.5,8.51,88,0,99.2,0,5,0,0,14,2,0,0
STU00519,Feamle,23,MC,Day Scholar,163304,57.2,8.28,22,1,99.7,0,5,1,1,2,0,0,0
STU00520,Feamle,24,MC,Day Scholar,160164,67.8,5.99,49,0,72.7,1,6,1,0,5,2,1,0
STU00521,Feamle,21,CSE,Day Scholar,185306,76.0,5.23,73,2,82.2,1,4,1,0,0,0,0,0
STU00522,Male,22,CSE,Hosteler,60482,68.1,4.46,86,1,68.2,0,7,0,0,3,0,0,0
STU00523,Feamle,23,AIML,Hosteler,169189,59.2,6.02,32,0,83.1,0,6,0,0,8,0,0,0
STU00524,Male,20,AIML,Day Scholar,184330,79.3,6.45,42,1,98.9,0,5,1,1,10,0,0,0
STU00525,Feamle,24,CSE,Day Scholar,136397,83.1,6.57,82,0,100.0,0,5,0,0,0,2,0,0
STU00526,Male,20,MC,Hosteler,79097,76.8,6.93,54,0,43.5,1,6,1,0,10,0,0,0
STU00527,Male,21,MC,Day Scholar,108631,66.6,9.6,50,1,100.0,2,6,0,0,12,0,0,0
STU00528,Feamle,19,ECE,Day Scholar,38302,83.9,6.49,97,0,95.3,1,6,0,0,5,1,0,0
STU00529,Feamle,18,AIML,Hosteler,95762,72.1,6.93,36,0,56.6,1,6,0,0,0,1,0,0
STU00530,Feamle,22,AIML,Hosteler,60934,57.2,4.27,62,1,48.4,0,6,1,0,9,0,0,1
STU00531,Male,23,AIML,Day Scholar,96439,90.5,10.0,66,0,80.4,1,1,1,1,10,0,0,0
STU00532,Feamle,18,ECE,Hosteler,62446,80.3,5.03,44,0,78.6,1,7,0,0,1,0,1,0
STU00533,Male,23,ECE,Hosteler,91635,73.2,5.94,70,0,81.2,0,9,0,0,13,1,0,0
STU00534,Male,22,MC,Hosteler,46076,51.4,8.04,48,2,100.0,1,2,1,0,14,0,0,0
STU00535,Male,20,CSE,Day Scholar,128463,63.8,7.37,0,0,49.8,0,7,1,0,5,0,0,0
STU00536,Feamle,18,CSE,Day Scholar,66578,100.0,9.46,53,0,57.7,0,8,1,0,10,0,0,0
STU00537,Feamle,21,CSE,Hosteler,160798,52.4,8.08,35,0,52.7,0,6,1,1,14,0,0,0
STU00538,Male,19,MC,Hosteler,70865,71.2,6.88,64,0,100.0,1,8,1,0,4,0,0,0
STU00539,Male,21,CSE,Day Scholar,95076,74.8,8.57,40,1,94.1,2,5,0,0,4,1,1,0
STU00540,Feamle,19,ECE,Day Scholar,139471,79.8,8.74,93,1,83.3,1,4,0,1,3,0,0,0
STU00541,Male,24,ECE,Day Scholar,28102,52.5,6.01,49,0,69.8,2,3,0,1,14,1,0,0
STU00542,Feamle,23,AIML,Day Scholar,32754,77.6,8.44,95,1,76.0,0,4,1,0,2,0,0,0
STU00543,Male,18,CSE,Day Scholar,187684,49.7,6.67,48,1,72.4,1,5,1,0,6,0,0,0
STU00544,Feamle,18,ECE,Hosteler,184435,76.5,6.84,82,1,92.5,0,5,1,0,11,0,0,0
STU00545,Male,24,AIML,Day Scholar,135702,65.2,7.21,46,0,100.0,0,3,0,0,5,2,0,0
STU00546,Feamle,19,CSE,Day Scholar,169819,62.0,6.43,9,0,58.1,1,5,0,0,11,0,0,0
STU00547,Male,20,CSE,Day Scholar,198842,87.5,6.35,43,1,71.5,1,7,1,0,8,1,0,0
STU00548,Feamle,22,ECE,Day Scholar,113371,71.5,8.48,43,1,75.4,0,7,1,1,14,0,0,0
STU00549,Feamle,21,AIML,Hosteler,186466,82.1,4.71,96,0,28.7,0,4,1,0,12,0,0,0
STU00550,Male,24,AIML,Hosteler,80484,82.6,5.41,3,0,97.6,0,9,1,0,2,0,0,0
STU00551,Male,23,ECE,Day Scholar,63084,94.0,8.01,63,2,81.6,1,2,1,0,8,0,0,0
STU00552,Feamle,24,ECE,Day Scholar,182165,56.9,6.89,19,0,87.9,0,2,0,0,5,0,0,0
STU00553,Male,21,ECE,Day Scholar,27179,88.8,8.49,53,1,68.2,0,4,0,0,3,0,0,0
STU00554,Feamle,21,CSE,Day Scholar,185350,75.2,7.54,78,0,88.0,0,1,0,0,2,2,0,0
STU00555,Male,23,ECE,Hosteler,65813,69.3,5.0,40,0,77.2,0,9,1,0,1,3,0,0
STU00556,Feamle,23,ECE,Hosteler,122816,57.8,7.09,29,0,81.4,0,2,0,0,14,0,0,0
STU00557,Feamle,18,MC,Day Scholar,122606,84.1,7.8,70,1,100.0,0,3,0,0,12,0,0,0
STU00558,Feamle,21,ECE,Hosteler,136331,61.2,7.35,40,0,87.4,0,6,0,0,3,0,0,0
STU00559,Feamle,22,ECE,Day Scholar,129264,82.8,6.3,81,0,50.1,0,2,0,0,11,0,0,0
STU00560,Feamle,22,CSE,Hosteler,89942,100.0,6.59,93,1,78.2,0,7,0,0,11,0,1,0
STU00561,Feamle,19,AIML,Day Scholar,115539,89.7,6.16,7,0,100.0,0,3,1,0,7,0,1,0
STU00562,Male,24,CSE,Day Scholar,39748,95.9,5.01,84,0,76.0,0,5,1,1,5,0,0,0
STU00563,Male,23,MC,Day Scholar,108688,64.2,4.81,70,0,95.2,0,6,1,0,8,0,0,0
STU00564,Male,18,ECE,Hosteler,95127,86.4,7.59,68,1,100.0,1,4,0,0,7,0,0,0
STU00565,Feamle,22,ECE,Day Scholar,29742,57.8,5.69,31,0,97.6,0,3,0,1,1,0,1,0
STU00566,Feamle,20,ECE,Day Scholar,23411,71.5,7.86,79,1,90.2,2,7,1,0,12,1,1,0
STU00567,Feamle,18,ECE,Day Scholar,102002,100.0,6.11,39,2,84.4,0,6,0,0,13,0,0,0
STU00568,Feamle,18,ECE,Hosteler,58464,65.9,5.03,61,0,75.5,0,4,1,0,1,0,0,0
STU00569,Male,22,ECE,Hosteler,132067,91.7,6.39,89,1,78.0,1,8,0,0,9,0,0,0
STU00570,Male,20,MC,Hosteler,49698,90.2,10.0,26,1,100.0,1,6,0,0,7,0,0,0
STU00571,Feamle,19,ECE,Hosteler,144359,91.1,6.86,38,0,93.5,0,6,1,0,6,0,0,0
STU00572,Male,22,ECE,Day Scholar,129416,56.0,7.97,91,0,77.0,0,6,0,0,5,1,0,0
STU00573,Male,20,ECE,Day Scholar,96011,82.9,7.25,32,0,74.4,0,4,1,0,12,1,0,0
STU00574,Feamle,18,MC,Hosteler,182180,72.7,4.89,65,2,81.7,1,2,0,0,9,0,0,0
STU00575,Male,20,ECE,Hosteler,104360,91.3,9.17,78,0,86.6,0,0,0,0,9,0,0,0
STU00576,Feamle,18,MC,Hosteler,91296,50.2,6.63,70,1,72.9,0,5,1,0,4,1,1,0
STU00577,Male,24,CSE,Day Scholar,103702,80.5,5.03,83,0,56.8,0,5,0,0,1,1,0,0
STU00578,Feamle,22,ECE,Day Scholar,149770,78.4,6.23,12,0,90.7,0,5,1,0,3,0,0,0
STU00579,Feamle,23,AIML,Day Scholar,67133,45.1,6.69,95,0,71.9,1,2,0,0,0,0,1,0
STU00580,Feamle,22,MC,Day Scholar,197734,61.7,8.12,28,0,67.8,1,3,0,0,0,0,0,0
STU00581,Feamle,24,CSE,Day Scholar,45180,47.5,5.98,67,0,71.3,1,3,0,0,4,0,0,0
STU00582,Male,21,MC,Hosteler,190266,64.1,10.0,82,0,66.9,0,7,0,0,10,0,1,0
STU00583,Feamle,21,MC,Hosteler,163597,83.2,5.59,9,1,94.8,0,0,0,0,7,0,1,0
STU00584,Feamle,21,CSE,Day Scholar,191746,77.9,7.92,99,3,99.0,1,5,0,0,5,0,0,0
STU00585,Feamle,22,ECE,Day Scholar,159994,77.5,4.04,75,0,94.5,0,7,0,1,2,0,1,0
STU00586,Male,19,ECE,Hosteler,136048,59.4,6.81,57,0,84.6,2,5,1,1,0,1,0,0
STU00587,Feamle,22,MC,Hosteler,185918,91.8,7.55,85,0,54.7,1,2,0,0,2,1,0,0
STU00588,Male,24,CSE,Hosteler,126097,74.7,5.32,26,0,90.3,0,3,0,0,14,0,0,0
STU00589,Feamle,24,ECE,Day Scholar,87173,75.5,9.25,98,1,100.0,0,4,1,1,12,0,0,0
STU00590,Male,23,MC,Day Scholar,33916,89.1,7.65,57,0,76.3,0,5,0,0,7,1,0,0
STU00591,Male,20,AIML,Day Scholar,181998,60.1,6.52,80,1,48.0,0,6,1,0,0,0,0,0
STU00592,Feamle,22,CSE,Hosteler,62941,78.4,7.64,69,0,94.6,0,9,1,0,7,0,0,0
STU00593,Male,22,AIML,Hosteler,80294,81.4,6.11,44,0,44.5,0,3,0,0,11,0,0,0
STU00594,Feamle,18,AIML,Hosteler,39684,66.8,8.88,49,2,61.0,0,7,0,1,11,0,0,0
STU00595,Feamle,24,MC,Day Scholar,122308,84.8,8.52,47,1,75.0,0,4,0,0,10,0,0,0
STU00596,Feamle,18,CSE,Day Scholar,168038,82.2,7.56,42,0,100.0,0,5,0,1,14,0,1,0
STU00597,Male,18,ECE,Day Scholar,94011,73.5,7.92,13,0,83.3,0,7,0,0,1,0,0,0
STU00598,Male,22,ECE,Hosteler,113009,73.0,4.78,96,1,68.1,1,6,0,0,13,0,0,0
STU00599,Feamle,19,MC,Day Scholar,55166,82.9,9.2,43,0,68.4,2,6,0,0,4,0,1,0
STU00600,Feamle,20,ECE,Day Scholar,73264,86.8,6.85,27,0,58.3,0,4,0,1,6,0,0,0
STU00601,Male,20,ECE,Day Scholar,23466,75.9,8.54,60,0,69.4,1,4,0,1,6,0,0,0
STU00602,Feamle,24,AIML,Day Scholar,41902,91.8,8.12,37,0,75.7,1,1,0,1,0,1,1,0
STU00603,Feamle,23,AIML,Day Scholar,79805,84.9,8.51,70,1,81.3,0,5,0,1,4,0,0,0
STU00604,Feamle,24,CSE,Day Scholar,156435,48.2,5.43,74,2,92.4,2,4,0,0,4,0,0,1
STU00605,Male,19,AIML,Hosteler,121470,53.9,5.62,32,0,83.9,1,4,1,0,12,0,0,0
STU00606,Male,19,ECE,Hosteler,79397,92.7,10.0,66,0,56.3,1,6,0,0,2,0,0,0
STU00607,Male,20,CSE,Hosteler,22134,71.3,4.72,21,0,39.5,2,4,0,0,1,0,1,0
STU00608,Feamle,21,CSE,Day Scholar,136924,77.5,5.35,12,0,67.4,1,7,0,0,3,0,0,0
STU00609,Feamle,18,MC,Day Scholar,85126,92.1,7.06,92,0,100.0,1,6,0,1,2,0,0,0
STU00610,Feamle,18,AIML,Hosteler,61379,74.9,7.07,5,1,73.4,0,8,0,0,9,0,0,0
STU00611,Male,20,CSE,Day Scholar,111938,75.6,6.19,63,0,83.5,0,7,0,0,1,1,0,0
STU00612,Feamle,24,ECE,Day Scholar,105609,62.0,7.92,53,0,51.9,1,7,0,0,12,0,0,0
STU00613,Feamle,19,CSE,Day Scholar,57723,80.5,8.35,42,2,68.8,0,1,1,0,0,0,0,0
STU00614,Feamle,24,CSE,Day Scholar,192238,83.8,6.97,54,0,92.6,1,6,0,0,3,0,0,0
STU00615,Feamle,23,MC,Day Scholar,109292,66.3,6.6,27,0,90.6,1,4,0,0,14,0,1,0
STU00616,Male,21,ECE,Hosteler,105310,61.2,6.97,57,1,80.4,0,5,0,0,13,0,0,0
STU00617,Male,20,ECE,Hosteler,109170,100.0,6.25,14,1,88.1,0,6,1,0,3,0,0,0
STU00618,Feamle,18,AIML,Day Scholar,27249,73.6,4.45,23,0,100.0,1,4,0,0,10,0,0,0
STU00619,Male,22,ECE,Hosteler,23796,64.7,7.45,89,1,83.4,0,3,0,1,10,1,1,0
STU00620,Male,24,CSE,Hosteler,169990,85.6,8.15,61,2,100.0,0,6,0,0,2,0,0,0
STU00621,Feamle,19,ECE,Day Scholar,38564,74.2,6.77,64,0,87.6,1,3,0,1,13,0,0,0
STU00622,Feamle,22,ECE,Day Scholar,114322,58.7,3.6,25,0,67.2,2,3,0,0,10,0,1,1
STU00623,Male,23,CSE,Day Scholar,138915,82.2,6.14,94,0,64.3,1,4,1,0,2,0,0,0
STU00624,Feamle,20,MC,Hosteler,111509,62.2,8.36,60,0,73.2,1,0,0,1,8,0,0,0
STU00625,Male,24,AIML,Day Scholar,147129,98.6,4.84,86,1,77.7,1,6,0,1,0,0,0,0
STU00626,Feamle,18,AIML,Hosteler,73173,82.4,8.04,95,0,99.5,0,6,1,0,9,0,0,0
STU00627,Male,24,MC,Hosteler,149829,70.8,6.33,0,1,100.0,1,6,0,0,9,0,0,0
STU00628,Feamle,21,CSE,Day Scholar,138493,76.6,6.97,81,1,75.5,1,5,0,0,7,0,0,0
STU00629,Male,22,AIML,Hosteler,162462,88.5,5.97,80,0,89.7,0,6,1,1,10,0,0,0
STU00630,Male,21,MC,Hosteler,76627,77.8,5.3,45,0,84.5,0,5,0,0,14,0,0,0
STU00631,Male,23,MC,Day Scholar,182022,100.0,9.15,91,2,76.6,0,5,0,0,11,0,0,0
STU00632,Feamle,18,MC,Hosteler,195765,92.0,8.22,0,1,88.0,1,6,0,0,10,0,0,0
STU00633,Male,22,AIML,Day Scholar,170672,82.3,7.97,50,0,91.8,0,7,0,0,11,0,0,0
STU00634,Male,23,AIML,Day Scholar,97478,60.9,8.36,35,1,100.0,1,5,0,0,14,1,1,0
STU00635,Feamle,21,AIML,Day Scholar,34012,72.8,7.75,68,0,100.0,0,3,0,0,6,0,0,0
STU00636,Feamle,21,AIML,Hosteler,181774,82.2,8.42,68,1,100.0,0,8,0,1,11,2,0,0
STU00637,Male,22,ECE,Day Scholar,68176,62.7,6.0,65,1,75.4,0,1,0,0,8,1,0,0
STU00638,Male,18,MC,Hosteler,30346,94.4,9.07,74,0,58.3,1,2,0,0,9,0,0,0
STU00639,Feamle,21,ECE,Day Scholar,165500,60.4,8.93,98,0,89.2,0,8,0,1,3,0,0,0
STU00640,Feamle,20,MC,Hosteler,25755,65.4,7.57,29,1,44.4,1,6,0,0,1,0,0,0
STU00641,Feamle,23,AIML,Hosteler,26283,66.6,6.57,95,0,78.1,1,4,1,1,9,0,0,0
STU00642,Feamle,22,AIML,Day Scholar,69036,86.2,5.16,7,0,89.8,0,6,1,0,10,0,0,0
STU00643,Feamle,19,ECE,Hosteler,152409,62.9,7.34,1,0,59.2,0,9,0,1,1,1,0,0
STU00644,Male,19,CSE,Hosteler,146986,48.0,9.53,99,0,86.0,1,2,0,0,7,0,0,0
STU00645,Feamle,18,AIML,Hosteler,128991,91.3,5.26,24,1,96.9,0,6,0,0,4,0,0,0
STU00646,Male,20,CSE,Day Scholar,82968,68.3,8.53,18,1,78.5,0,10,0,0,4,0,0,0
STU00647,Male,21,MC,Hosteler,171929,59.0,6.29,70,0,81.6,0,5,1,0,13,0,0,0
STU00648,Male,19,ECE,Day Scholar,125130,63.7,6.42,13,0,94.9,0,9,0,0,1,0,0,0
STU00649,Feamle,18,CSE,Hosteler,47640,100.0,5.24,3,1,100.0,0,5,0,1,12,0,1,0
STU00650,Male,23,CSE,Day Scholar,189507,65.1,5.87,45,1,84.7,0,5,0,0,6,2,0,0
STU00651,Male,20,AIML,Day Scholar,131233,73.1,7.97,32,0,93.7,0,8,0,1,9,1,0,0
STU00652,Feamle,20,CSE,Day Scholar,36214,68.3,8.16,36,0,74.2,0,8,1,0,11,2,0,0
STU00653,Male,24,CSE,Day Scholar,192604,56.5,7.35,29,0,93.9,0,6,1,0,13,0,1,1
STU00654,Male,18,MC,Hosteler,46531,63.9,6.25,83,0,94.5,1,5,0,1,8,0,0,0
STU00655,Feamle,18,ECE,Hosteler,55812,55.5,5.34,77,0,90.0,0,3,0,0,2,0,0,1
STU00656,Male,24,AIML,Hosteler,78928,89.3,7.09,26,0,100.0,0,5,0,1,10,0,0,0
STU00657,Male,21,AIML,Day Scholar,83883,76.5,6.45,12,0,74.8,0,3,0,0,6,1,0,0
STU00658,Male,18,CSE,Day Scholar,104153,100.0,7.32,70,0,80.8,0,3,0,0,10,0,0,0
STU00659,Feamle,24,MC,Day Scholar,140325,64.4,6.52,81,0,100.0,0,4,1,0,0,0,0,0
STU00660,Feamle,21,CSE,Hosteler,125771,62.1,6.56,37,1,74.2,0,4,0,0,12,0,0,0
STU00661,Feamle,21,CSE,Day Scholar,62774,98.0,7.24,51,0,96.4,0,7,0,0,5,0,0,0
STU00662,Male,22,AIML,Day Scholar,182162,90.9,7.53,72,3,100.0,0,4,0,0,9,0,0,0
STU00663,Male,20,CSE,Day Scholar,56809,80.8,8.84,86,1,96.3,1,8,0,1,12,0,0,0
STU00664,Feamle,23,CSE,Day Scholar,87425,58.3,6.49,94,0,89.1,0,5,0,0,10,0,0,0
STU00665,Male,20,MC,Hosteler,175132,100.0,7.82,65,1,77.0,0,8,0,1,7,1,0,0
STU00666,Male,20,AIML,Hosteler,30091,73.9,9.71,39,0,100.0,1,4,0,0,6,0,0,0
STU00667,Feamle,22,ECE,Day Scholar,197355,68.5,7.86,37,1,60.1,0,9,0,1,13,1,0,0
STU00668,Feamle,21,MC,Hosteler,170111,92.1,8.75,40,2,51.4,0,9,0,1,7,1,0,0
STU00669,Male,21,MC,Hosteler,63289,74.7,6.07,4,0,62.3,1,6,0,1,1,0,1,0
STU00670,Male,18,MC,Hosteler,23718,57.5,5.92,63,0,80.9,1,3,1,0,13,0,0,0
STU00671,Male,22,AIML,Hosteler,172991,75.6,6.76,55,0,57.0,1,1,1,0,2,0,0,0
STU00672,Feamle,18,CSE,Day Scholar,193088,63.3,6.92,86,0,100.0,1,4,1,1,5,0,0,0
STU00673,Feamle,22,ECE,Hosteler,95234,29.9,8.61,48,1,63.9,0,6,0,0,5,0,0,0
STU00674,Feamle,18,AIML,Day Scholar,54398,61.8,5.91,58,2,98.4,0,4,0,0,1,0,0,0
STU00675,Feamle,19,CSE,Day Scholar,41444,67.1,6.87,95,0,66.2,0,3,1,1,0,0,0,0
STU00676,Male,24,MC,Day Scholar,68051,57.7,8.61,38,0,79.9,1,5,0,0,3,0,0,0
STU00677,Feamle,20,AIML,Day Scholar,144073,83.6,7.32,79,0,81.9,0,1,0,0,0,0,0,0
STU00678,Feamle,20,CSE,Hosteler,26866,63.3,6.98,54,0,58.7,1,4,1,0,4,0,0,0
STU00679,Feamle,23,ECE,Day Scholar,143582,82.2,7.36,74,1,80.4,0,7,0,0,14,1,0,0
STU00680,Feamle,24,ECE,Day Scholar,148379,56.5,5.31,77,0,100.0,1,6,1,1,10,0,0,0
STU00681,Feamle,21,CSE,Day Scholar,197185,88.6,5.28,63,0,77.1,0,3,1,0,6,0,0,0
STU00682,Male,23,AIML,Day Scholar,61522,55.9,4.62,2,0,85.1,0,8,0,0,0,0,0,1
STU00683,Male,19,MC,Day Scholar,85143,39.9,7.31,7,1,86.8,1,5,0,0,7,0,1,0
STU00684,Feamle,23,CSE,Day Scholar,52759,93.6,8.38,78,0,87.9,1,5,1,0,11,1,1,0
STU00685,Male,20,MC,Day Scholar,42665,62.2,8.15,72,1,45.0,1,1,0,0,10,0,0,0
STU00686,Feamle,21,ECE,Hosteler,110478,100.0,8.72,15,0,95.8,0,4,0,0,11,0,0,0
STU00687,Feamle,19,CSE,Hosteler,47679,83.5,9.18,25,0,91.3,1,2,0,0,4,0,1,0
STU00688,Male,20,ECE,Day Scholar,73883,86.9,7.22,31,0,81.4,0,6,0,1,10,1,0,0
STU00689,Male,24,MC,Day Scholar,99529,90.7,6.9,81,0,100.0,1,6,0,1,0,0,0,0
STU00690,Feamle,18,MC,Hosteler,111069,76.7,9.21,7,1,100.0,0,5,0,0,3,0,0,0
STU00691,Feamle,22,CSE,Day Scholar,89131,76.9,5.95,59,1,88.3,2,6,0,1,14,2,0,0
STU00692,Feamle,19,CSE,Day Scholar,68295,94.2,5.23,95,2,70.9,0,5,0,0,9,0,1,0
STU00693,Male,21,CSE,Day Scholar,198253,76.7,6.49,73,0,75.8,0,7,0,0,3,0,1,0
STU00694,Feamle,23,ECE,Day Scholar,22256,64.1,6.32,11,1,78.2,1,4,1,0,12,1,0,0
STU00695,Feamle,24,MC,Day Scholar,32101,83.8,7.07,75,0,92.3,0,6,0,1,1,1,0,0
STU00696,Feamle,23,MC,Day Scholar,197562,43.3,5.72,58,3,79.9,2,6,0,0,3,0,1,0
STU00697,Male,19,ECE,Day Scholar,73255,94.8,7.55,58,0,85.3,0,2,0,1,2,0,0,0
STU00698,Feamle,24,CSE,Day Scholar,114944,95.1,6.15,73,0,56.5,0,6,0,0,12,0,0,0
STU00699,Feamle,21,AIML,Hosteler,128718,93.0,8.84,33,1,97.0,0,2,0,1,9,0,0,0
STU00700,Male,19,CSE,Day Scholar,188016,92.4,5.21,29,0,100.0,0,4,0,0,4,0,1,0
STU00701,Feamle,21,AIML,Hosteler,93497,73.7,6.79,43,1,72.8,0,1,1,0,5,0,0,0
STU00702,Feamle,23,AIML,Hosteler,35416,73.4,6.5,94,1,71.3,0,6,0,0,5,1,0,0
STU00703,Male,20,ECE,Day Scholar,189094,56.6,7.35,37,0,67.3,0,7,0,0,11,0,0,0
STU00704,Feamle,24,MC,Day Scholar,28429,100.0,8.39,24,1,100.0,1,5,0,1,5,3,0,0
STU00705,Male,18,MC,Day Scholar,164855,67.7,7.4,23,0,96.4,0,5,0,1,2,0,0,0
STU00706,Male,20,MC,Hosteler,80632,80.1,6.81,96,1,79.4,2,4,0,0,9,0,1,0
STU00707,Feamle,18,MC,Day Scholar,44290,78.8,8.04,60,0,68.0,1,6,0,0,8,0,0,0
STU00708,Feamle,23,ECE,Day Scholar,147162,54.9,8.26,8,0,59.6,0,2,0,0,9,0,1,0
STU00709,Feamle,24,AIML,Day Scholar,75153,48.8,7.4,88,0,96.1,0,5,0,0,2,0,0,0
STU00710,Feamle,20,MC,Hosteler,131221,75.1,7.58,83,0,74.8,2,4,1,0,14,0,0,0
STU00711,Male,20,AIML,Day Scholar,54500,68.2,7.97,47,1,89.2,0,4,0,0,7,0,0,0
STU00712,Feamle,19,ECE,Day Scholar,64021,73.7,4.53,80,3,100.0,0,7,1,0,10,0,0,0
STU00713,Male,22,CSE,Hosteler,119118,91.0,6.47,51,0,59.8,0,6,0,0,1,0,0,0
STU00714,Feamle,23,ECE,Hosteler,114821,78.4,7.56,69,0,67.4,1,5,0,0,2,0,0,0
STU00715,Feamle,21,MC,Day Scholar,125339,86.4,6.56,63,0,90.5,0,8,0,0,7,1,0,0
STU00716,Feamle,23,CSE,Day Scholar,76733,81.7,6.57,35,0,75.9,0,4,0,1,13,0,0,0
STU00717,Male,21,ECE,Day Scholar,160248,70.3,7.56,19,1,76.8,0,6,0,0,7,0,1,0
STU00718,Feamle,24,ECE,Day Scholar,110909,60.0,7.6,89,0,96.7,0,6,0,0,14,1,0,0
STU00719,Feamle,21,AIML,Hosteler,117491,79.0,7.7,49,1,95.0,1,7,1,0,12,0,0,0
STU00720,Feamle,18,ECE,Hosteler,172629,76.3,5.81,11,0,73.2,1,1,0,0,3,0,0,0
STU00721,Feamle,21,CSE,Hosteler,114274,88.7,4.87,6,0,69.2,0,5,0,0,13,0,0,0
STU00722,Male,21,ECE,Hosteler,102439,72.7,8.21,39,0,78.7,0,7,0,0,12,0,1,0
STU00723,Feamle,19,MC,Day Scholar,30738,70.5,5.89,93,0,100.0,0,6,0,0,10,0,1,0
STU00724,Male,20,AIML,Hosteler,25041,71.6,5.78,85,2,47.5,0,5,0,1,5,0,0,0
STU00725,Male,23,CSE,Day Scholar,70606,61.2,5.65,41,0,77.9,0,2,0,0,0,0,0,0
STU00726,Male,23,CSE,Day Scholar,60527,96.7,8.73,92,1,92.7,1,6,0,0,8,2,1,0
STU00727,Male,24,ECE,Day Scholar,29250,92.1,7.32,85,0,67.8,0,6,1,0,0,0,0,0
STU00728,Male,24,MC,Day Scholar,112348,56.8,7.51,87,0,52.5,0,3,1,1,14,0,0,0
STU00729,Male,21,AIML,Day Scholar,176760,87.1,8.03,66,3,58.6,0,10,0,0,4,0,0,0
STU00730,Feamle,22,CSE,Day Scholar,170862,47.3,6.94,49,1,87.0,0,4,0,0,2,0,0,0
STU00731,Male,23,AIML,Hosteler,20946,89.8,8.52,40,1,78.3,0,5,0,1,0,2,1,0
STU00732,Male,24,ECE,Hosteler,56798,64.6,5.2,23,1,42.2,0,4,0,0,8,0,0,0
STU00733,Male,21,MC,Day Scholar,93863,80.4,5.37,89,1,70.2,1,4,0,1,12,0,1,0
STU00734,Feamle,24,ECE,Hosteler,145473,46.1,5.29,68,1,100.0,0,8,0,0,4,0,1,1
STU00735,Feamle,18,AIML,Day Scholar,152208,57.0,7.63,12,0,78.8,0,5,0,0,14,1,0,0
STU00736,Male,18,ECE,Day Scholar,182987,82.0,7.76,100,1,91.6,1,5,0,0,12,1,1,0
STU00737,Feamle,24,AIML,Day Scholar,86090,64.5,6.29,85,1,78.2,1,6,0,0,3,0,0,0
STU00738,Male,18,CSE,Hosteler,174493,62.4,6.65,33,0,96.3,0,5,1,0,6,0,0,0
STU00739,Male,24,CSE,Day Scholar,50893,95.9,8.9,2,1,91.8,0,9,1,0,12,0,0,0
STU00740,Feamle,21,ECE,Hosteler,84124,100.0,5.96,95,0,80.4,1,5,0,0,0,1,0,0
STU00741,Male,19,CSE,Day Scholar,56171,89.1,7.44,87,0,62.3,0,5,0,0,8,1,0,0
STU00742,Feamle,22,AIML,Hosteler,169710,58.6,5.97,72,0,88.8,0,3,1,0,4,0,0,0
STU00743,Feamle,21,CSE,Day Scholar,136054,100.0,8.64,2,0,52.4,0,6,1,0,7,0,1,0
STU00744,Male,19,MC,Hosteler,192135,51.6,7.94,85,0,89.9,0,9,1,1,8,0,0,0
STU00745,Male,19,MC,Hosteler,44193,70.4,4.9,23,0,97.6,1,2,0,0,10,0,0,0
STU00746,Feamle,23,ECE,Day Scholar,92743,75.8,6.61,73,1,70.1,0,2,0,0,5,0,1,0
STU00747,Male,21,ECE,Hosteler,29238,100.0,3.88,34,0,56.9,0,4,0,0,13,0,0,0
STU00748,Male,21,ECE,Day Scholar,158491,88.7,8.35,19,0,99.8,0,1,0,0,11,1,0,0
STU00749,Male,24,ECE,Hosteler,40410,68.0,10.0,43,2,80.2,1,5,1,1,13,1,0,0
STU00750,Feamle,19,AIML,Hosteler,157028,60.8,3.73,75,1,76.6,1,5,0,1,8,0,0,0
STU00751,Feamle,19,AIML,Day Scholar,100161,90.0,4.86,47,0,83.7,0,2,0,0,0,0,0,0
STU00752,Male,19,MC,Hosteler,43753,67.0,7.25,42,0,70.7,0,3,0,0,10,1,0,0
STU00753,Feamle,24,AIML,Hosteler,92858,78.3,6.97,75,1,48.9,0,6,0,1,6,2,1,0
STU00754,Feamle,23,CSE,Day Scholar,88150,54.5,6.38,80,2,68.8,1,5,0,0,5,0,1,0
STU00755,Feamle,21,MC,Hosteler,176611,83.5,4.39,67,0,80.4,0,4,1,0,5,0,1,0
STU00756,Feamle,19,ECE,Hosteler,29029,82.3,7.49,71,0,80.5,0,8,0,0,12,0,0,0
STU00757,Feamle,18,ECE,Hosteler,76536,56.4,8.33,70,1,44.8,2,6,0,0,0,0,0,0
STU00758,Male,21,AIML,Day Scholar,145338,90.5,10.0,54,1,74.7,0,6,0,0,10,0,1,0
STU00759,Male,24,MC,Day Scholar,91214,83.3,8.96,81,0,100.0,1,4,0,0,5,0,0,0
STU00760,Male,23,AIML,Hosteler,67989,86.1,5.05,25,1,80.9,1,3,0,0,8,0,0,0
STU00761,Feamle,18,AIML,Day Scholar,114631,69.3,6.98,30,0,97.5,0,6,1,0,12,0,0,0
STU00762,Feamle,24,AIML,Hosteler,101107,77.7,7.89,53,0,91.6,0,3,0,0,7,1,0,0
STU00763,Male,20,MC,Day Scholar,194234,76.0,5.97,55,0,67.1,0,4,1,0,9,1,0,0
STU00764,Feamle,21,ECE,Hosteler,170790,72.8,8.17,55,0,67.7,0,2,0,0,7,0,0,0
STU00765,Male,20,CSE,Day Scholar,101402,77.6,8.06,52,0,88.0,0,5,0,0,14,2,0,0
STU00766,Male,24,ECE,Day Scholar,153270,93.8,8.86,71,0,69.1,0,2,0,0,10,0,0,0
STU00767,Male,24,MC,Day Scholar,29407,91.1,8.2,60,0,100.0,0,3,1,0,5,1,1,0
STU00768,Feamle,24,ECE,Day Scholar,156289,57.3,7.43,33,0,73.9,1,6,1,0,5,0,0,0
STU00769,Feamle,19,ECE,Hosteler,127196,89.8,6.04,45,0,96.6,1,4,0,1,1,0,0,0
STU00770,Male,23,CSE,Hosteler,95947,92.9,5.06,79,1,87.7,0,5,1,0,13,0,0,0
STU00771,Male,19,ECE,Hosteler,53138,72.7,7.33,83,0,89.6,0,5,0,1,2,0,0,0
STU00772,Male,23,ECE,Hosteler,54500,82.6,6.39,73,0,67.8,0,6,1,0,8,0,0,0
STU00773,Male,22,ECE,Hosteler,25259,82.4,6.54,49,1,100.0,1,9,0,0,0,1,1,0
STU00774,Feamle,19,AIML,Hosteler,99652,62.3,8.68,68,0,100.0,0,2,1,0,14,1,0,0
STU00775,Feamle,20,MC,Day Scholar,69953,69.3,9.05,10,1,61.3,0,6,0,1,4,0,0,0
STU00776,Male,23,MC,Hosteler,42783,86.3,5.15,85,1,98.8,0,6,0,1,12,0,0,0
STU00777,Male,19,CSE,Hosteler,61949,67.6,6.68,74,1,80.1,0,3,1,0,10,1,0,0
STU00778,Feamle,21,AIML,Hosteler,172227,89.6,6.35,17,2,63.9,0,6,0,1,12,0,0,0
STU00779,Feamle,24,AIML,Day Scholar,52389,94.6,7.47,81,2,58.8,1,7,1,0,3,0,0,0
STU00780,Male,23,ECE,Hosteler,184255,92.2,3.6,30,1,62.8,0,5,0,0,2,3,0,0
STU00781,Male,23,MC,Day Scholar,51048,100.0,4.81,83,0,65.4,3,7,0,1,3,0,0,0
STU00782,Male,19,CSE,Day Scholar,183193,73.6,6.82,61,0,56.8,0,6,1,0,10,1,1,0
STU00783,Feamle,22,AIML,Day Scholar,47541,77.7,8.18,22,3,100.0,0,3,0,0,14,0,0,0
STU00784,Feamle,19,ECE,Hosteler,56105,79.8,7.11,52,1,79.8,0,2,0,0,2,0,0,0
STU00785,Feamle,20,CSE,Hosteler,146492,74.1,8.01,61,0,88.3,0,2,0,0,5,0,1,0
STU00786,Male,20,AIML,Day Scholar,172714,83.1,7.3,73,0,57.0,2,9,0,0,2,0,0,0
STU00787,Male,23,CSE,Hosteler,126331,49.3,8.91,16,2,100.0,0,6,0,0,9,0,0,0
STU00788,Feamle,23,AIML,Hosteler,188897,78.1,9.23,40,1,69.4,0,1,0,0,1,0,0,0
STU00789,Feamle,19,CSE,Hosteler,125271,54.3,5.86,7,0,100.0,0,7,0,1,14,0,0,0
STU00790,Male,20,AIML,Day Scholar,179992,60.6,8.33,30,0,89.0,1,9,0,1,12,0,1,0
STU00791,Feamle,20,AIML,Day Scholar,191833,86.0,7.76,48,0,60.9,0,4,1,0,0,1,0,0
STU00792,Feamle,22,CSE,Day Scholar,71944,72.0,10.0,56,0,87.3,0,1,1,0,4,1,0,0
STU00793,Male,21,AIML,Day Scholar,51027,85.5,5.8,47,1,79.4,1,5,1,0,14,0,0,0
STU00794,Feamle,22,AIML,Day Scholar,143452,71.7,6.82,52,0,60.6,1,8,0,0,3,0,1,0
STU00795,Male,18,AIML,Day Scholar,123197,91.6,5.45,61,1,58.6,0,10,1,0,2,0,0,0
STU00796,Male,24,CSE,Day Scholar,172552,71.4,5.54,89,0,96.4,0,4,0,1,1,0,0,0
STU00797,Male,22,CSE,Day Scholar,188696,45.7,7.58,49,0,100.0,0,7,1,0,2,0,0,0
STU00798,Male,19,AIML,Day Scholar,89191,78.4,7.31,54,0,59.1,2,2,1,0,2,0,0,0
STU00799,Male,21,AIML,Hosteler,110404,42.5,7.81,8,0,82.2,0,3,0,1,13,0,0,0
STU00800,Male,19,CSE,Hosteler,69028,53.2,7.78,31,0,50.5,0,3,1,1,0,0,0,0
STU00801,Male,24,ECE,Day Scholar,73445,61.8,6.65,86,0,96.8,0,7,0,0,9,0,1,0
STU00802,Feamle,18,AIML,Day Scholar,101999,59.9,6.64,95,0,81.6,0,5,0,1,9,0,0,0
STU00803,Male,21,ECE,Day Scholar,65192,66.8,5.54,56,1,53.4,1,6,0,0,1,1,0,0
STU00804,Male,23,CSE,Day Scholar,89844,59.4,5.95,99,0,71.0,2,6,1,0,11,0,0,0
STU00805,Feamle,20,AIML,Day Scholar,169318,53.9,6.91,4,1,69.1,1,6,1,1,6,0,0,0
STU00806,Feamle,22,ECE,Day Scholar,184458,98.1,7.3,64,0,62.8,1,4,0,0,11,0,0,0
STU00807,Feamle,19,CSE,Day Scholar,70111,64.8,8.07,49,1,99.0,0,7,0,0,0,0,0,0
STU00808,Male,18,ECE,Hosteler,138423,41.5,7.91,94,0,63.2,1,10,0,0,3,0,0,0
STU00809,Feamle,20,MC,Day Scholar,199332,69.6,9.34,62,1,100.0,2,2,0,0,3,1,0,0
STU00810,Male,22,CSE,Day Scholar,191954,58.1,5.54,94,0,97.3,0,4,0,1,8,1,0,0
STU00811,Male,20,MC,Day Scholar,79557,61.7,6.65,57,2,73.4,0,4,0,0,0,0,1,0
STU00812,Male,22,CSE,Hosteler,163260,85.7,5.67,56,0,100.0,0,3,0,0,3,0,0,0
STU00813,Male,23,CSE,Hosteler,30669,68.3,8.92,8,0,72.7,0,7,0,0,1,0,0,0
STU00814,Feamle,21,AIML,Day Scholar,162515,57.7,6.25,96,0,52.3,0,6,0,1,6,0,0,0
STU00815,Feamle,20,MC,Day Scholar,136856,81.7,8.73,98,0,99.9,0,5,1,1,10,0,0,0
STU00816,Male,20,MC,Day Scholar,39629,92.2,9.18,25,1,62.8,2,6,1,0,5,1,0,0
STU00817,Male,20,MC,Hosteler,178026,83.1,7.62,62,0,100.0,1,1,1,0,9,0,0,0
STU00818,Male,21,CSE,Day Scholar,27235,38.2,7.44,65,0,52.3,0,6,0,0,2,0,0,0
STU00819,Feamle,18,MC,Day Scholar,95450,58.3,7.06,33,0,63.0,2,3,0,1,5,1,0,0
STU00820,Male,22,MC,Hosteler,62849,75.7,6.52,80,0,69.3,1,10,1,1,6,1,0,0
STU00821,Male,23,AIML,Day Scholar,71192,71.3,6.34,5,0,91.4,1,4,1,0,4,0,0,0
STU00822,Feamle,20,ECE,Day Scholar,133971,70.1,6.78,100,1,70.4,1,8,0,0,5,0,0,0
STU00823,Feamle,24,ECE,Day Scholar,31593,60.3,9.74,61,0,69.2,2,8,0,0,7,0,0,0
STU00824,Male,21,MC,Day Scholar,60928,53.9,5.44,94,0,93.2,0,7,0,0,10,0,0,0
STU00825,Feamle,18,MC,Day Scholar,47885,100.0,7.31,91,0,100.0,0,4,1,0,2,0,1,0
STU00826,Feamle,22,MC,Day Scholar,74801,75.4,8.07,84,0,74.1,1,4,0,0,2,0,1,0
STU00827,Male,21,MC,Hosteler,160363,84.6,6.57,74,2,60.1,0,5,1,1,0,0,0,0
STU00828,Feamle,23,ECE,Day Scholar,196050,75.1,7.62,40,1,100.0,2,8,0,0,12,2,0,0
STU00829,Male,23,AIML,Hosteler,144568,75.7,4.74,53,0,77.1,0,4,0,0,2,0,1,0
STU00830,Feamle,22,CSE,Hosteler,142171,74.1,8.99,35,0,88.4,0,4,0,0,2,1,0,0
STU00831,Male,20,MC,Hosteler,89668,58.2,8.7,90,0,70.6,0,6,1,0,11,0,0,0
STU00832,Male,23,MC,Hosteler,151916,52.3,6.85,83,0,72.3,1,8,0,0,12,0,0,0
STU00833,Male,18,ECE,Day Scholar,74929,80.8,5.68,83,0,70.6,0,4,1,1,7,0,0,0
STU00834,Feamle,21,MC,Day Scholar,51869,77.8,8.19,1,1,96.7,1,4,0,0,7,0,0,0
STU00835,Male,18,AIML,Hosteler,54411,89.1,5.28,100,0,100.0,0,3,0,0,3,0,1,0
STU00836,Feamle,20,AIML,Day Scholar,79677,86.0,5.49,26,0,69.7,0,3,0,0,11,0,0,0
STU00837,Male,18,MC,Day Scholar,185103,62.9,6.92,17,0,72.2,2,4,0,0,3,0,0,0
STU00838,Male,18,ECE,Day Scholar,55702,92.0,9.28,76,1,100.0,0,2,1,0,3,0,0,0
STU00839,Feamle,19,MC,Day Scholar,146565,86.5,7.96,81,2,100.0,0,4,0,1,14,0,0,0
STU00840,Male,18,MC,Hosteler,42523,85.4,6.03,10,1,91.4,0,6,0,0,3,0,1,0
STU00841,Male,22,ECE,Day Scholar,125478,100.0,4.48,77,0,87.0,0,8,0,1,6,0,0,0
STU00842,Feamle,21,AIML,Day Scholar,24776,100.0,7.06,43,0,100.0,2,9,0,0,7,2,0,0
STU00843,Male,19,CSE,Day Scholar,81001,85.3,7.38,3,0,85.0,1,6,0,1,13,0,0,0
STU00844,Male,21,MC,Day Scholar,169796,83.5,6.89,76,0,85.0,0,4,1,0,1,2,0,0
STU00845,Male,21,AIML,Day Scholar,165172,91.2,9.71,82,1,70.7,0,3,0,0,1,1,0,0
STU00846,Male,20,MC,Day Scholar,62467,66.2,6.8,42,0,94.0,0,5,0,0,6,1,0,0
STU00847,Feamle,20,CSE,Day Scholar,80722,66.5,3.58,38,0,67.6,0,2,1,0,4,1,0,0
STU00848,Feamle,19,ECE,Day Scholar,119420,85.1,6.39,58,0,71.6,2,6,0,0,12,0,0,0
STU00849,Male,23,AIML,Hosteler,131884,62.2,7.68,24,0,74.6,0,3,0,0,3,2,1,0
STU00850,Feamle,24,CSE,Hosteler,99468,83.9,7.58,78,1,91.6,0,5,0,0,10,1,0,0
STU00851,Male,20,MC,Hosteler,172790,77.4,6.73,83,1,74.2,0,9,0,0,1,0,0,0
STU00852,Feamle,24,CSE,Day Scholar,197086,62.2,6.49,80,0,97.9,0,2,0,0,8,0,1,0
STU00853,Male,20,AIML,Day Scholar,136849,75.4,4.0,54,1,60.8,0,4,0,0,7,0,0,0
STU00854,Male,20,ECE,Hosteler,170712,94.6,7.13,64,0,73.3,0,4,1,1,5,0,0,0
STU00855,Male,21,MC,Day Scholar,80312,76.2,6.49,92,1,82.4,2,4,0,0,1,0,1,0
STU00856,Male,19,ECE,Day Scholar,127644,76.3,7.37,82,0,83.8,1,1,0,1,5,0,1,0
STU00857,Male,21,ECE,Day Scholar,39560,79.9,7.74,93,1,94.9,1,1,0,0,9,0,0,0
STU00858,Male,22,CSE,Hosteler,157452,81.9,8.86,24,1,62.1,0,3,0,0,4,0,0,0
STU00859,Feamle,21,CSE,Day Scholar,67756,70.0,5.57,91,1,81.2,0,6,1,0,13,1,0,0
STU00860,Male,24,AIML,Day Scholar,114365,80.3,5.06,36,0,60.8,0,6,1,0,10,0,0,0
STU00861,Feamle,24,AIML,Day Scholar,49579,59.3,6.14,74,1,92.9,1,5,1,0,9,0,0,0
STU00862,Male,22,ECE,Day Scholar,115736,63.0,5.9,79,1,71.0,0,5,1,0,0,0,0,0
STU00863,Feamle,18,AIML,Day Scholar,149984,64.9,5.76,81,0,96.5,0,4,0,0,5,0,0,0
STU00864,Feamle,18,ECE,Hosteler,105265,82.0,9.17,53,0,80.4,1,2,0,0,14,0,0,0
STU00865,Feamle,22,MC,Day Scholar,179609,77.4,7.22,72,1,82.5,2,4,0,0,10,0,0,0
STU00866,Male,22,ECE,Hosteler,137621,73.0,9.96,27,0,100.0,0,8,0,0,3,0,1,0
STU00867,Male,21,AIML,Hosteler,109661,85.4,7.0,90,1,100.0,0,6,0,0,6,0,1,0
STU00868,Feamle,22,AIML,Hosteler,156727,80.7,5.24,51,1,93.8,2,6,0,0,11,0,0,0
STU00869,Male,19,ECE,Hosteler,99721,70.7,5.79,63,0,80.3,0,3,0,0,9,2,0,0
STU00870,Feamle,18,CSE,Hosteler,168283,59.5,8.54,37,0,73.1,0,4,0,0,1,1,0,0
STU00871,Male,18,ECE,Day Scholar,173352,62.7,5.3,43,0,70.6,1,2,1,0,12,0,0,0
STU00872,Feamle,23,ECE,Day Scholar,53971,53.0,7.84,86,1,100.0,1,7,0,0,4,0,0,0
STU00873,Feamle,22,CSE,Day Scholar,146183,77.1,6.46,61,1,68.1,0,8,0,0,14,0,1,0
STU00874,Male,20,MC,Day Scholar,124923,62.1,5.61,85,1,91.5,1,8,0,1,6,0,0,0
STU00875,Feamle,20,CSE,Hosteler,26798,67.6,9.08,67,1,69.0,1,4,0,0,6,0,0,0
STU00876,Male,22,AIML,Hosteler,37228,73.1,6.12,95,0,63.0,0,4,1,0,1,1,0,0
STU00877,Feamle,19,CSE,Day Scholar,186811,90.7,5.76,87,1,72.2,0,6,1,0,12,0,1,0
STU00878,Feamle,20,AIML,Day Scholar,199792,88.9,6.88,37,1,94.6,1,5,0,0,1,0,0,0
STU00879,Male,23,AIML,Day Scholar,114845,74.2,6.24,49,1,100.0,1,1,0,0,10,0,0,0
STU00880,Male,24,ECE,Day Scholar,60503,94.0,10.0,60,0,85.0,0,3,0,1,9,1,1,0
STU00881,Male,22,ECE,Day Scholar,34548,44.8,8.59,27,0,78.0,2,6,0,1,10,0,0,0
STU00882,Feamle,19,MC,Day Scholar,128125,100.0,6.11,69,1,91.9,0,3,0,1,7,0,0,0
STU00883,Male,19,AIML,Day Scholar,150942,85.4,6.29,96,0,77.2,0,4,0,1,1,0,0,0
STU00884,Feamle,21,ECE,Hosteler,188925,76.5,3.97,30,1,73.0,0,4,1,1,5,1,0,0
STU00885,Feamle,19,AIML,Day Scholar,94531,61.6,7.21,56,1,62.7,0,7,0,1,7,0,0,0
STU00886,Male,20,MC,Day Scholar,44703,68.4,5.88,9,0,100.0,0,6,1,0,12,0,1,0
STU00887,Male,24,AIML,Day Scholar,176599,84.1,7.13,11,0,70.1,1,9,1,1,1,0,0,0
STU00888,Feamle,20,MC,Hosteler,116966,84.5,4.05,6,1,61.5,1,2,1,0,1,1,0,0
STU00889,Feamle,22,MC,Day Scholar,85555,85.0,6.96,87,1,76.4,1,5,0,0,8,2,0,0
STU00890,Male,24,MC,Hosteler,70933,64.1,9.55,27,3,98.3,0,8,0,0,13,0,0,0
STU00891,Male,22,ECE,Day Scholar,80475,61.1,7.08,74,0,95.2,0,3,0,0,2,0,0,0
STU00892,Male,19,CSE,Hosteler,196802,77.9,5.84,95,0,76.9,1,5,1,0,12,0,0,0
STU00893,Male,23,CSE,Hosteler,43241,86.5,6.97,19,2,71.7,0,9,0,0,4,0,0,0
STU00894,Male,18,ECE,Day Scholar,139522,75.0,6.9,91,0,100.0,1,10,1,0,10,0,0,0
STU00895,Feamle,24,AIML,Hosteler,92832,97.2,10.0,64,0,65.5,0,5,0,0,13,0,1,0
STU00896,Feamle,21,ECE,Hosteler,192588,75.5,6.5,26,1,81.0,0,4,1,0,3,0,0,0
STU00897,Feamle,18,AIML,Hosteler,38628,75.0,5.2,15,1,67.8,0,5,0,1,4,0,1,0
STU00898,Feamle,19,MC,Hosteler,39367,85.1,7.03,35,0,98.1,0,6,1,0,0,0,0,0
STU00899,Male,19,ECE,Day Scholar,31755,93.3,7.29,69,1,98.6,0,4,0,0,10,0,1,0
STU00900,Male,18,CSE,Day Scholar,164097,54.8,7.84,9,1,60.2,0,4,0,0,0,0,0,0
STU00901,Male,21,AIML,Day Scholar,155959,58.2,8.13,43,0,85.1,0,12,0,0,2,0,0,0
STU00902,Feamle,24,ECE,Day Scholar,80675,70.3,9.93,18,2,33.8,0,5,1,0,12,0,0,0
STU00903,Feamle,24,ECE,Day Scholar,69348,100.0,6.11,73,1,83.2,0,6,0,0,12,0,0,0
STU00904,Male,18,AIML,Day Scholar,90762,71.1,5.97,89,1,25.7,1,6,0,0,2,0,0,0
STU00905,Male,22,MC,Day Scholar,121132,73.2,4.22,97,0,87.4,1,2,0,1,10,0,0,0
STU00906,Feamle,20,MC,Day Scholar,131335,84.3,7.99,64,0,74.7,1,7,0,0,4,0,0,0
STU00907,Feamle,23,MC,Day Scholar,172735,89.7,5.67,73,1,52.6,0,3,0,0,6,0,0,0
STU00908,Male,22,MC,Day Scholar,104389,77.5,8.34,61,0,91.4,2,3,0,0,9,0,0,0
STU00909,Male,24,AIML,Hosteler,38014,92.5,6.26,32,0,81.5,1,5,1,1,12,0,0,0
STU00910,Feamle,20,CSE,Hosteler,34239,57.1,9.59,89,0,62.2,0,0,0,0,12,0,0,0
STU00911,Male,23,ECE,Day Scholar,187118,63.5,4.85,97,2,95.1,1,7,0,0,0,0,0,0
STU00912,Male,23,ECE,Day Scholar,38422,92.4,8.53,36,1,78.9,1,2,0,1,7,0,0,0
STU00913,Male,23,MC,Hosteler,172888,75.2,8.36,12,1,88.5,0,7,0,0,13,0,0,0
STU00914,Feamle,19,AIML,Hosteler,47055,56.1,7.79,93,1,74.0,1,2,0,0,11,0,1,1
STU00915,Feamle,23,CSE,Day Scholar,26470,55.2,5.32,87,0,77.2,2,5,0,0,13,1,1,1
STU00916,Feamle,21,CSE,Day Scholar,108997,62.8,7.8,97,0,100.0,0,5,0,0,14,0,0,0
STU00917,Feamle,18,ECE,Hosteler,196606,75.0,7.19,36,1,68.9,2,2,1,0,8,0,0,0
STU00918,Feamle,24,MC,Hosteler,41603,82.0,4.25,18,0,86.0,1,5,1,0,7,0,0,0
STU00919,Feamle,21,ECE,Day Scholar,133450,70.1,9.34,65,0,86.2,1,5,0,0,12,1,0,0
STU00920,Feamle,18,ECE,Day Scholar,41996,80.8,6.48,29,0,57.1,0,5,1,0,1,2,0,0
STU00921,Male,22,CSE,Hosteler,59978,68.4,9.22,85,1,86.4,1,7,0,0,4,0,0,0
STU00922,Male,22,AIML,Day Scholar,118878,93.4,6.9,31,0,48.3,0,11,1,0,3,0,0,0
STU00923,Male,18,CSE,Day Scholar,193050,100.0,8.47,32,0,100.0,1,3,1,0,0,0,1,0
STU00924,Male,21,ECE,Day Scholar,60564,69.1,5.71,39,0,100.0,0,8,0,1,2,1,0,0
STU00925,Male,18,MC,Day Scholar,181071,82.2,7.32,14,0,40.9,0,6,0,0,12,1,0,0
STU00926,Male,23,MC,Day Scholar,51748,81.0,7.22,69,0,100.0,1,10,0,0,3,0,0,0
STU00927,Male,19,AIML,Hosteler,81402,77.1,6.51,99,2,81.9,0,3,0,0,13,0,0,0
STU00928,Feamle,24,AIML,Hosteler,183403,84.8,5.7,79,1,50.6,0,4,1,0,14,2,0,0
STU00929,Feamle,22,AIML,Hosteler,149826,82.2,2.4,84,0,44.3,1,3,0,0,8,0,0,0
STU00930,Male,24,ECE,Hosteler,64380,67.9,5.73,97,1,79.2,0,5,0,1,4,0,0,0
STU00931,Male,19,ECE,Hosteler,119760,94.7,8.05,37,1,100.0,1,4,1,1,4,1,0,0
STU00932,Feamle,23,AIML,Hosteler,119899,78.0,4.91,98,0,100.0,3,6,0,0,0,0,0,0
STU00933,Male,23,MC,Day Scholar,110228,69.2,5.22,96,0,85.8,0,2,0,0,9,0,0,0
STU00934,Male,22,MC,Day Scholar,27986,100.0,4.85,7,1,60.0,0,11,0,0,11,0,0,0
STU00935,Feamle,22,MC,Day Scholar,143262,73.3,7.31,75,2,100.0,1,3,1,0,7,1,1,0
STU00936,Male,23,ECE,Day Scholar,98682,78.8,5.66,38,2,61.4,0,3,0,0,13,0,0,0
STU00937,Feamle,20,CSE,Hosteler,136817,77.6,8.83,59,0,73.3,2,12,1,0,9,0,1,0
STU00938,Male,24,MC,Hosteler,62810,73.1,8.1,59,1,93.6,0,3,0,1,9,0,1,0
STU00939,Feamle,19,MC,Hosteler,38501,81.7,7.3,55,0,100.0,1,5,0,0,9,0,0,0
STU00940,Feamle,24,MC,Day Scholar,171938,62.3,7.46,17,2,57.2,0,3,1,1,9,0,0,0
STU00941,Feamle,19,AIML,Hosteler,169462,83.9,5.86,47,0,79.6,1,8,0,1,10,0,1,0
STU00942,Male,20,ECE,Day Scholar,61256,48.6,5.86,20,2,93.1,0,6,0,1,11,0,0,0
STU00943,Feamle,21,AIML,Day Scholar,59528,55.5,8.07,55,0,31.8,2,3,0,0,6,0,1,0
STU00944,Male,19,AIML,Hosteler,47712,100.0,8.37,90,1,42.9,1,6,1,0,9,0,0,0
STU00945,Male,24,CSE,Hosteler,25694,56.2,8.05,11,0,47.2,0,3,0,0,10,0,0,0
STU00946,Male,18,AIML,Day Scholar,149201,45.6,6.29,5,1,85.3,1,10,1,0,13,2,0,0
STU00947,Male,23,CSE,Day Scholar,104999,56.5,6.41,30,1,92.0,0,5,0,0,7,1,0,0
STU00948,Feamle,23,AIML,Day Scholar,172734,100.0,5.6,97,0,100.0,0,5,0,0,7,0,1,0
STU00949,Feamle,20,MC,Hosteler,20010,48.1,8.15,70,0,86.6,0,2,0,1,3,0,0,0
STU00950,Male,19,ECE,Day Scholar,188720,60.7,4.06,60,0,100.0,0,5,1,0,12,0,0,0
STU00951,Male,21,AIML,Hosteler,135098,53.1,3.69,94,0,92.7,0,2,0,0,9,0,0,1
STU00952,Feamle,19,CSE,Day Scholar,178587,70.9,3.99,67,0,100.0,2,4,1,0,7,0,0,0
STU00953,Male,23,ECE,Day Scholar,198330,68.5,3.79,56,1,99.1,0,6,0,0,14,0,0,0
STU00954,Feamle,22,CSE,Day Scholar,131821,67.8,9.04,60,0,85.5,2,6,0,0,5,0,0,0
STU00955,Male,18,MC,Day Scholar,179098,100.0,8.18,16,1,100.0,1,8,0,0,13,1,0,0
STU00956,Male,20,AIML,Day Scholar,36982,57.0,5.2,28,0,93.4,0,3,0,0,0,0,0,1
STU00957,Feamle,22,ECE,Hosteler,168279,73.5,6.84,66,0,68.3,0,5,1,0,11,0,1,0
STU00958,Male,24,MC,Hosteler,128893,80.1,9.2,58,1,84.0,0,4,0,0,0,0,0,0
STU00959,Feamle,21,AIML,Hosteler,189057,60.3,7.75,87,0,73.5,0,6,0,1,14,0,0,0
STU00960,Male,22,AIML,Day Scholar,59854,82.3,10.0,2,1,64.5,0,9,0,0,11,0,0,0
STU00961,Male,24,CSE,Day Scholar,92207,69.0,6.83,26,2,66.3,0,3,0,1,11,0,0,0
STU00962,Male,22,CSE,Hosteler,43084,80.6,6.02,0,0,92.6,0,2,0,0,0,0,0,0
STU00963,Feamle,21,MC,Day Scholar,130234,73.4,5.38,78,0,52.4,1,3,0,0,14,0,0,0
STU00964,Male,22,CSE,Hosteler,55260,44.2,7.04,77,1,85.5,0,7,0,1,11,0,0,0
STU00965,Male,20,MC,Hosteler,62905,94.6,8.4,3,1,69.7,0,3,0,0,13,0,0,0
STU00966,Male,23,MC,Hosteler,36614,100.0,7.15,3,0,59.9,0,5,0,0,4,0,0,0
STU00967,Male,19,MC,Day Scholar,72892,72.3,6.46,88,0,78.2,1,2,0,0,9,0,0,0
STU00968,Feamle,22,CSE,Day Scholar,161936,61.5,8.88,74,1,82.9,0,4,0,0,3,2,0,0
STU00969,Feamle,20,ECE,Day Scholar,199186,97.6,7.79,32,1,100.0,1,2,0,0,10,0,0,0
STU00970,Male,19,MC,Day Scholar,35224,100.0,6.83,10,0,59.4,0,2,1,0,11,0,0,0
STU00971,Feamle,24,ECE,Hosteler,67462,72.5,5.85,75,0,86.1,0,5,0,1,2,1,0,0
STU00972,Male,19,AIML,Day Scholar,129950,71.7,6.62,78,1,89.3,0,6,0,0,14,0,0,0
STU00973,Male,24,CSE,Hosteler,130079,73.8,7.71,56,1,78.1,0,4,1,1,3,0,1,0
STU00974,Male,22,CSE,Day Scholar,20043,49.9,5.83,25,0,100.0,0,7,0,0,11,0,0,0
STU00975,Feamle,20,ECE,Day Scholar,191372,70.6,5.15,87,1,85.1,0,4,0,0,4,2,0,0
STU00976,Feamle,23,AIML,Day Scholar,175548,100.0,6.28,25,1,97.6,0,3,1,0,1,1,0,0
STU00977,Feamle,22,AIML,Day Scholar,47500,72.5,6.93,53,0,67.4,0,4,0,0,4,2,0,0
STU00978,Feamle,24,MC,Day Scholar,76430,59.4,9.04,26,3,55.2,0,7,0,0,12,0,0,0
STU00979,Feamle,21,CSE,Hosteler,145150,82.5,5.26,99,0,76.2,0,7,0,1,1,0,0,0
STU00980,Feamle,19,AIML,Day Scholar,39841,65.0,7.34,90,0,75.9,0,4,1,0,13,1,1,0
STU00981,Feamle,22,AIML,Hosteler,80293,74.0,6.58,53,0,72.9,0,7,0,0,9,0,1,0
STU00982,Feamle,24,MC,Hosteler,58152,56.0,6.66,1,1,85.6,0,8,0,0,5,0,1,0
STU00983,Feamle,19,MC,Day Scholar,145198,59.5,9.31,86,0,70.8,0,1,0,0,4,0,0,0
STU00984,Male,24,ECE,Day Scholar,116467,86.1,7.12,8,2,71.3,1,7,0,0,1,1,0,0
STU00985,Feamle,20,CSE,Hosteler,156687,76.7,5.63,71,0,100.0,1,2,1,0,8,0,1,0
STU00986,Feamle,18,AIML,Day Scholar,107426,63.4,8.33,63,0,60.7,1,3,1,0,8,0,0,0
STU00987,Feamle,22,ECE,Day Scholar,46870,76.8,8.22,64,2,100.0,0,3,0,0,1,0,1,0
STU00988,Feamle,23,CSE,Day Scholar,65876,65.9,5.5,20,0,97.1,0,8,1,0,14,0,0,0
STU00989,Feamle,22,ECE,Day Scholar,142205,63.2,5.21,25,0,100.0,0,3,1,0,13,0,0,0
STU00990,Feamle,19,CSE,Day Scholar,195399,92.5,7.62,14,0,100.0,0,6,1,0,2,0,0,0
STU00991,Feamle,20,CSE,Hosteler,63302,86.7,6.95,42,0,77.7,0,2,0,1,7,2,0,0
STU00992,Feamle,24,AIML,Day Scholar,180908,74.7,6.29,88,1,66.4,0,8,0,0,0,0,1,0
STU00993,Feamle,21,CSE,Day Scholar,29831,77.2,8.58,38,1,73.8,0,5,0,0,5,0,0,0
STU00994,Feamle,23,MC,Day Scholar,53384,74.9,6.11,15,1,79.9,1,5,0,0,8,0,0,0
STU00995,Feamle,20,AIML,Day Scholar,118543,82.3,7.63,34,0,56.6,0,7,0,0,13,0,1,0
STU00996,Male,22,MC,Hosteler,59222,63.0,8.76,22,0,88.2,2,6,1,0,1,2,1,0
STU00997,Male,21,ECE,Hosteler,114605,87.9,6.49,11,0,71.7,0,4,0,0,5,0,0,0
STU00998,Feamle,20,ECE,Hosteler,193888,80.3,4.26,55,1,83.6,2,6,0,0,14,0,1,0
STU00999,Feamle,18,CSE,Day Scholar,61882,71.1,6.4,51,0,76.2,0,7,1,0,9,1,0,0
STU01000,Male,23,CSE,Hosteler,71056,67.7,7.28,18,0,98.5,1,4,1,0,11,0,0,0
STU01001,Feamle,19,MC,Hosteler,140853,87.6,8.5,97,0,90.7,1,2,0,0,0,0,0,0
STU01002,Male,20,MC,Day Scholar,168268,72.7,6.22,61,0,67.7,1,7,0,0,8,0,0,0
STU01003,Male,20,MC,Day Scholar,24999,64.5,9.58,7,1,81.7,1,3,0,0,8,1,1,0
STU01004,Male,18,ECE,Day Scholar,175098,69.2,5.05,86,0,36.6,0,10,0,0,1,0,0,0
STU01005,Male,22,MC,Day Scholar,21730,86.5,7.25,10,1,71.1,0,3,0,0,10,2,0,0
STU01006,Male,24,AIML,Hosteler,78175,50.8,6.64,42,2,85.4,0,4,0,0,3,2,0,0
STU01007,Feamle,24,AIML,Hosteler,88960,69.7,9.02,97,1,60.8,0,2,1,0,12,2,0,0
STU01008,Male,23,ECE,Day Scholar,58830,91.1,4.79,68,1,95.3,1,4,1,0,8,0,0,0
STU01009,Feamle,23,MC,Day Scholar,116762,72.5,7.64,36,0,54.1,0,3,0,0,4,0,0,0
STU01010,Feamle,19,MC,Day Scholar,48008,79.1,6.63,24,0,86.1,1,4,0,0,10,0,0,0
STU01011,Male,20,CSE,Hosteler,132171,91.3,9.29,87,0,76.9,0,3,0,1,12,0,0,0
STU01012,Male,21,AIML,Hosteler,88904,88.4,5.76,23,0,100.0,1,7,0,0,9,0,0,0
STU01013,Feamle,20,ECE,Day Scholar,87763,68.4,7.62,33,2,68.9,0,6,0,1,12,0,0,0
STU01014,Male,24,MC,Day Scholar,142327,73.0,5.74,81,1,76.4,0,4,1,0,1,0,0,0
STU01015,Male,19,CSE,Day Scholar,199594,88.6,7.28,11,1,100.0,2,7,0,1,12,0,0,0
STU01016,Feamle,20,ECE,Day Scholar,181394,89.1,6.45,41,3,100.0,1,3,0,1,9,0,0,0
STU01017,Feamle,18,ECE,Day Scholar,128756,73.7,6.42,78,0,41.9,0,2,0,0,0,0,0,0
STU01018,Male,24,AIML,Day Scholar,163889,74.2,4.02,11,0,50.5,1,6,0,0,0,0,0,0
STU01019,Feamle,20,MC,Day Scholar,197546,79.0,7.62,28,1,100.0,2,5,0,0,7,0,0,0
STU01020,Male,20,ECE,Day Scholar,198202,95.5,5.38,92,1,100.0,1,7,0,0,1,0,0,0
STU01021,Male,24,CSE,Day Scholar,164298,91.0,5.32,19,0,96.2,1,4,0,0,14,0,0,0
STU01022,Male,21,CSE,Day Scholar,130016,85.4,4.67,78,0,77.9,0,6,0,1,7,0,0,0
STU01023,Feamle,24,ECE,Day Scholar,51157,58.8,5.42,2,1,79.5,1,4,0,0,4,0,0,1
STU01024,Feamle,18,CSE,Hosteler,106300,70.9,7.75,79,1,50.7,0,3,0,0,8,0,0,0
STU01025,Feamle,18,ECE,Day Scholar,143528,71.7,7.68,60,0,71.3,0,2,0,1,10,0,0,0
STU01026,Feamle,20,CSE,Day Scholar,20188,96.3,8.0,82,1,97.9,1,2,0,1,4,0,1,0
STU01027,Feamle,23,ECE,Hosteler,29414,71.4,5.46,70,0,77.7,2,4,0,0,9,0,0,0
STU01028,Male,21,ECE,Day Scholar,157818,93.8,7.32,99,2,98.5,1,7,0,0,10,0,0,0
STU01029,Male,20,ECE,Hosteler,165403,66.4,6.08,21,1,100.0,1,5,0,0,7,0,0,0
STU01030,Male,24,CSE,Day Scholar,96790,67.6,8.43,78,1,99.2,0,8,1,1,1,0,1,0
STU01031,Male,20,ECE,Day Scholar,95753,82.2,7.64,72,3,89.0,2,5,1,0,9,0,0,0
STU01032,Feamle,19,AIML,Hosteler,101119,98.5,6.02,16,0,74.6,0,6,0,1,6,0,0,0
STU01033,Male,19,ECE,Day Scholar,188452,71.8,8.56,96,0,84.7,0,9,0,1,13,1,0,0
STU01034,Feamle,23,MC,Day Scholar,136576,36.6,7.76,1,0,60.2,1,2,0,0,11,0,0,0
STU01035,Male,21,MC,Day Scholar,185390,51.5,4.92,6,0,47.5,0,3,0,0,11,0,0,1
STU01036,Feamle,22,AIML,Day Scholar,35800,79.5,4.49,94,0,84.0,0,9,0,0,4,0,1,0
STU01037,Feamle,19,ECE,Day Scholar,115748,52.9,4.98,13,0,68.1,1,2,0,0,12,0,0,1
STU01038,Male,22,MC,Day Scholar,141747,62.0,9.47,100,0,66.3,0,10,0,0,14,2,1,0
STU01039,Male,18,ECE,Day Scholar,132869,75.2,5.48,3,0,76.7,0,4,1,1,0,0,0,0
STU01040,Male,19,MC,Hosteler,47492,38.3,9.81,44,0,97.6,0,0,0,0,11,2,0,1
STU01041,Male,19,CSE,Day Scholar,25233,69.3,5.4,62,0,100.0,0,10,0,0,0,0,0,0
STU01042,Feamle,21,CSE,Hosteler,173091,57.5,5.24,9,2,61.3,1,2,0,0,6,2,1,1
STU01043,Male,23,AIML,Day Scholar,31447,52.5,8.32,44,1,100.0,0,6,0,0,4,0,0,0
STU01044,Male,22,AIML,Day Scholar,30998,63.0,8.39,85,1,88.1,0,3,0,0,10,2,0,0
STU01045,Feamle,24,ECE,Hosteler,52801,59.0,7.83,87,0,91.0,1,2,0,0,2,0,0,0
STU01046,Male,19,AIML,Day Scholar,175943,82.0,8.01,43,1,60.4,0,1,1,0,12,0,0,0
STU01047,Male,19,ECE,Hosteler,47076,92.9,5.8,54,0,79.0,0,8,0,0,1,0,1,0
STU01048,Male,21,CSE,Day Scholar,130275,69.5,8.25,17,0,78.0,1,3,0,0,3,1,1,0
STU01049,Male,21,CSE,Day Scholar,113688,66.1,7.36,10,1,44.9,0,4,0,0,11,2,0,0
STU01050,Male,23,MC,Day Scholar,152501,68.8,6.45,53,0,79.2,2,6,0,0,1,1,0,0
STU01051,Feamle,22,ECE,Day Scholar,30381,58.4,7.14,0,0,96.0,0,4,1,0,9,0,0,0
STU01052,Male,18,CSE,Day Scholar,21987,55.7,8.59,52,1,69.4,1,4,1,0,8,1,0,0
STU01053,Male,24,CSE,Day Scholar,108191,50.3,7.59,95,1,64.9,1,3,1,0,9,0,0,0
STU01054,Male,23,ECE,Day Scholar,39266,55.1,3.76,79,0,100.0,0,9,0,0,11,0,0,1
STU01055,Male,18,MC,Hosteler,79053,99.5,8.34,77,0,83.9,1,6,0,0,0,0,0,0
STU01056,Male,20,MC,Day Scholar,129273,64.6,8.22,32,0,78.7,0,4,0,1,9,0,0,0
STU01057,Feamle,19,MC,Day Scholar,97425,30.9,6.43,6,1,83.3,0,3,0,0,4,0,1,0
STU01058,Male,22,MC,Day Scholar,134550,66.2,7.18,82,0,91.4,1,5,1,1,7,0,1,0
STU01059,Feamle,23,CSE,Hosteler,199549,51.1,7.17,24,0,97.4,0,1,1,0,6,0,0,0
STU01060,Feamle,19,ECE,Hosteler,21547,75.9,4.03,68,0,100.0,1,6,1,0,2,0,0,0
STU01061,Male,22,ECE,Day Scholar,75859,74.3,6.4,48,1,88.6,1,7,0,0,1,1,0,0
STU01062,Male,22,CSE,Hosteler,74457,75.8,6.46,73,0,100.0,0,5,0,0,9,3,0,0
STU01063,Male,22,CSE,Day Scholar,146184,74.4,6.76,3,2,43.6,0,5,0,0,9,2,0,0
STU01064,Male,19,CSE,Day Scholar,99086,69.4,6.21,23,1,100.0,1,3,1,0,14,2,0,0
STU01065,Feamle,23,AIML,Day Scholar,25174,53.2,7.99,45,0,75.9,0,8,0,0,14,0,1,1
STU01066,Male,24,ECE,Hosteler,171259,73.9,5.79,69,1,56.9,0,6,1,0,8,1,1,0
STU01067,Male,21,ECE,Day Scholar,81031,90.3,8.37,11,0,100.0,1,6,1,1,2,1,0,0
STU01068,Male,19,ECE,Day Scholar,23938,100.0,7.92,61,1,81.0,0,5,0,1,9,0,0,0
STU01069,Male,22,MC,Day Scholar,80833,71.4,9.04,83,1,98.8,0,5,1,0,1,0,0,0
STU01070,Male,23,CSE,Day Scholar,152543,73.1,9.6,89,0,75.2,1,4,0,0,9,1,0,0
STU01071,Male,24,CSE,Hosteler,77155,82.5,9.61,75,0,87.3,0,6,1,1,9,0,0,0
STU01072,Feamle,20,CSE,Day Scholar,167793,97.4,5.22,61,0,77.0,0,9,1,0,11,0,0,0
STU01073,Feamle,18,AIML,Day Scholar,158516,67.7,7.52,96,0,80.6,1,6,0,0,11,1,1,0
STU01074,Male,22,ECE,Hosteler,113193,85.4,5.92,61,1,68.7,0,9,0,0,13,1,0,0
STU01075,Male,20,CSE,Hosteler,87928,62.7,10.0,75,0,56.4,0,3,1,1,2,0,1,0
STU01076,Male,21,AIML,Hosteler,35729,79.9,7.92,57,0,59.6,0,4,0,1,13,0,1,0
STU01077,Feamle,24,CSE,Hosteler,184816,89.6,9.12,37,1,84.7,0,3,0,0,7,1,1,0
STU01078,Male,24,MC,Hosteler,128741,55.6,7.65,67,4,69.1,1,4,0,0,9,0,0,0
STU01079,Feamle,22,ECE,Day Scholar,115245,67.1,3.05,16,0,91.0,1,4,0,0,7,1,1,0
STU01080,Male,24,AIML,Day Scholar,187908,89.3,5.82,9,0,77.4,0,3,0,0,8,0,0,0
STU01081,Male,20,CSE,Day Scholar,95431,84.2,5.97,82,1,70.6,0,2,1,0,3,2,0,0
STU01082,Male,22,ECE,Day Scholar,37255,90.5,6.41,42,0,100.0,0,3,0,0,13,0,0,0
STU01083,Male,19,AIML,Day Scholar,88945,87.7,7.54,32,0,67.8,2,4,0,0,0,2,0,0
STU01084,Feamle,23,ECE,Day Scholar,32744,69.9,7.75,36,1,83.6,1,5,1,1,11,1,0,0
STU01085,Feamle,20,ECE,Day Scholar,100621,100.0,3.06,27,0,100.0,0,5,0,0,3,0,0,0
STU01086,Male,23,MC,Day Scholar,195539,77.1,6.64,45,1,98.7,0,4,1,0,4,2,0,0
STU01087,Male,19,ECE,Day Scholar,40845,29.2,6.27,1,1,86.3,0,3,0,0,7,0,0,0
STU01088,Feamle,19,AIML,Day Scholar,186461,70.8,9.07,45,0,66.3,0,2,0,0,8,0,0,0
STU01089,Feamle,23,ECE,Hosteler,22529,68.0,7.89,37,1,39.3,0,3,0,0,0,1,0,0
STU01090,Feamle,20,AIML,Day Scholar,63117,86.9,6.73,37,1,28.1,0,4,0,0,11,0,0,0
STU01091,Feamle,23,ECE,Day Scholar,76314,68.2,7.34,20,0,72.3,0,6,0,0,2,0,0,0
STU01092,Male,23,CSE,Day Scholar,133045,91.5,4.47,22,0,100.0,1,7,1,0,3,0,0,0
STU01093,Feamle,18,MC,Hosteler,178004,83.4,7.99,32,2,64.6,1,5,0,0,2,0,1,0
STU01094,Male,20,CSE,Day Scholar,159423,60.0,6.41,89,1,59.7,1,5,1,1,7,0,0,0
STU01095,Feamle,18,MC,Hosteler,147819,72.9,5.79,42,0,75.2,1,5,1,1,4,1,0,0
STU01096,Feamle,22,AIML,Hosteler,128598,63.4,8.97,93,1,82.7,1,6,1,0,1,2,0,0
STU01097,Feamle,24,MC,Hosteler,96536,77.8,7.41,67,1,85.6,0,2,0,0,6,1,0,0
STU01098,Feamle,23,ECE,Day Scholar,194031,63.3,6.0,69,2,100.0,1,5,0,0,7,1,0,0
STU01099,Feamle,22,ECE,Day Scholar,124703,76.1,6.09,97,0,62.5,1,5,0,0,5,0,0,0
STU01100,Male,20,CSE,Hosteler,174021,70.9,7.55,63,1,100.0,0,5,0,0,12,0,0,0
STU01101,Male,23,MC,Day Scholar,178641,72.7,7.43,83,0,93.0,0,6,0,0,10,0,1,0
STU01102,Feamle,24,AIML,Hosteler,132230,100.0,7.04,63,0,68.1,1,8,0,0,11,0,0,0
STU01103,Feamle,22,AIML,Hosteler,141793,69.6,5.19,36,0,61.7,0,2,0,0,7,0,1,0
STU01104,Male,21,ECE,Day Scholar,39318,46.0,5.42,78,0,53.5,0,2,0,0,0,0,1,1
STU01105,Feamle,19,AIML,Hosteler,38695,90.2,5.88,22,1,100.0,1,6,0,0,9,0,0,0
STU01106,Feamle,23,ECE,Day Scholar,100704,90.1,6.71,72,0,73.8,2,3,0,0,6,0,0,0
STU01107,Male,24,ECE,Hosteler,57096,45.3,6.94,33,0,73.8,3,5,0,0,3,2,0,0
STU01108,Feamle,19,ECE,Hosteler,138276,64.5,6.76,33,0,84.9,1,5,1,0,9,0,1,0
STU01109,Feamle,18,CSE,Day Scholar,139341,81.5,6.83,26,1,57.8,0,2,1,0,1,0,0,0
STU01110,Male,22,CSE,Day Scholar,23747,82.9,9.82,79,0,100.0,0,2,0,1,7,0,1,0
STU01111,Male,18,ECE,Hosteler,84400,74.9,8.27,3,0,86.6,0,5,0,0,6,0,1,0
STU01112,Male,24,ECE,Day Scholar,108744,75.3,8.78,91,1,86.0,0,6,0,0,13,1,0,0
STU01113,Feamle,23,ECE,Day Scholar,119763,60.9,7.7,80,3,78.1,2,4,1,1,13,0,1,0
STU01114,Male,19,AIML,Day Scholar,24430,39.0,7.11,75,0,52.6,0,3,0,0,2,1,1,1
STU01115,Male,19,ECE,Hosteler,104371,100.0,7.61,68,0,100.0,0,7,1,0,4,0,0,0
STU01116,Male,22,ECE,Day Scholar,125635,60.5,7.34,98,0,100.0,0,2,1,0,5,1,0,0
STU01117,Male,23,MC,Day Scholar,48927,77.6,8.21,99,1,63.0,0,6,0,0,1,1,0,0
STU01118,Male,21,MC,Hosteler,148065,72.6,5.54,93,0,61.5,1,8,0,0,12,0,0,0
STU01119,Male,21,MC,Day Scholar,80411,88.5,8.09,62,1,63.0,0,8,0,0,0,0,1,0
STU01120,Feamle,22,MC,Day Scholar,138778,76.7,7.25,77,0,65.4,1,3,1,0,10,0,0,0
STU01121,Feamle,23,ECE,Day Scholar,160035,77.3,4.29,13,1,100.0,0,4,0,0,3,0,1,0
STU01122,Male,22,MC,Day Scholar,103031,35.5,7.13,65,1,59.7,0,6,0,0,12,1,0,1
STU01123,Male,23,AIML,Day Scholar,195343,62.5,5.04,27,0,100.0,1,3,0,0,1,0,0,0
STU01124,Male,24,AIML,Day Scholar,98134,86.2,6.2,20,0,100.0,1,5,1,0,2,0,0,0
STU01125,Feamle,24,MC,Day Scholar,160858,84.8,6.76,78,1,96.1,0,5,0,0,0,0,0,0
STU01126,Feamle,18,CSE,Day Scholar,62241,60.7,4.74,86,0,92.0,2,4,0,0,2,1,0,0
STU01127,Feamle,22,AIML,Day Scholar,198304,51.3,6.92,9,0,97.6,0,3,1,1,3,1,0,0
STU01128,Feamle,23,AIML,Hosteler,31020,76.9,7.1,25,0,69.3,0,3,1,1,3,0,0,0
STU01129,Feamle,21,MC,Hosteler,186213,31.4,8.13,34,2,57.2,0,6,0,0,3,2,0,0
STU01130,Feamle,23,MC,Day Scholar,180533,57.8,6.32,33,0,82.7,0,11,0,0,7,1,0,0
STU01131,Feamle,24,ECE,Hosteler,165424,100.0,7.41,1,1,53.1,0,6,0,0,12,0,1,0
STU01132,Feamle,23,AIML,Day Scholar,75994,96.7,6.86,94,0,65.4,0,1,1,0,1,1,0,0
STU01133,Feamle,22,MC,Day Scholar,166416,82.3,6.37,42,1,95.7,0,4,0,0,9,3,0,0
STU01134,Male,18,MC,Day Scholar,126837,79.6,4.49,43,0,88.5,1,9,0,0,5,0,1,0
STU01135,Male,18,ECE,Day Scholar,98661,45.7,6.83,43,0,100.0,0,8,0,0,11,1,0,0
STU01136,Male,18,AIML,Day Scholar,123027,63.9,8.12,42,1,74.4,2,3,0,0,14,0,0,0
STU01137,Male,18,MC,Hosteler,170274,70.6,5.6,51,1,100.0,0,4,0,0,11,1,0,0
STU01138,Feamle,24,ECE,Day Scholar,62232,64.2,6.67,4,0,67.0,0,4,0,0,9,0,1,0
STU01139,Feamle,20,MC,Hosteler,158064,69.7,6.89,18,0,98.4,0,4,0,1,5,0,0,0
STU01140,Male,22,CSE,Day Scholar,119042,94.5,8.65,29,0,83.5,1,7,0,0,4,0,0,0
STU01141,Feamle,19,CSE,Hosteler,46354,66.9,7.05,48,2,100.0,1,9,0,0,14,1,1,0
STU01142,Male,22,MC,Hosteler,98769,69.9,7.43,62,0,65.6,0,1,1,0,3,0,0,0
STU01143,Feamle,20,AIML,Day Scholar,155662,86.1,6.99,80,0,97.9,0,4,0,0,1,0,1,0
STU01144,Male,18,CSE,Hosteler,164790,53.7,6.26,28,0,89.7,0,9,0,0,3,0,0,0
STU01145,Feamle,20,ECE,Day Scholar,164177,62.4,5.3,75,1,63.1,0,5,0,0,13,0,0,0
STU01146,Feamle,21,MC,Day Scholar,156153,63.9,6.57,71,1,100.0,0,5,0,1,1,0,0,0
STU01147,Male,21,ECE,Hosteler,137266,75.8,7.59,78,0,77.9,0,1,0,0,10,0,0,0
STU01148,Feamle,24,CSE,Hosteler,136246,69.8,7.18,52,0,97.4,2,4,0,1,13,0,0,0
STU01149,Male,22,AIML,Day Scholar,112254,70.3,9.22,97,0,92.8,1,11,0,1,12,0,1,0
STU01150,Male,22,ECE,Day Scholar,171456,65.0,8.42,27,0,55.9,0,9,1,0,6,0,0,0
STU01151,Male,19,CSE,Day Scholar,90081,58.9,8.86,84,0,100.0,0,3,0,1,0,0,0,0
STU01152,Male,24,CSE,Hosteler,25339,84.1,3.95,52,1,56.6,2,10,0,0,3,1,0,0
STU01153,Feamle,19,CSE,Day Scholar,166425,69.9,9.37,16,0,72.1,0,6,0,1,1,1,0,0
STU01154,Feamle,21,ECE,Day Scholar,79487,84.3,7.4,81,0,87.2,1,6,0,0,3,2,0,0
STU01155,Feamle,18,CSE,Day Scholar,177448,58.3,7.61,23,0,81.5,0,3,1,0,8,0,0,0
STU01156,Male,20,MC,Hosteler,104636,65.0,8.34,87,1,93.0,1,9,0,1,1,1,1,0
STU01157,Feamle,19,CSE,Day Scholar,24302,71.7,7.03,75,0,33.9,0,5,0,0,6,0,0,0
STU01158,Male,23,MC,Hosteler,152881,73.1,5.39,64,0,52.0,1,10,0,0,7,1,0,0
STU01159,Feamle,19,AIML,Hosteler,114453,86.3,9.17,35,0,94.0,0,1,0,0,8,0,0,0
STU01160,Feamle,18,MC,Day Scholar,156902,68.5,5.85,31,2,77.1,1,5,1,1,13,0,0,0
STU01161,Feamle,18,AIML,Day Scholar,169453,86.2,5.52,68,0,87.7,1,7,0,0,11,0,0,0
STU01162,Male,22,AIML,Day Scholar,151057,80.6,6.65,25,0,89.2,0,3,0,0,13,2,0,0
STU01163,Feamle,20,MC,Day Scholar,68637,73.4,6.42,55,1,61.0,1,4,0,0,11,1,0,0
STU01164,Feamle,18,AIML,Day Scholar,155484,60.7,7.01,66,1,54.7,1,0,0,0,11,0,0,0
STU01165,Male,24,MC,Day Scholar,96420,86.4,6.85,32,0,96.2,1,4,0,1,1,3,0,0
STU01166,Feamle,19,ECE,Day Scholar,80520,61.1,9.02,38,0,66.7,0,5,0,0,3,0,0,0
STU01167,Male,19,AIML,Day Scholar,109668,74.7,7.69,83,2,85.4,0,6,0,0,9,0,1,0
STU01168,Feamle,21,MC,Hosteler,66775,74.2,5.71,57,0,78.8,0,6,0,0,12,0,0,0
STU01169,Male,18,AIML,Hosteler,198805,71.9,5.92,11,0,58.5,0,8,0,0,7,1,1,0
STU01170,Male,23,CSE,Day Scholar,173779,69.2,6.42,83,1,71.2,0,1,0,0,2,0,0,0
STU01171,Feamle,22,MC,Day Scholar,181550,62.7,6.42,80,1,100.0,0,4,0,1,2,2,0,0
STU01172,Male,20,CSE,Hosteler,26745,50.7,6.23,42,1,85.0,0,6,0,0,13,1,0,0
STU01173,Male,23,AIML,Day Scholar,189042,96.1,5.35,71,0,74.7,0,4,1,1,3,0,1,0
STU01174,Male,22,AIML,Day Scholar,119859,67.6,7.44,12,0,89.4,0,1,0,1,0,1,0,0
STU01175,Male,19,ECE,Day Scholar,162954,73.1,6.32,72,0,100.0,0,6,0,0,2,0,0,0
STU01176,Male,23,MC,Hosteler,147816,73.0,5.57,82,1,81.1,0,5,0,0,14,0,0,0
STU01177,Male,22,CSE,Hosteler,97300,91.4,7.73,89,0,100.0,1,4,0,1,0,0,1,0
STU01178,Feamle,19,ECE,Day Scholar,89979,100.0,8.27,4,2,88.0,0,3,1,0,11,1,0,0
STU01179,Male,19,AIML,Day Scholar,33583,77.4,6.63,44,0,75.6,0,8,0,1,11,0,1,0
STU01180,Male,19,AIML,Hosteler,192362,72.6,9.67,88,1,89.0,0,4,0,0,12,1,0,0
STU01181,Feamle,19,ECE,Hosteler,73857,58.1,10.0,4,0,100.0,0,4,1,1,9,0,0,0
STU01182,Feamle,24,CSE,Day Scholar,95672,53.3,7.75,22,0,100.0,0,3,0,0,8,3,0,0
STU01183,Feamle,19,AIML,Hosteler,106759,48.4,6.3,34,0,53.3,0,6,0,0,13,0,0,0
STU01184,Feamle,21,AIML,Day Scholar,40342,63.1,7.4,95,0,51.5,0,5,0,1,12,2,1,0
STU01185,Feamle,23,MC,Day Scholar,73816,43.6,5.16,53,2,75.9,0,4,0,0,7,0,0,0
STU01186,Feamle,22,ECE,Hosteler,95412,91.2,5.69,48,1,100.0,0,6,1,0,10,0,0,0
STU01187,Feamle,21,AIML,Hosteler,78314,81.3,4.48,69,1,84.7,0,4,1,0,0,0,0,0
STU01188,Male,24,CSE,Day Scholar,151818,71.2,6.06,77,0,67.1,1,4,0,0,0,1,0,0
STU01189,Male,21,MC,Hosteler,120488,91.6,5.15,92,0,100.0,0,6,0,1,4,0,1,0
STU01190,Feamle,18,ECE,Day Scholar,175402,58.9,7.94,36,1,100.0,1,7,0,0,8,0,0,0
STU01191,Male,18,CSE,Day Scholar,193416,62.7,5.88,21,2,75.0,1,4,1,0,13,1,1,0
STU01192,Male,18,AIML,Day Scholar,118112,46.0,7.41,83,1,69.1,1,8,0,0,2,0,0,0
STU01193,Male,20,ECE,Hosteler,179678,86.6,8.12,7,1,100.0,1,8,1,0,1,0,0,0
STU01194,Feamle,18,ECE,Hosteler,116537,62.8,8.76,90,1,61.8,1,6,0,0,8,0,0,0
STU01195,Feamle,22,CSE,Day Scholar,29210,75.2,6.47,56,1,70.8,0,6,1,0,13,0,1,0
STU01196,Male,21,ECE,Day Scholar,100615,90.0,7.47,70,1,83.6,0,4,0,0,7,0,0,0
STU01197,Feamle,22,CSE,Hosteler,47154,95.6,7.51,59,1,71.0,1,3,0,0,2,0,0,0
STU01198,Male,23,AIML,Day Scholar,48687,74.6,8.91,54,1,62.7,0,7,0,0,8,0,0,0
STU01199,Male,18,MC,Day Scholar,92684,80.8,8.18,33,0,88.1,0,2,0,1,4,1,0,0
STU01200,Male,24,CSE,Day Scholar,35473,61.4,8.96,40,0,83.9,2,4,0,0,5,0,0,0
STU01201,Male,20,MC,Hosteler,71176,100.0,4.5,27,0,85.5,0,2,0,0,3,1,0,0
STU01202,Feamle,23,ECE,Day Scholar,50285,72.5,6.0,30,2,40.6,0,4,0,0,7,0,0,0
STU01203,Feamle,24,CSE,Day Scholar,108093,76.2,8.55,20,1,100.0,0,7,0,0,1,0,1,0
STU01204,Feamle,20,AIML,Day Scholar,193574,68.9,7.87,73,1,42.4,1,6,0,0,8,0,1,0
STU01205,Male,23,CSE,Day Scholar,34219,93.0,6.81,50,1,86.6,0,4,0,0,8,3,0,0
STU01206,Feamle,21,CSE,Hosteler,195078,78.0,6.29,35,0,100.0,0,5,0,0,13,0,0,0
STU01207,Male,22,CSE,Hosteler,76170,86.4,8.18,76,0,98.6,0,6,0,0,13,1,0,0
STU01208,Feamle,19,MC,Hosteler,132661,80.3,4.03,25,0,74.6,2,8,0,0,4,2,0,0
STU01209,Male,22,MC,Day Scholar,191037,71.7,8.19,97,0,70.1,0,7,0,0,6,0,0,0
STU01210,Male,18,ECE,Day Scholar,54470,88.9,7.14,18,0,78.1,0,5,0,0,11,0,0,0
STU01211,Male,24,ECE,Hosteler,84147,80.2,6.27,5,0,100.0,1,2,0,0,7,1,0,0
STU01212,Feamle,19,ECE,Hosteler,123833,60.6,7.75,47,2,92.5,0,6,0,0,0,1,0,0
STU01213,Feamle,20,ECE,Hosteler,59984,60.2,6.42,14,2,80.9,1,7,0,0,5,0,0,0
STU01214,Feamle,21,CSE,Hosteler,65380,77.2,7.04,48,0,100.0,0,5,0,1,10,2,0,0
STU01215,Feamle,21,MC,Day Scholar,123721,88.6,6.93,17,0,54.4,1,9,0,0,9,1,0,0
STU01216,Male,20,MC,Hosteler,91860,99.6,8.12,83,0,68.5,1,2,0,0,10,0,0,0
STU01217,Feamle,18,MC,Hosteler,93849,48.3,7.24,64,1,70.2,0,1,1,0,1,1,0,0
STU01218,Feamle,20,MC,Day Scholar,67227,75.4,4.14,21,1,100.0,0,3,0,0,1,0,0,0
STU01219,Male,23,ECE,Day Scholar,111588,82.3,4.91,59,0,85.5,1,2,1,0,0,0,0,0
STU01220,Male,24,CSE,Day Scholar,134953,79.4,5.37,35,0,100.0,1,3,0,1,6,0,1,0
STU01221,Male,24,MC,Hosteler,175675,90.1,7.68,81,0,96.7,1,8,0,0,12,0,0,0
STU01222,Feamle,18,AIML,Hosteler,107298,84.8,7.84,9,2,66.2,0,7,0,0,7,0,1,0
STU01223,Male,19,CSE,Day Scholar,38508,60.2,9.51,19,0,99.5,1,1,0,0,12,2,0,0
STU01224,Male,20,AIML,Hosteler,156046,59.8,5.48,69,1,66.3,0,5,0,0,6,1,0,1
STU01225,Male,18,CSE,Hosteler,171233,79.7,8.96,60,1,71.8,2,4,0,0,2,1,0,0
STU01226,Feamle,24,CSE,Day Scholar,141725,89.9,4.09,100,1,78.4,1,4,0,0,5,0,0,0
STU01227,Male,19,CSE,Day Scholar,49730,77.2,7.03,58,1,86.6,1,4,1,0,9,0,0,0
STU01228,Feamle,20,AIML,Hosteler,98259,51.3,7.37,21,0,84.4,2,5,1,1,4,1,0,0
STU01229,Feamle,21,MC,Hosteler,101009,59.3,7.36,67,0,84.4,0,7,1,0,2,0,0,0
STU01230,Male,20,MC,Day Scholar,152157,85.4,6.54,3,1,60.5,1,4,0,1,8,0,0,0
STU01231,Male,22,AIML,Hosteler,108115,69.8,7.18,82,1,79.9,0,3,0,0,8,0,1,0
STU01232,Feamle,20,MC,Day Scholar,169941,76.8,5.15,28,0,86.2,0,6,1,0,9,0,0,0
STU01233,Male,22,ECE,Day Scholar,166843,91.0,8.3,57,2,97.3,0,9,0,0,4,0,0,0
STU01234,Male,19,MC,Day Scholar,61060,57.0,7.37,57,0,70.7,0,6,0,1,13,1,0,0
STU01235,Feamle,20,ECE,Day Scholar,140086,68.8,7.54,53,1,25.0,0,4,1,0,9,1,0,0
STU01236,Feamle,19,ECE,Hosteler,41462,67.2,6.58,27,0,100.0,0,3,0,0,13,2,1,0
STU01237,Male,19,ECE,Hosteler,125506,80.3,6.51,76,0,91.4,0,3,1,0,9,0,1,0
STU01238,Feamle,24,AIML,Day Scholar,170504,86.6,7.79,38,0,53.3,1,4,0,0,5,0,0,0
STU01239,Male,18,MC,Day Scholar,141190,52.8,9.38,56,0,50.5,0,8,1,1,14,0,0,0
STU01240,Male,19,MC,Day Scholar,33174,74.9,4.91,63,0,93.2,0,3,0,0,9,0,0,0
STU01241,Male,19,AIML,Day Scholar,102719,88.0,4.83,91,2,74.0,0,8,0,1,10,0,0,0
STU01242,Feamle,24,AIML,Day Scholar,180769,47.2,7.4,29,1,51.6,0,3,1,0,0,0,1,0
STU01243,Male,24,MC,Day Scholar,25611,74.0,6.5,85,0,58.7,1,5,0,0,13,0,0,0
STU01244,Male,20,AIML,Day Scholar,132495,56.8,7.19,49,0,77.2,0,5,1,0,0,0,0,0
STU01245,Male,24,AIML,Day Scholar,42393,65.4,6.96,53,0,64.8,0,2,0,0,1,0,0,0
STU01246,Feamle,20,ECE,Day Scholar,156335,37.4,7.93,22,0,70.0,0,8,1,0,8,0,0,0
STU01247,Feamle,21,AIML,Hosteler,173026,95.9,6.57,17,1,81.5,2,6,0,1,7,0,0,0
STU01248,Feamle,24,ECE,Day Scholar,163068,69.7,5.19,80,2,100.0,1,4,1,1,5,0,0,0
STU01249,Feamle,18,CSE,Day Scholar,161877,62.9,5.82,53,1,91.5,2,4,1,0,5,0,0,0
STU01250,Feamle,19,ECE,Hosteler,96003,79.9,6.76,94,0,84.5,1,9,0,0,11,0,0,0
STU01251,Male,18,ECE,Day Scholar,172096,59.4,5.12,27,1,100.0,1,4,0,0,7,1,0,1
STU01252,Feamle,22,AIML,Day Scholar,192679,57.9,6.94,7,0,61.2,0,1,1,0,4,1,0,0
STU01253,Feamle,24,MC,Day Scholar,99423,97.7,7.09,31,0,78.8,1,5,0,1,0,0,0,0
STU01254,Feamle,19,CSE,Hosteler,120665,100.0,6.46,5,1,67.9,0,6,0,0,1,0,0,0
STU01255,Male,18,CSE,Day Scholar,109461,66.1,7.31,71,0,77.3,1,11,1,0,14,0,1,0
STU01256,Feamle,24,CSE,Hosteler,163396,91.0,4.58,85,1,79.1,1,5,0,0,7,1,0,0
STU01257,Feamle,24,MC,Day Scholar,20723,80.3,5.57,39,0,67.2,1,7,0,0,0,1,0,0
STU01258,Male,21,CSE,Hosteler,119851,53.8,5.29,50,0,72.5,0,3,1,0,13,0,0,1
STU01259,Feamle,21,CSE,Day Scholar,78323,61.1,8.32,46,0,93.4,2,6,0,0,5,1,0,0
STU01260,Male,19,MC,Day Scholar,149923,98.3,10.0,94,1,77.8,1,5,0,1,14,1,0,0
STU01261,Male,22,CSE,Hosteler,164477,53.6,5.68,69,0,22.0,0,5,0,0,5,2,0,0
STU01262,Male,21,AIML,Day Scholar,146366,100.0,6.65,67,0,93.9,0,3,0,1,3,0,0,0
STU01263,Male,21,AIML,Day Scholar,152437,66.4,5.96,6,0,90.9,1,8,0,0,4,0,0,0
STU01264,Male,22,ECE,Hosteler,77893,98.7,7.33,97,1,54.5,0,6,1,0,5,2,1,0
STU01265,Feamle,18,ECE,Hosteler,197499,70.4,6.09,26,1,100.0,2,4,0,0,10,1,0,0
STU01266,Male,21,ECE,Hosteler,47338,87.0,7.42,65,0,75.0,2,6,0,0,4,2,0,0
STU01267,Male,20,AIML,Hosteler,89389,95.9,8.0,53,0,100.0,0,4,0,0,1,0,0,0
STU01268,Feamle,23,AIML,Day Scholar,155754,95.8,5.16,13,1,80.8,1,4,1,0,5,0,0,0
STU01269,Male,23,AIML,Day Scholar,91496,66.2,7.41,92,1,70.3,1,8,0,0,13,0,0,0
STU01270,Feamle,21,ECE,Hosteler,44727,62.1,4.31,21,0,87.8,0,4,0,0,11,0,0,0
STU01271,Feamle,18,ECE,Day Scholar,175145,73.8,6.62,68,1,69.5,2,4,1,0,3,2,0,0
STU01272,Feamle,24,ECE,Day Scholar,39882,55.5,6.51,55,0,76.9,1,6,0,0,13,0,0,0
STU01273,Male,18,ECE,Hosteler,68232,78.6,6.66,81,0,48.6,0,6,1,0,13,0,0,0
STU01274,Male,19,ECE,Hosteler,79556,62.7,6.53,59,0,73.9,0,8,1,0,3,0,0,0
STU01275,Male,20,ECE,Hosteler,72137,91.2,6.26,50,2,55.3,0,4,0,0,14,0,0,0
STU01276,Feamle,18,AIML,Day Scholar,65054,66.4,6.6,15,0,79.9,0,4,0,1,12,0,0,0
STU01277,Male,22,MC,Day Scholar,175859,48.9,7.36,5,1,90.1,0,4,0,0,12,0,0,0
STU01278,Male,20,MC,Day Scholar,108589,96.0,7.4,0,0,81.1,1,10,1,0,5,1,0,0
STU01279,Male,23,ECE,Hosteler,177827,77.8,7.17,11,0,98.6,1,2,1,1,7,2,0,0
STU01280,Feamle,20,MC,Day Scholar,113335,75.4,6.14,23,0,100.0,1,2,1,0,3,0,0,0
STU01281,Feamle,22,MC,Day Scholar,56959,91.4,8.62,74,1,77.8,0,4,0,0,4,0,0,0
STU01282,Male,21,AIML,Day Scholar,95254,88.1,9.29,42,0,81.5,0,3,0,1,3,1,0,0
STU01283,Male,22,ECE,Day Scholar,110633,63.6,5.07,33,1,66.9,0,7,0,1,11,1,0,0
STU01284,Male,22,ECE,Day Scholar,108437,68.3,7.25,92,0,42.2,0,5,0,0,9,0,0,0
STU01285,Male,21,MC,Day Scholar,114058,58.3,6.3,95,1,82.7,2,8,1,0,4,0,0,0
STU01286,Feamle,21,ECE,Day Scholar,188975,53.0,8.39,56,0,93.6,1,4,1,0,11,0,0,0
STU01287,Feamle,21,ECE,Hosteler,190591,83.7,6.98,20,0,80.4,0,2,0,0,10,1,0,0
STU01288,Feamle,21,ECE,Day Scholar,126513,80.9,7.08,39,1,63.6,1,6,0,1,14,0,0,0
STU01289,Feamle,21,ECE,Day Scholar,31672,86.4,7.74,32,1,60.6,1,2,0,0,5,3,0,0
STU01290,Male,22,MC,Day Scholar,158246,94.2,6.55,32,0,54.7,0,7,0,0,7,0,0,0
STU01291,Male,19,CSE,Day Scholar,169175,86.6,9.52,27,1,77.9,1,3,0,0,11,1,0,0
STU01292,Male,19,MC,Day Scholar,28061,88.0,7.76,99,0,60.0,3,5,1,1,0,0,0,0
STU01293,Feamle,18,AIML,Hosteler,118162,43.8,8.4,64,0,100.0,1,5,0,0,0,0,0,0
STU01294,Male,19,CSE,Hosteler,164337,70.4,6.67,75,0,95.1,0,5,0,0,3,0,1,0
STU01295,Feamle,23,CSE,Day Scholar,131234,89.5,6.82,45,0,100.0,0,4,0,0,8,0,0,0
STU01296,Feamle,19,CSE,Hosteler,190112,57.5,8.22,32,0,100.0,1,2,0,0,8,0,0,0
STU01297,Male,22,MC,Hosteler,169065,76.4,8.07,68,0,72.4,0,7,1,0,0,1,0,0
STU01298,Male,21,AIML,Day Scholar,78219,82.8,5.13,65,3,96.7,1,5,0,1,7,0,0,0
STU01299,Male,21,MC,Day Scholar,92250,81.6,7.19,35,0,74.9,0,4,0,0,8,0,0,0
STU01300,Feamle,24,AIML,Hosteler,115303,80.5,7.71,87,0,75.1,0,5,0,0,6,1,0,0
STU01301,Male,24,MC,Hosteler,57877,84.0,6.8,53,0,76.0,3,7,1,0,0,0,0,0
STU01302,Feamle,24,MC,Day Scholar,98285,77.7,7.57,49,0,63.6,0,3,1,0,2,2,0,0
STU01303,Male,22,MC,Hosteler,101424,53.1,6.87,50,1,77.2,2,4,1,0,10,0,0,0
STU01304,Feamle,23,CSE,Day Scholar,167092,82.6,3.63,51,0,77.5,0,3,0,1,8,1,0,0
STU01305,Feamle,19,MC,Hosteler,54821,79.3,5.03,20,0,93.4,0,10,0,0,5,1,0,0
STU01306,Male,22,AIML,Day Scholar,197072,53.3,8.46,29,0,75.6,0,10,0,0,5,0,1,0
STU01307,Feamle,18,AIML,Day Scholar,183923,95.7,6.63,14,0,69.1,0,3,1,0,13,0,0,0
STU01308,Feamle,21,AIML,Day Scholar,36025,83.0,7.28,8,0,93.8,0,8,0,0,6,0,1,0
STU01309,Male,24,CSE,Hosteler,111551,54.3,6.99,31,0,61.9,0,2,0,0,5,0,0,0
STU01310,Feamle,20,MC,Day Scholar,35431,62.7,5.76,71,0,77.3,1,6,0,0,3,1,0,0
STU01311,Male,18,MC,Day Scholar,194251,66.5,6.3,22,0,93.2,1,5,0,0,0,0,0,0
STU01312,Feamle,24,ECE,Hosteler,61658,66.5,7.49,26,0,96.5,2,5,1,0,12,0,0,0
STU01313,Male,23,CSE,Day Scholar,136508,79.4,7.65,41,0,100.0,0,6,0,0,3,0,0,0
STU01314,Male,18,AIML,Day Scholar,182064,60.4,10.0,7,0,88.0,1,7,0,0,0,1,0,0
STU01315,Feamle,22,AIML,Day Scholar,196657,91.9,6.28,92,1,82.3,1,2,1,0,12,0,0,0
STU01316,Feamle,19,MC,Hosteler,193130,90.7,9.51,10,1,100.0,0,5,1,1,3,1,0,0
STU01317,Feamle,21,AIML,Hosteler,76779,84.3,5.71,20,2,63.4,2,7,0,0,12,0,1,0
STU01318,Feamle,23,MC,Day Scholar,55662,75.7,7.73,43,0,95.7,1,4,1,0,6,0,1,0
STU01319,Feamle,23,MC,Day Scholar,187257,89.1,7.27,38,0,82.6,0,4,0,0,3,0,0,0
STU01320,Male,20,ECE,Day Scholar,102168,70.9,6.81,93,0,36.9,0,3,0,1,4,0,0,0
STU01321,Feamle,18,CSE,Day Scholar,158882,64.1,6.99,32,0,100.0,0,4,0,0,6,0,0,0
STU01322,Male,20,MC,Hosteler,71042,92.9,6.07,66,1,63.8,0,6,0,1,2,1,0,0
STU01323,Male,19,MC,Day Scholar,98186,79.8,8.36,54,1,100.0,0,5,1,1,4,0,1,0
STU01324,Feamle,24,MC,Hosteler,146247,64.7,5.74,12,0,83.1,0,10,0,0,2,0,0,0
STU01325,Male,19,ECE,Day Scholar,185955,68.7,7.48,35,0,60.9,1,4,1,0,8,0,0,0
STU01326,Male,24,MC,Day Scholar,190421,64.0,8.13,86,1,96.0,0,6,0,0,7,0,0,0
STU01327,Male,20,CSE,Day Scholar,72215,100.0,9.08,25,0,72.3,0,6,0,0,13,0,0,0
STU01328,Male,21,CSE,Day Scholar,189491,75.1,8.46,73,2,81.3,1,6,0,0,8,1,0,0
STU01329,Feamle,19,AIML,Hosteler,175943,77.4,7.86,37,0,91.1,0,2,0,0,3,0,0,0
STU01330,Male,20,CSE,Day Scholar,71846,85.8,6.04,99,0,82.2,1,6,0,0,9,0,0,0
STU01331,Feamle,18,AIML,Hosteler,128487,56.8,5.82,22,0,80.3,0,6,1,0,8,1,0,0
STU01332,Feamle,20,CSE,Hosteler,67136,91.4,5.29,7,0,70.0,3,8,1,0,3,0,0,0
STU01333,Male,20,AIML,Hosteler,52548,65.9,5.15,13,1,36.9,0,7,1,1,13,0,0,0
STU01334,Feamle,22,MC,Day Scholar,142911,100.0,7.0,23,1,87.8,0,2,0,0,10,0,0,0
STU01335,Feamle,19,ECE,Hosteler,24650,70.3,5.91,81,1,91.3,0,5,0,0,2,0,0,0
STU01336,Feamle,21,ECE,Day Scholar,77278,90.6,8.8,39,2,100.0,1,2,1,0,1,0,0,0
STU01337,Male,21,ECE,Day Scholar,195907,37.5,6.13,100,0,96.7,3,4,0,0,14,0,0,0
STU01338,Feamle,22,MC,Day Scholar,36225,57.4,7.14,24,0,59.6,0,8,0,0,6,1,0,0
STU01339,Feamle,24,ECE,Hosteler,65360,70.6,6.6,83,2,39.1,0,5,0,0,13,0,1,0
STU01340,Feamle,23,CSE,Hosteler,84008,44.5,4.89,24,2,33.4,1,6,0,1,2,0,1,1
STU01341,Male,24,AIML,Day Scholar,77573,84.0,8.63,16,0,81.0,0,10,0,0,11,0,0,0
STU01342,Feamle,21,MC,Day Scholar,71932,79.7,8.04,3,1,92.5,0,3,0,0,12,0,1,0
STU01343,Male,20,ECE,Hosteler,147333,60.1,8.22,84,1,88.5,0,10,1,0,3,3,1,0
STU01344,Male,22,CSE,Day Scholar,40881,74.8,7.89,83,0,86.6,1,3,0,0,7,0,0,0
STU01345,Male,18,CSE,Day Scholar,53557,87.1,5.86,80,1,100.0,0,9,0,0,11,3,1,0
STU01346,Male,19,MC,Day Scholar,81324,43.5,5.89,98,0,87.8,0,2,0,0,4,0,0,0
STU01347,Male,19,MC,Day Scholar,40841,55.9,7.68,40,1,61.2,0,6,0,0,10,0,1,0
STU01348,Male,19,ECE,Day Scholar,33475,70.0,9.31,59,0,68.8,0,5,0,0,13,0,0,0
STU01349,Feamle,20,AIML,Day Scholar,26671,75.4,7.58,86,0,89.2,0,6,0,0,8,1,1,0
STU01350,Male,18,ECE,Hosteler,51764,74.1,8.47,84,0,84.2,0,0,0,0,7,0,0,0
STU01351,Feamle,22,ECE,Day Scholar,157033,88.3,6.21,42,0,79.2,0,7,1,0,3,0,0,0
STU01352,Feamle,22,MC,Day Scholar,75890,82.2,8.65,53,0,70.7,0,6,0,0,6,0,1,0
STU01353,Male,19,ECE,Hosteler,130352,85.4,6.37,51,1,62.0,0,3,0,0,14,0,0,0
STU01354,Feamle,18,ECE,Day Scholar,147808,54.2,7.36,20,0,100.0,0,3,0,0,8,2,0,1
STU01355,Feamle,18,AIML,Hosteler,83884,77.2,6.45,23,1,61.6,0,2,0,1,3,0,1,0
STU01356,Feamle,18,CSE,Hosteler,25155,70.4,8.33,36,0,68.3,1,0,0,0,1,0,1,0
STU01357,Feamle,21,CSE,Hosteler,149518,96.9,8.35,81,1,81.1,1,6,1,0,1,2,0,0
STU01358,Male,21,AIML,Day Scholar,148275,77.6,4.78,43,0,87.4,2,3,0,0,10,0,0,0
STU01359,Feamle,19,CSE,Day Scholar,85768,65.0,8.99,82,0,84.8,0,4,1,0,3,0,1,0
STU01360,Male,18,ECE,Day Scholar,140423,87.8,10.0,4,2,48.0,1,5,1,0,14,0,1,0
STU01361,Feamle,23,AIML,Day Scholar,80851,83.4,6.47,60,0,87.5,0,4,0,0,7,1,0,0
STU01362,Feamle,18,AIML,Hosteler,160293,62.7,6.81,43,1,100.0,0,4,0,1,13,2,0,0
STU01363,Male,22,MC,Day Scholar,64566,69.8,8.86,90,0,85.5,1,9,0,1,5,0,1,0
STU01364,Feamle,22,CSE,Day Scholar,153783,70.0,7.1,5,0,100.0,3,4,0,0,13,0,0,0
STU01365,Feamle,19,MC,Day Scholar,163603,93.4,6.99,77,2,100.0,0,4,0,0,3,2,0,0
STU01366,Feamle,23,ECE,Day Scholar,161552,78.0,9.85,2,0,73.4,0,2,1,0,14,1,0,0
STU01367,Male,18,AIML,Hosteler,191780,85.9,4.97,64,0,69.6,0,7,0,0,3,0,0,0
STU01368,Feamle,24,ECE,Day Scholar,32191,67.6,5.82,30,0,59.9,0,6,1,0,3,0,0,0
STU01369,Male,23,CSE,Day Scholar,23779,80.0,7.63,54,0,81.1,0,5,0,0,11,0,1,0
STU01370,Feamle,19,MC,Hosteler,91190,94.6,4.57,44,0,87.1,0,4,0,0,13,0,0,0
STU01371,Male,22,CSE,Day Scholar,130678,69.6,6.44,73,0,100.0,1,6,1,0,7,0,0,0
STU01372,Male,24,ECE,Day Scholar,143760,76.7,6.43,54,0,79.9,0,4,0,0,5,0,0,0
STU01373,Feamle,22,MC,Hosteler,27317,54.6,8.44,59,0,64.9,2,7,1,0,5,0,0,0
STU01374,Feamle,21,CSE,Day Scholar,20159,63.5,8.04,30,1,100.0,0,10,0,1,12,2,1,0
STU01375,Male,19,ECE,Day Scholar,145373,70.0,4.48,80,1,56.8,0,3,0,0,0,3,0,0
STU01376,Male,19,CSE,Day Scholar,77115,59.1,5.96,38,0,89.3,0,5,0,0,11,0,0,0
STU01377,Feamle,18,AIML,Hosteler,39462,94.8,5.96,47,0,84.5,0,7,0,0,3,0,1,0
STU01378,Male,18,MC,Hosteler,22917,62.4,6.68,79,1,82.5,1,4,0,0,2,0,0,0
STU01379,Feamle,21,MC,Hosteler,170469,86.8,5.35,26,0,74.7,0,5,0,0,2,1,0,0
STU01380,Feamle,24,MC,Day Scholar,46125,77.8,7.68,15,0,100.0,1,8,1,1,3,1,0,0
STU01381,Feamle,20,AIML,Day Scholar,67277,75.5,5.96,51,3,87.1,2,6,0,0,9,0,1,0
STU01382,Feamle,23,MC,Day Scholar,34349,97.3,7.88,3,1,88.9,2,4,1,0,0,0,0,0
STU01383,Male,20,AIML,Hosteler,80715,41.1,7.0,41,2,94.2,1,6,0,0,1,0,0,0
STU01384,Feamle,20,MC,Hosteler,185800,72.1,5.54,90,2,52.1,0,3,1,1,8,0,1,0
STU01385,Male,19,CSE,Day Scholar,181864,58.8,9.08,53,1,59.2,1,4,1,1,3,0,1,0
STU01386,Feamle,23,CSE,Day Scholar,27902,45.6,9.13,8,1,64.7,1,4,0,1,11,1,1,1
STU01387,Male,19,CSE,Day Scholar,141345,57.1,7.44,24,0,81.7,0,11,0,0,12,0,0,1
STU01388,Feamle,23,CSE,Day Scholar,99569,75.3,6.64,87,0,63.4,0,1,0,0,2,0,0,0
STU01389,Male,22,AIML,Day Scholar,122148,64.1,5.42,57,2,64.5,0,4,0,0,7,0,0,0
STU01390,Male,19,ECE,Day Scholar,123001,88.4,8.61,91,0,75.9,1,11,1,0,9,1,0,0
STU01391,Feamle,19,ECE,Day Scholar,55158,71.8,8.23,17,1,99.6,0,6,0,1,10,1,1,0
STU01392,Feamle,19,CSE,Day Scholar,23917,70.1,5.78,43,3,99.2,0,4,0,0,2,0,0,0
STU01393,Feamle,24,ECE,Day Scholar,99742,70.2,5.97,89,1,92.9,1,6,0,0,14,0,1,0
STU01394,Feamle,21,ECE,Day Scholar,163692,73.5,7.69,73,0,91.8,1,2,1,0,13,0,0,0
STU01395,Male,19,MC,Hosteler,147330,68.7,5.24,48,0,80.1,0,6,0,1,3,0,0,0
STU01396,Feamle,18,AIML,Hosteler,123246,62.2,6.06,43,1,85.6,0,6,0,0,5,0,0,0
STU01397,Male,18,CSE,Hosteler,44691,89.8,5.44,97,0,80.6,0,5,0,0,4,0,0,0
STU01398,Male,23,ECE,Day Scholar,90734,65.6,5.49,74,0,82.6,0,7,1,0,8,0,0,0
STU01399,Feamle,22,ECE,Hosteler,46046,69.2,5.92,77,0,84.9,0,6,1,0,13,0,0,0
STU01400,Male,21,CSE,Hosteler,173458,81.4,8.36,37,1,74.3,2,6,0,0,5,1,1,0
STU01401,Male,24,MC,Day Scholar,162343,79.8,4.37,64,0,40.8,0,5,1,1,2,0,0,0
STU01402,Male,23,CSE,Hosteler,172598,61.6,7.65,80,0,94.4,0,4,0,1,7,0,0,0
STU01403,Male,18,MC,Day Scholar,138540,86.3,7.39,80,0,82.3,0,7,0,0,4,0,0,0
STU01404,Feamle,21,ECE,Day Scholar,63798,83.1,8.45,9,0,48.2,0,6,0,0,0,0,0,0
STU01405,Feamle,21,AIML,Day Scholar,143293,77.7,7.39,62,0,94.6,2,6,1,1,10,0,0,0
STU01406,Feamle,22,MC,Hosteler,176329,68.5,6.43,93,1,87.4,0,8,0,1,14,0,0,0
STU01407,Feamle,21,MC,Hosteler,94396,68.9,5.78,45,0,49.8,0,5,1,0,10,0,0,0
STU01408,Male,19,CSE,Day Scholar,177717,72.0,8.49,96,0,100.0,0,3,0,0,5,1,1,0
STU01409,Male,21,ECE,Day Scholar,175261,56.5,7.75,1,1,78.9,1,4,0,0,5,0,0,0
STU01410,Feamle,22,AIML,Day Scholar,101298,74.4,6.26,19,0,100.0,1,2,0,0,8,0,0,0
STU01411,Feamle,23,CSE,Hosteler,152040,88.4,8.36,95,0,100.0,2,3,0,0,4,1,0,0
STU01412,Feamle,22,CSE,Day Scholar,25800,88.1,6.33,2,0,100.0,0,8,0,0,13,0,0,0
STU01413,Male,24,AIML,Hosteler,175301,69.3,7.0,35,0,81.1,1,4,0,0,2,1,0,0
STU01414,Feamle,22,ECE,Day Scholar,78524,91.0,6.09,4,0,84.2,0,7,0,0,13,0,0,0
STU01415,Feamle,18,AIML,Day Scholar,116585,100.0,7.8,19,0,93.3,0,7,1,1,1,1,0,0
STU01416,Feamle,19,CSE,Day Scholar,180789,70.3,5.51,2,0,86.5,1,2,0,0,0,0,1,0
STU01417,Male,18,CSE,Day Scholar,140279,85.4,6.55,2,1,93.6,0,9,0,0,0,1,0,0
STU01418,Male,23,MC,Day Scholar,149925,41.1,6.02,99,0,78.6,1,3,1,1,2,0,0,0
STU01419,Male,20,AIML,Day Scholar,155891,56.1,7.4,69,0,45.7,0,5,0,0,3,2,0,0
STU01420,Male,23,AIML,Day Scholar,76784,76.4,7.58,99,0,71.3,0,7,0,0,0,0,0,0
STU01421,Male,19,AIML,Day Scholar,107175,59.9,5.34,87,0,89.3,0,9,1,0,0,1,0,1
STU01422,Male,21,CSE,Day Scholar,66935,100.0,7.61,46,0,87.7,0,4,1,0,1,0,0,0
STU01423,Male,22,ECE,Day Scholar,199501,84.0,4.78,36,0,100.0,0,10,1,0,14,1,0,0
STU01424,Male,20,CSE,Day Scholar,155070,89.5,10.0,7,3,73.0,0,6,1,1,13,0,1,0
STU01425,Feamle,19,MC,Day Scholar,61750,74.6,6.23,79,3,87.9,0,4,1,1,7,0,1,0
STU01426,Feamle,18,CSE,Day Scholar,156252,60.0,8.57,0,1,94.0,0,6,1,0,10,0,0,0
STU01427,Male,22,CSE,Hosteler,98288,67.2,7.3,77,0,89.7,0,4,0,0,6,0,0,0
STU01428,Male,23,CSE,Hosteler,50513,78.8,7.36,44,0,64.3,0,8,1,0,4,0,0,0
STU01429,Feamle,18,MC,Hosteler,123725,65.4,5.25,73,3,88.9,0,8,1,1,7,0,1,0
STU01430,Male,19,AIML,Day Scholar,37879,85.1,8.27,9,0,60.4,0,4,0,1,0,0,1,0
STU01431,Male,19,ECE,Day Scholar,109898,85.7,7.07,85,1,71.3,0,5,0,1,11,0,0,0
STU01432,Male,23,ECE,Day Scholar,81833,75.1,7.71,94,0,76.7,0,4,0,0,1,3,1,0
STU01433,Feamle,20,MC,Day Scholar,34316,47.6,6.86,67,2,76.5,1,5,0,0,10,0,1,0
STU01434,Feamle,23,AIML,Day Scholar,175597,100.0,7.2,42,1,49.3,0,8,0,0,9,1,0,0
STU01435,Feamle,21,AIML,Hosteler,25378,71.8,5.67,86,0,79.3,0,3,1,0,13,0,0,0
STU01436,Feamle,18,MC,Day Scholar,199741,100.0,6.77,40,1,82.6,0,6,1,1,7,0,0,0
STU01437,Feamle,20,CSE,Day Scholar,153649,84.8,6.37,11,0,84.7,1,11,0,0,14,0,1,0
STU01438,Male,22,AIML,Day Scholar,172762,71.9,5.94,7,0,74.9,0,4,1,0,5,1,1,0
STU01439,Feamle,24,ECE,Hosteler,126437,81.7,7.2,44,0,100.0,0,4,1,0,13,0,0,0
STU01440,Male,21,MC,Day Scholar,97383,44.7,7.55,87,0,83.7,0,5,0,0,7,0,0,0
STU01441,Male,20,ECE,Day Scholar,107288,90.4,7.38,0,0,71.5,1,2,1,0,8,3,0,0
STU01442,Feamle,24,CSE,Day Scholar,101976,100.0,6.85,25,2,86.3,0,8,0,0,12,0,0,0
STU01443,Feamle,24,MC,Day Scholar,93008,43.7,7.62,85,1,67.3,1,10,0,0,11,0,0,0
STU01444,Male,18,ECE,Day Scholar,170025,70.7,7.36,88,1,99.3,0,4,0,1,11,0,0,0
STU01445,Male,19,ECE,Day Scholar,108297,73.4,7.15,30,1,90.2,0,2,0,0,11,0,0,0
STU01446,Male,22,CSE,Day Scholar,103868,88.1,7.25,55,0,100.0,0,6,0,0,10,1,0,0
STU01447,Feamle,23,MC,Day Scholar,102142,100.0,8.77,97,1,100.0,1,3,0,0,12,0,1,0
STU01448,Feamle,18,AIML,Day Scholar,193671,80.7,5.19,36,1,100.0,0,4,0,0,13,1,1,1
STU01449,Feamle,21,AIML,Hosteler,114534,100.0,6.52,74,1,36.7,0,3,1,0,10,0,0,0
STU01450,Feamle,24,ECE,Day Scholar,57985,77.6,7.51,3,2,59.6,1,6,0,0,6,2,0,0
STU01451,Feamle,21,CSE,Hosteler,164609,81.8,4.63,71,1,94.1,0,8,0,0,12,2,1,1
STU01452,Male,24,ECE,Hosteler,62717,79.9,9.07,43,1,68.4,0,6,1,0,14,0,0,0
STU01453,Feamle,19,CSE,Hosteler,160099,93.3,7.38,98,0,100.0,0,2,0,0,8,1,0,0
STU01454,Male,19,AIML,Hosteler,153608,68.7,8.44,88,0,75.2,0,5,1,0,10,3,0,0
STU01455,Male,22,ECE,Day Scholar,22525,87.3,8.68,94,1,100.0,0,4,1,0,12,1,1,0
STU01456,Male,23,ECE,Day Scholar,160248,56.5,7.62,48,0,89.7,1,4,0,0,10,2,1,0
STU01457,Feamle,22,CSE,Hosteler,90423,70.7,3.65,86,0,78.3,1,5,1,0,4,2,0,0
STU01458,Feamle,19,MC,Day Scholar,109642,65.4,7.22,39,0,66.1,0,4,1,0,1,1,0,0
STU01459,Feamle,19,CSE,Day Scholar,100383,76.3,7.32,67,0,86.5,0,4,0,0,7,0,0,0
STU01460,Male,21,MC,Day Scholar,96788,70.3,5.37,99,0,76.6,0,7,0,0,10,0,1,0
STU01461,Male,19,AIML,Day Scholar,90013,92.0,4.32,70,1,64.0,0,3,0,0,11,0,0,0
STU01462,Male,20,ECE,Day Scholar,144326,61.8,7.69,9,1,51.7,0,4,0,0,2,1,0,0
STU01463,Male,24,ECE,Hosteler,37755,49.0,5.13,69,1,81.9,0,6,1,0,7,0,0,0
STU01464,Male,18,CSE,Hosteler,39608,54.6,10.0,94,0,99.8,0,5,1,0,12,1,1,1
STU01465,Male,19,CSE,Hosteler,136562,89.9,7.39,3,0,85.8,3,2,0,1,10,0,0,0
STU01466,Feamle,22,AIML,Day Scholar,79843,60.5,9.03,20,0,94.5,0,2,1,1,12,0,0,0
STU01467,Feamle,23,AIML,Day Scholar,72513,81.0,7.05,41,0,77.5,0,4,0,0,13,1,0,0
STU01468,Feamle,24,MC,Hosteler,91640,70.6,8.13,83,0,64.2,0,4,0,0,8,1,0,0
STU01469,Feamle,24,AIML,Hosteler,119446,87.4,7.08,80,0,95.1,1,5,0,0,2,1,0,0
STU01470,Male,23,AIML,Hosteler,171765,71.5,8.51,5,0,75.3,0,3,0,0,8,0,0,0
STU01471,Male,23,AIML,Day Scholar,32726,100.0,3.94,10,1,81.0,0,5,1,0,0,0,0,0
STU01472,Feamle,24,AIML,Hosteler,26898,100.0,8.33,81,1,94.8,0,3,0,0,12,0,1,0
STU01473,Male,20,MC,Day Scholar,103508,70.3,8.0,72,0,95.1,0,3,0,0,0,0,0,0
STU01474,Feamle,22,AIML,Hosteler,196017,68.2,6.77,11,0,82.1,2,10,1,1,10,1,0,0
STU01475,Feamle,20,MC,Day Scholar,196756,100.0,6.39,30,1,97.6,0,3,1,0,9,1,0,0
STU01476,Feamle,19,CSE,Hosteler,195946,58.8,6.55,30,1,90.8,1,3,0,0,11,0,1,1
STU01477,Male,18,ECE,Day Scholar,89878,74.2,7.42,42,1,91.2,0,2,1,0,2,0,0,0
STU01478,Feamle,23,CSE,Hosteler,68008,75.3,8.82,57,0,100.0,1,2,0,0,13,2,0,0
STU01479,Feamle,22,AIML,Day Scholar,154434,75.0,6.2,49,0,91.8,0,4,0,1,11,0,0,0
STU01480,Feamle,23,ECE,Day Scholar,100119,48.9,4.45,97,0,100.0,0,5,0,0,14,1,0,1
STU01481,Male,20,AIML,Day Scholar,185476,82.4,10.0,79,0,53.1,0,5,0,0,12,1,0,0
STU01482,Male,21,AIML,Day Scholar,162176,60.4,8.01,40,1,61.9,1,4,1,0,5,2,0,0
STU01483,Feamle,19,CSE,Hosteler,177120,96.5,6.41,75,0,70.4,0,4,1,0,0,0,0,0
STU01484,Male,18,AIML,Hosteler,37628,53.2,8.78,76,0,58.7,2,5,0,0,8,0,0,0
STU01485,Male,19,CSE,Day Scholar,97465,75.9,8.4,35,0,100.0,1,2,0,0,11,0,0,0
STU01486,Male,21,AIML,Day Scholar,112210,41.8,7.74,76,0,100.0,0,4,1,0,2,0,0,0
STU01487,Male,18,MC,Day Scholar,129093,42.7,6.28,43,0,94.9,0,5,1,0,8,0,0,0
STU01488,Male,21,ECE,Day Scholar,164340,62.4,8.0,65,0,87.2,1,5,0,0,12,0,0,0
STU01489,Male,19,CSE,Day Scholar,107226,64.5,8.63,14,0,59.4,1,7,0,0,11,0,0,0
STU01490,Male,20,CSE,Day Scholar,115756,97.0,4.42,76,2,89.5,0,4,1,1,3,0,0,0
STU01491,Male,24,ECE,Hosteler,84734,74.4,7.34,33,1,82.8,0,4,0,0,7,0,0,0
STU01492,Male,19,CSE,Day Scholar,161776,94.4,7.45,89,0,97.2,0,7,0,0,5,0,0,0
STU01493,Male,19,ECE,Hosteler,90050,69.3,7.4,69,1,71.2,0,7,1,1,4,0,1,0
STU01494,Feamle,19,MC,Day Scholar,132726,84.1,7.07,84,1,91.5,0,10,0,0,0,0,0,0
STU01495,Feamle,22,AIML,Hosteler,175906,64.1,8.78,43,1,100.0,0,0,0,0,3,0,0,0
STU01496,Male,21,MC,Hosteler,68308,63.1,6.68,32,1,98.4,2,5,0,0,6,0,0,0
STU01497,Feamle,21,AIML,Day Scholar,116428,47.7,7.0,78,0,83.1,0,9,0,0,14,0,0,0
STU01498,Feamle,23,ECE,Day Scholar,189455,80.0,7.47,98,3,100.0,0,3,1,0,9,0,1,0
STU01499,Male,21,MC,Hosteler,70420,78.9,6.73,91,2,62.6,0,3,1,1,2,0,1,0
STU01500,Male,23,AIML,Hosteler,143819,86.7,4.92,5,0,85.6,0,6,1,0,7,1,0,0
STU01501,Male,22,ECE,Day Scholar,165912,78.2,7.32,100,0,91.6,3,1,0,1,5,0,0,0
STU01502,Feamle,20,AIML,Day Scholar,120680,100.0,7.34,39,0,80.0,0,1,1,0,2,1,1,0
STU01503,Feamle,23,CSE,Day Scholar,44771,77.6,6.45,5,1,95.3,0,7,1,0,13,0,0,0
STU01504,Male,19,CSE,Day Scholar,179805,89.9,6.8,74,0,100.0,1,4,0,1,11,2,0,0
STU01505,Male,20,ECE,Hosteler,39480,70.1,2.23,13,0,44.2,0,3,1,1,12,0,0,0
STU01506,Male,24,AIML,Day Scholar,105555,61.4,8.81,84,1,100.0,0,7,0,0,2,1,0,0
STU01507,Feamle,22,CSE,Day Scholar,36945,85.8,8.35,83,0,69.7,1,3,0,0,14,0,0,0
STU01508,Feamle,21,MC,Day Scholar,31641,73.7,4.99,4,1,100.0,0,6,0,0,8,0,0,0
STU01509,Feamle,23,AIML,Hosteler,35232,87.5,5.99,44,0,66.7,1,14,0,1,11,0,0,0
STU01510,Feamle,19,AIML,Day Scholar,195398,80.3,9.17,58,2,90.0,1,5,1,0,4,0,0,0
STU01511,Male,18,CSE,Day Scholar,194923,63.1,5.27,72,1,90.6,0,6,0,0,14,0,0,0
STU01512,Male,24,CSE,Day Scholar,175687,91.1,7.72,93,0,77.0,0,4,1,0,12,0,1,0
STU01513,Male,18,ECE,Day Scholar,43255,61.9,6.26,42,1,71.1,1,3,1,0,5,0,0,0
STU01514,Male,20,AIML,Day Scholar,181781,84.4,7.62,52,1,100.0,2,6,0,0,14,0,0,0
STU01515,Feamle,21,MC,Day Scholar,76173,94.2,7.08,26,0,70.1,0,5,1,0,12,1,1,0
STU01516,Feamle,18,CSE,Hosteler,107891,69.2,6.58,68,0,100.0,1,8,0,0,12,0,0,0
STU01517,Male,20,AIML,Day Scholar,161140,92.3,7.58,68,1,100.0,2,4,0,0,4,0,0,0
STU01518,Male,22,CSE,Day Scholar,138785,81.0,6.26,47,0,73.4,0,5,0,0,1,0,0,0
STU01519,Feamle,20,ECE,Day Scholar,193161,87.8,4.32,78,0,48.5,1,5,0,0,3,1,0,0
STU01520,Male,24,AIML,Hosteler,128759,62.4,5.61,72,0,80.3,0,9,0,0,13,0,0,0
STU01521,Feamle,20,AIML,Day Scholar,65832,78.2,5.43,24,1,71.0,0,1,1,0,2,0,0,0
STU01522,Male,24,ECE,Hosteler,26822,53.9,4.59,7,0,93.9,0,4,1,1,7,0,0,1
STU01523,Male,20,MC,Hosteler,40893,100.0,7.55,77,0,71.2,0,6,1,0,10,0,0,0
STU01524,Male,19,CSE,Day Scholar,146901,44.8,6.74,31,0,76.4,0,3,0,0,12,0,0,0
STU01525,Male,20,ECE,Day Scholar,98033,69.7,7.53,94,1,79.3,0,8,0,1,9,1,0,0
STU01526,Male,23,AIML,Hosteler,34251,61.0,7.78,60,0,56.3,1,3,0,0,14,0,0,0
STU01527,Male,20,ECE,Day Scholar,108106,85.1,8.13,86,1,76.3,0,8,0,0,13,0,0,0
STU01528,Male,19,AIML,Day Scholar,63145,100.0,7.61,0,1,78.7,0,4,0,0,12,0,1,0
STU01529,Feamle,19,ECE,Day Scholar,105480,84.8,5.53,30,0,66.3,0,4,0,0,6,0,0,0
STU01530,Feamle,22,MC,Hosteler,91215,100.0,7.87,70,0,87.1,0,1,1,0,7,1,0,0
STU01531,Feamle,24,AIML,Day Scholar,59380,54.3,7.33,14,0,100.0,0,4,1,1,4,2,1,1
STU01532,Feamle,21,ECE,Day Scholar,41205,55.5,10.0,69,2,75.4,1,5,0,0,10,0,0,0
STU01533,Feamle,18,MC,Hosteler,76959,61.6,7.01,15,0,79.8,0,8,0,0,7,0,0,0
STU01534,Male,18,MC,Day Scholar,86948,76.8,7.57,77,1,75.0,1,3,0,0,7,2,0,0
STU01535,Male,20,CSE,Day Scholar,126177,59.6,6.86,80,0,100.0,0,4,1,0,2,0,1,0
STU01536,Feamle,22,AIML,Hosteler,94371,63.7,7.07,73,1,67.7,0,6,1,0,2,2,0,0
STU01537,Male,20,CSE,Day Scholar,180100,84.3,6.97,92,0,66.9,1,2,0,0,13,0,1,0
STU01538,Feamle,18,MC,Day Scholar,79892,56.4,6.35,71,1,69.5,2,3,0,1,5,0,1,0
STU01539,Feamle,24,CSE,Day Scholar,165875,58.0,7.27,56,1,100.0,1,7,0,1,10,1,1,1
STU01540,Male,24,CSE,Day Scholar,98331,69.0,7.93,10,0,100.0,1,3,0,0,9,2,1,0
STU01541,Male,24,ECE,Hosteler,146685,70.4,6.37,17,1,63.5,1,5,0,0,1,0,0,0
STU01542,Male,19,CSE,Day Scholar,132745,90.2,8.25,44,0,96.4,0,7,0,1,6,0,0,0
STU01543,Feamle,21,MC,Hosteler,166725,61.5,8.07,19,0,72.4,0,4,0,0,5,0,0,0
STU01544,Male,22,CSE,Day Scholar,123489,64.2,5.68,79,1,52.9,0,6,0,0,9,3,1,0
STU01545,Feamle,19,AIML,Hosteler,40674,83.7,5.55,90,1,52.9,1,7,1,0,1,0,0,0
STU01546,Feamle,21,ECE,Hosteler,62345,87.0,7.67,86,1,77.3,0,4,1,0,12,0,0,0
STU01547,Feamle,22,MC,Day Scholar,59920,96.4,6.12,13,0,97.3,0,2,0,0,3,0,0,0
STU01548,Male,22,CSE,Hosteler,183686,82.0,5.43,75,1,80.9,1,5,0,0,9,1,0,0
STU01549,Male,18,AIML,Day Scholar,38968,77.0,9.58,26,0,83.1,0,5,1,0,14,1,0,0
STU01550,Feamle,19,MC,Day Scholar,103521,83.6,5.55,76,0,44.8,0,4,1,0,10,0,0,0
STU01551,Male,22,CSE,Day Scholar,132102,71.0,4.71,79,0,73.5,1,6,0,1,6,0,0,0
STU01552,Male,23,ECE,Day Scholar,139630,70.9,5.82,96,0,75.3,1,4,0,0,10,0,0,0
STU01553,Male,24,CSE,Hosteler,74850,48.4,7.35,87,0,72.7,1,4,0,0,6,0,0,0
STU01554,Feamle,22,MC,Hosteler,37191,88.4,7.11,75,0,60.5,3,3,0,0,3,0,1,0
STU01555,Feamle,21,MC,Day Scholar,129155,78.2,9.83,8,1,100.0,1,2,0,0,6,0,0,0
STU01556,Male,18,MC,Day Scholar,142033,86.7,5.85,12,0,92.3,1,5,0,0,10,2,0,0
STU01557,Feamle,20,AIML,Day Scholar,126610,32.8,7.35,44,0,97.6,0,3,0,0,3,2,0,0
STU01558,Male,24,CSE,Hosteler,137415,74.3,8.69,7,0,82.7,1,5,0,0,14,0,1,0
STU01559,Male,18,CSE,Hosteler,117444,62.2,6.01,55,1,100.0,0,5,1,1,3,0,0,0
STU01560,Male,20,CSE,Hosteler,65252,97.5,8.06,81,1,61.9,1,8,1,0,10,0,0,0
STU01561,Male,19,ECE,Hosteler,114608,84.2,4.25,90,0,98.0,1,2,0,0,5,0,0,0
STU01562,Feamle,19,AIML,Hosteler,163165,78.5,9.64,96,0,57.1,0,10,0,0,8,2,1,0
STU01563,Feamle,22,AIML,Day Scholar,93701,68.5,8.49,6,0,81.9,2,8,1,0,1,2,0,0
STU01564,Feamle,23,ECE,Hosteler,133388,81.0,5.98,76,1,81.0,1,6,1,0,9,1,0,0
STU01565,Male,19,AIML,Day Scholar,106091,61.1,8.24,14,1,82.8,1,3,0,0,3,0,1,0
STU01566,Male,22,ECE,Day Scholar,46025,73.5,8.97,97,0,81.1,1,7,0,0,2,0,0,0
STU01567,Male,24,MC,Hosteler,185408,66.3,5.07,55,2,37.3,1,12,1,0,2,0,0,0
STU01568,Feamle,18,MC,Day Scholar,111434,100.0,6.1,83,0,72.8,1,3,1,0,3,0,1,0
STU01569,Male,19,AIML,Day Scholar,45436,97.0,9.02,55,3,79.4,0,7,0,0,5,0,0,0
STU01570,Feamle,18,MC,Day Scholar,62690,90.9,7.1,36,1,70.8,1,7,0,0,12,0,0,0
STU01571,Feamle,18,MC,Day Scholar,179166,52.6,7.65,63,1,49.5,0,4,0,1,5,0,0,0
STU01572,Feamle,23,MC,Hosteler,24509,88.0,7.11,16,0,73.7,0,3,0,0,14,0,0,0
STU01573,Feamle,19,CSE,Day Scholar,58677,77.8,8.34,92,1,93.2,0,4,1,1,1,2,0,0
STU01574,Feamle,18,MC,Day Scholar,187007,93.4,7.77,20,0,100.0,1,7,0,1,12,0,0,0
STU01575,Feamle,23,CSE,Day Scholar,95646,79.8,7.16,77,0,77.9,1,7,1,0,4,0,0,0
STU01576,Male,23,ECE,Day Scholar,142294,74.9,3.85,92,0,76.0,0,6,0,0,8,1,0,0
STU01577,Male,19,ECE,Day Scholar,142697,78.5,7.96,85,0,65.2,1,13,1,0,3,0,0,0
STU01578,Feamle,23,ECE,Day Scholar,87050,47.9,8.09,51,0,100.0,0,9,1,1,12,0,0,0
STU01579,Feamle,19,ECE,Day Scholar,168867,63.5,5.14,32,0,66.1,0,6,0,0,1,0,0,0
STU01580,Male,19,ECE,Day Scholar,113148,80.6,5.24,76,1,73.9,0,4,1,0,14,2,0,0
STU01581,Feamle,20,MC,Day Scholar,60492,92.1,7.78,94,1,89.5,0,6,1,0,5,1,1,0
STU01582,Feamle,18,MC,Hosteler,155239,66.7,7.29,11,0,99.5,1,4,0,0,5,0,0,0
STU01583,Male,21,MC,Hosteler,102942,74.4,4.04,95,0,70.2,0,4,0,1,8,0,1,0
STU01584,Feamle,19,ECE,Day Scholar,114739,51.0,5.77,45,0,76.4,1,3,1,0,4,0,1,0
STU01585,Feamle,18,ECE,Hosteler,114784,96.9,7.47,69,0,75.7,0,1,0,0,14,2,0,0
STU01586,Feamle,24,CSE,Hosteler,130267,91.7,8.02,74,0,53.2,0,3,0,1,7,0,0,0
STU01587,Male,23,AIML,Day Scholar,160376,84.8,6.12,86,1,89.0,1,6,0,0,2,0,0,0
STU01588,Male,22,MC,Hosteler,79289,81.1,6.78,70,0,68.1,0,1,1,0,6,0,0,0
STU01589,Male,19,AIML,Hosteler,24808,98.3,5.68,56,0,71.4,0,7,0,0,14,0,1,0
STU01590,Feamle,23,ECE,Day Scholar,113991,62.9,8.99,19,0,86.8,0,5,0,0,11,0,1,0
STU01591,Feamle,23,ECE,Day Scholar,94369,61.3,7.26,67,1,81.9,0,5,1,0,11,2,0,0
STU01592,Male,23,ECE,Day Scholar,51897,90.9,6.0,84,0,100.0,0,4,0,0,0,0,0,0
STU01593,Feamle,23,AIML,Day Scholar,125037,89.9,5.27,43,0,100.0,0,1,1,0,2,1,0,0
STU01594,Feamle,23,CSE,Day Scholar,155979,57.1,5.1,29,0,100.0,0,6,0,0,11,0,0,1
STU01595,Feamle,19,ECE,Day Scholar,97214,67.0,9.72,24,0,100.0,0,5,0,0,6,1,0,0
STU01596,Feamle,24,CSE,Day Scholar,88761,100.0,6.74,30,0,100.0,0,2,0,0,12,0,0,0
STU01597,Feamle,21,CSE,Day Scholar,152086,81.2,6.4,1,1,47.2,1,3,0,0,1,2,0,0
STU01598,Male,20,MC,Day Scholar,92304,86.8,6.68,83,2,91.1,1,4,1,0,12,0,0,0
STU01599,Feamle,23,AIML,Day Scholar,123762,57.6,6.05,53,0,86.4,1,1,1,1,13,0,0,0
STU01600,Male,23,ECE,Hosteler,78884,84.8,6.84,13,0,85.5,1,8,0,0,5,0,0,0
STU01601,Feamle,20,CSE,Hosteler,94398,53.7,7.05,22,0,70.4,0,5,0,0,7,1,0,0
STU01602,Male,24,AIML,Day Scholar,129265,45.3,7.02,68,0,45.0,0,2,0,0,8,2,0,0
STU01603,Feamle,24,AIML,Hosteler,24942,85.9,5.11,51,0,69.0,0,4,0,0,12,0,0,0
STU01604,Male,19,ECE,Day Scholar,82681,96.5,8.34,82,0,66.5,0,4,0,0,8,0,1,0
STU01605,Feamle,18,MC,Day Scholar,121347,71.2,6.17,49,0,93.9,0,3,1,0,12,0,0,0
STU01606,Male,22,MC,Day Scholar,27370,66.8,6.01,70,1,74.3,1,4,1,0,2,0,0,0
STU01607,Feamle,22,CSE,Hosteler,195204,100.0,5.94,84,1,100.0,0,5,1,0,11,0,0,0
STU01608,Male,18,MC,Day Scholar,164744,72.1,5.42,32,2,100.0,0,7,0,0,9,0,0,0
STU01609,Feamle,19,MC,Hosteler,76209,74.0,7.4,83,0,63.6,1,4,0,0,0,2,0,0
STU01610,Male,22,MC,Day Scholar,93905,100.0,8.34,8,0,58.9,0,7,0,0,5,0,1,0
STU01611,Male,24,AIML,Day Scholar,159539,69.7,5.92,94,0,89.8,1,6,1,0,2,0,0,0
STU01612,Feamle,20,ECE,Hosteler,178007,65.2,4.24,7,0,92.1,1,4,0,0,3,0,0,0
STU01613,Feamle,18,AIML,Day Scholar,66721,87.2,5.46,74,0,82.2,0,10,0,1,11,0,0,0
STU01614,Male,24,AIML,Hosteler,105401,64.3,6.33,6,1,56.8,0,3,0,0,10,0,0,0
STU01615,Feamle,21,ECE,Day Scholar,31551,72.8,5.15,20,0,86.8,0,4,0,0,12,0,0,0
STU01616,Male,19,AIML,Hosteler,199724,55.2,6.1,91,0,75.7,1,5,0,0,13,0,1,1
STU01617,Male,18,CSE,Hosteler,62384,77.8,6.17,52,0,94.0,1,10,1,0,4,1,0,0
STU01618,Male,22,CSE,Hosteler,74488,76.0,6.98,14,1,75.5,0,5,1,0,0,1,0,0
STU01619,Feamle,19,AIML,Hosteler,116953,89.5,4.82,71,0,96.6,1,1,1,0,5,1,0,0
STU01620,Male,20,MC,Day Scholar,199669,87.9,7.87,51,0,96.7,0,3,0,1,3,0,1,0
STU01621,Male,19,AIML,Day Scholar,137648,83.3,9.49,75,0,68.3,0,9,1,1,9,1,0,0
STU01622,Feamle,19,MC,Day Scholar,158969,80.9,9.14,68,0,94.8,1,4,1,0,8,0,1,0
STU01623,Feamle,20,AIML,Hosteler,67604,73.9,6.12,71,0,90.5,1,11,0,0,1,0,0,0
STU01624,Feamle,23,CSE,Day Scholar,59819,84.1,8.0,36,1,76.7,0,8,0,0,3,0,0,0
STU01625,Feamle,20,MC,Day Scholar,128868,58.3,7.83,77,0,100.0,1,6,1,0,0,0,0,0
STU01626,Male,24,CSE,Day Scholar,138756,39.8,6.93,3,1,54.5,1,5,1,0,13,0,0,0
STU01627,Male,19,AIML,Day Scholar,160854,92.4,7.27,90,3,71.4,0,7,0,0,5,0,0,0
STU01628,Male,20,ECE,Day Scholar,50398,85.1,8.02,78,0,100.0,0,3,0,0,1,3,0,0
STU01629,Male,23,MC,Hosteler,73532,73.1,8.33,83,0,83.6,0,3,1,1,13,0,0,0
STU01630,Feamle,24,MC,Day Scholar,45688,91.1,5.78,60,0,77.3,0,2,1,0,8,0,0,0
STU01631,Male,18,AIML,Day Scholar,176716,64.0,8.12,21,0,74.6,0,4,0,0,5,3,0,0
STU01632,Male,20,AIML,Day Scholar,191505,64.4,9.5,48,0,64.1,1,3,1,0,4,0,0,0
STU01633,Feamle,20,MC,Hosteler,171105,62.3,8.32,35,1,100.0,1,4,0,0,0,0,1,0
STU01634,Male,19,ECE,Hosteler,154979,83.5,9.3,93,1,83.7,0,2,0,1,12,0,0,0
STU01635,Male,24,AIML,Hosteler,187571,51.3,3.12,96,2,80.7,0,4,1,0,0,0,0,1
STU01636,Male,18,AIML,Hosteler,93221,63.5,7.89,62,1,100.0,0,8,0,0,0,2,0,0
STU01637,Male,21,AIML,Hosteler,159345,79.3,7.4,91,1,100.0,0,6,0,0,4,0,0,0
STU01638,Male,21,ECE,Day Scholar,64666,56.9,8.54,37,0,84.6,0,2,0,0,3,0,0,0
STU01639,Male,22,MC,Day Scholar,164550,65.1,5.31,39,0,100.0,0,4,0,0,9,0,0,0
STU01640,Feamle,20,CSE,Day Scholar,115980,41.8,6.24,63,1,52.4,0,2,0,0,9,0,0,0
STU01641,Feamle,20,AIML,Hosteler,95553,84.1,8.35,67,1,100.0,1,7,0,0,1,1,0,0
STU01642,Male,18,ECE,Day Scholar,140557,64.7,5.41,55,1,89.7,1,10,0,1,14,0,0,0
STU01643,Male,23,MC,Hosteler,131925,58.5,7.36,13,0,95.2,2,7,0,0,8,0,1,1
STU01644,Feamle,21,MC,Day Scholar,116215,55.6,6.97,1,0,55.5,0,8,1,0,0,0,0,0
STU01645,Male,22,ECE,Day Scholar,28273,68.7,6.71,100,1,60.1,1,1,1,0,11,2,0,0
STU01646,Male,18,AIML,Day Scholar,69245,51.3,7.86,62,0,77.9,0,2,1,0,5,0,0,0
STU01647,Male,20,CSE,Day Scholar,110106,100.0,5.33,18,1,86.7,0,8,1,0,12,0,0,0
STU01648,Feamle,21,AIML,Day Scholar,197472,39.2,5.83,77,0,86.5,0,4,0,1,5,1,0,0
STU01649,Male,24,MC,Hosteler,59708,68.2,6.79,70,0,76.8,0,8,0,1,10,1,0,0
STU01650,Feamle,22,CSE,Hosteler,52552,76.6,5.2,8,0,67.4,0,5,1,0,0,0,0,0
STU01651,Male,19,AIML,Hosteler,46430,63.4,8.85,32,0,82.7,1,11,0,0,2,1,0,0
STU01652,Feamle,21,CSE,Hosteler,179647,78.2,5.8,87,1,43.8,1,3,1,1,8,1,0,0
STU01653,Feamle,22,ECE,Day Scholar,78433,63.0,8.18,60,0,100.0,1,6,1,0,2,1,0,0
STU01654,Male,18,AIML,Hosteler,69775,98.0,5.69,84,0,76.9,3,4,1,0,9,0,0,0
STU01655,Feamle,19,MC,Day Scholar,63436,58.2,8.06,43,0,64.2,1,4,0,0,1,0,0,0
STU01656,Male,22,MC,Hosteler,184010,39.7,4.59,64,0,65.6,0,7,0,0,1,0,0,1
STU01657,Feamle,22,CSE,Day Scholar,46358,55.5,9.11,84,0,57.6,0,6,1,0,14,2,0,0
STU01658,Male,20,ECE,Day Scholar,159841,80.8,8.7,56,0,100.0,0,6,0,0,3,0,0,0
STU01659,Male,23,AIML,Hosteler,93795,73.2,6.17,23,1,90.3,0,5,1,1,7,0,0,0
STU01660,Feamle,21,ECE,Day Scholar,119819,86.3,5.76,43,1,77.6,0,3,0,0,14,1,0,0
STU01661,Male,20,ECE,Day Scholar,115265,82.5,7.69,67,0,77.1,0,5,0,0,7,0,0,0
STU01662,Male,24,CSE,Hosteler,93728,65.5,4.71,5,1,72.0,1,3,0,0,6,0,0,0
STU01663,Feamle,19,CSE,Day Scholar,120502,67.7,7.05,66,1,39.5,0,6,0,0,11,2,0,0
STU01664,Male,23,AIML,Hosteler,37285,69.2,5.79,33,1,95.6,0,6,0,0,7,1,1,0
STU01665,Male,22,MC,Day Scholar,173359,100.0,6.62,24,1,80.1,2,8,0,0,2,0,1,0
STU01666,Feamle,20,AIML,Day Scholar,67361,85.4,6.03,26,0,92.0,0,7,0,0,1,2,0,0
STU01667,Feamle,23,ECE,Day Scholar,196877,100.0,5.8,17,1,98.1,1,6,0,1,8,0,0,0
STU01668,Male,24,CSE,Day Scholar,51347,87.6,9.56,4,1,100.0,0,2,0,0,6,1,0,0
STU01669,Male,21,ECE,Hosteler,160058,74.0,8.17,87,1,83.0,0,6,0,1,11,0,0,0
STU01670,Feamle,24,CSE,Day Scholar,22066,59.7,4.78,95,0,82.8,0,4,0,0,14,2,0,1
STU01671,Feamle,19,MC,Day Scholar,62779,78.0,5.69,84,0,100.0,1,3,0,0,0,2,1,0
STU01672,Male,18,ECE,Day Scholar,77714,74.1,8.29,43,0,77.9,0,6,0,0,11,0,0,0
STU01673,Feamle,20,CSE,Day Scholar,104458,73.6,8.45,97,2,100.0,1,6,0,0,3,0,0,0
STU01674,Male,19,AIML,Day Scholar,122211,71.9,4.92,92,0,100.0,0,6,0,0,1,0,0,0
STU01675,Male,18,AIML,Day Scholar,76112,44.2,8.05,4,0,69.3,1,7,0,1,3,2,1,0
STU01676,Male,20,AIML,Hosteler,133904,93.9,7.4,60,0,66.3,2,5,1,0,9,0,0,0
STU01677,Male,19,ECE,Day Scholar,128550,74.2,4.09,91,0,57.7,0,4,0,0,5,0,0,0
STU01678,Male,24,CSE,Hosteler,130962,53.8,6.4,5,2,97.9,2,2,0,0,13,0,1,1
STU01679,Feamle,19,CSE,Day Scholar,39705,82.2,6.8,74,2,26.4,0,5,1,1,11,1,1,0
STU01680,Feamle,23,CSE,Day Scholar,175176,62.2,7.07,38,0,26.8,0,5,0,1,10,0,1,0
STU01681,Feamle,24,ECE,Day Scholar,96456,83.4,5.02,7,0,87.5,1,5,1,0,1,0,1,0
STU01682,Feamle,20,CSE,Hosteler,62125,88.2,5.86,98,0,49.9,0,9,0,0,8,0,0,0
STU01683,Male,19,MC,Day Scholar,78852,90.3,6.07,74,0,59.0,1,4,0,0,12,1,0,0
STU01684,Male,22,ECE,Day Scholar,132053,72.6,6.2,83,1,83.6,1,3,1,0,6,0,0,0
STU01685,Male,20,MC,Day Scholar,188398,68.8,6.22,42,3,49.7,0,4,0,0,1,2,0,0
STU01686,Male,19,MC,Hosteler,118226,65.6,6.8,85,0,53.1,0,1,0,0,0,1,0,0
STU01687,Feamle,23,AIML,Day Scholar,65536,64.2,7.46,40,0,100.0,0,5,0,0,14,1,1,0
STU01688,Male,18,ECE,Hosteler,176171,74.7,9.66,75,0,87.9,1,4,1,0,10,1,1,0
STU01689,Male,18,CSE,Day Scholar,145138,71.9,8.31,68,1,98.7,0,5,0,1,3,0,0,0
STU01690,Feamle,22,MC,Hosteler,122643,62.6,8.98,97,0,68.1,0,2,1,0,3,0,0,0
STU01691,Feamle,20,ECE,Hosteler,184078,57.8,6.28,97,2,100.0,1,1,1,0,2,0,0,0
STU01692,Feamle,23,CSE,Hosteler,135908,73.4,5.49,29,0,18.4,0,6,1,1,12,0,1,0
STU01693,Feamle,19,AIML,Hosteler,44810,68.5,8.2,58,0,47.8,1,3,1,0,14,1,0,0
STU01694,Male,19,ECE,Hosteler,145640,57.9,6.98,22,0,45.5,0,7,0,0,1,0,0,0
STU01695,Male,18,ECE,Day Scholar,117894,87.5,8.1,99,1,61.6,2,5,0,0,5,1,0,0
STU01696,Feamle,23,ECE,Day Scholar,27388,100.0,5.68,56,0,100.0,0,5,1,1,8,1,0,0
STU01697,Male,24,CSE,Hosteler,139280,89.4,7.97,24,0,100.0,0,6,1,0,13,1,1,0
STU01698,Male,22,MC,Day Scholar,111631,64.2,6.74,47,0,82.8,0,5,0,0,11,2,0,0
STU01699,Male,18,MC,Day Scholar,79247,74.2,6.31,69,1,91.2,0,4,1,1,6,0,0,0
STU01700,Feamle,18,ECE,Day Scholar,95962,98.1,6.45,41,1,31.8,0,3,1,0,14,1,1,0
STU01701,Male,22,ECE,Hosteler,191922,57.4,7.74,28,0,90.2,0,5,0,0,13,0,0,0
STU01702,Feamle,20,CSE,Hosteler,176583,86.7,8.16,84,0,66.7,0,5,0,0,3,1,0,0
STU01703,Male,19,AIML,Day Scholar,190296,53.3,6.45,70,1,58.3,0,2,1,0,8,1,0,0
STU01704,Male,20,ECE,Hosteler,45394,100.0,7.52,100,1,71.4,0,2,1,0,9,0,0,0
STU01705,Male,23,ECE,Hosteler,73269,68.5,7.51,44,0,76.6,0,6,1,0,14,0,1,0
STU01706,Feamle,24,AIML,Hosteler,87975,100.0,8.11,40,0,100.0,0,8,0,0,14,0,0,0
STU01707,Male,21,ECE,Hosteler,30019,100.0,8.48,72,1,48.3,1,5,0,0,8,0,0,0
STU01708,Feamle,21,MC,Day Scholar,42470,73.4,9.72,62,0,59.3,0,3,0,0,10,0,0,0
STU01709,Feamle,21,ECE,Hosteler,73976,64.2,6.3,46,0,100.0,0,2,1,0,11,2,0,0
STU01710,Feamle,22,MC,Day Scholar,145468,77.9,9.19,99,1,55.0,1,9,0,0,12,0,0,0
STU01711,Male,18,CSE,Day Scholar,150752,72.3,7.18,0,0,42.5,2,3,1,0,10,0,0,0
STU01712,Male,24,CSE,Day Scholar,112727,69.0,5.36,94,0,100.0,0,5,1,0,13,0,0,0
STU01713,Male,20,MC,Hosteler,128369,50.1,6.02,19,2,57.5,1,6,1,0,7,0,0,0
STU01714,Male,19,MC,Hosteler,199075,67.3,7.7,91,0,76.7,1,4,0,0,13,0,0,0
STU01715,Feamle,21,AIML,Day Scholar,130803,58.3,8.09,18,0,75.5,0,2,0,0,7,0,0,0
STU01716,Feamle,20,MC,Day Scholar,180730,83.3,5.48,64,0,100.0,1,4,0,0,13,0,0,0
STU01717,Feamle,21,MC,Day Scholar,93905,89.9,5.85,92,0,81.6,0,4,0,0,7,0,0,0
STU01718,Male,24,ECE,Day Scholar,94658,86.1,6.2,73,0,86.3,2,8,0,0,6,1,0,0
STU01719,Feamle,21,AIML,Day Scholar,31928,80.1,5.7,35,2,94.8,1,8,0,1,3,3,0,0
STU01720,Male,19,MC,Day Scholar,54804,62.2,4.18,22,1,96.8,2,8,0,1,6,0,1,0
STU01721,Feamle,23,MC,Day Scholar,71243,78.1,3.67,81,0,98.7,0,4,1,0,7,0,0,0
STU01722,Male,23,MC,Day Scholar,189390,86.9,6.43,28,0,100.0,0,7,0,0,2,0,1,0
STU01723,Male,24,ECE,Hosteler,141118,66.2,7.38,91,0,66.4,0,3,1,0,4,0,1,0
STU01724,Feamle,23,ECE,Hosteler,198884,76.8,7.98,43,1,60.9,0,6,0,1,6,0,0,0
STU01725,Feamle,22,ECE,Hosteler,196120,72.8,4.96,6,0,70.6,2,5,0,0,1,0,0,0
STU01726,Feamle,18,CSE,Hosteler,147561,99.9,4.98,30,1,64.8,1,2,0,1,6,0,0,0
STU01727,Feamle,22,ECE,Day Scholar,150218,87.8,6.21,37,2,95.9,0,5,0,0,8,0,0,0
STU01728,Male,20,MC,Hosteler,193947,84.1,7.01,65,1,38.8,3,6,0,0,11,0,1,0
STU01729,Feamle,22,ECE,Day Scholar,175663,49.2,8.51,78,1,100.0,0,5,1,0,1,0,0,0
STU01730,Feamle,20,ECE,Day Scholar,142351,77.6,8.08,21,1,89.5,0,2,0,0,6,1,1,0
STU01731,Feamle,20,AIML,Hosteler,164963,72.7,6.45,74,0,46.6,1,1,0,0,6,0,0,0
STU01732,Male,18,MC,Day Scholar,129430,72.5,7.54,53,0,80.7,0,1,0,0,1,0,1,0
STU01733,Male,19,ECE,Hosteler,27721,51.5,5.73,53,0,86.7,2,4,0,0,11,0,0,0
STU01734,Feamle,24,CSE,Hosteler,177224,58.7,7.11,82,1,97.8,0,3,0,0,9,0,0,0
STU01735,Male,18,AIML,Day Scholar,92659,74.0,6.91,5,1,78.9,0,11,0,0,10,1,1,0
STU01736,Feamle,24,ECE,Day Scholar,145770,91.7,9.11,72,1,80.0,0,7,0,1,2,0,0,0
STU01737,Male,23,AIML,Hosteler,187184,66.1,7.74,61,0,77.5,1,5,0,0,8,0,0,0
STU01738,Male,23,AIML,Hosteler,40840,69.0,5.84,28,0,100.0,1,4,1,0,4,0,0,0
STU01739,Male,22,CSE,Hosteler,152280,100.0,5.86,42,0,100.0,0,7,1,1,4,0,0,0
STU01740,Male,20,CSE,Hosteler,169314,70.5,6.5,66,0,86.0,0,8,1,0,9,0,0,0
STU01741,Feamle,21,CSE,Hosteler,21971,73.1,4.65,61,0,68.2,0,8,1,0,4,3,0,0
STU01742,Feamle,21,MC,Day Scholar,49795,73.3,6.65,12,1,87.6,1,9,0,0,9,0,0,0
STU01743,Feamle,24,AIML,Hosteler,119417,54.8,6.78,63,0,100.0,0,5,0,0,1,0,0,0
STU01744,Male,20,ECE,Day Scholar,152055,83.6,7.7,46,3,80.2,0,6,0,0,11,3,0,0
STU01745,Feamle,24,CSE,Day Scholar,162574,65.2,7.92,59,0,65.9,1,5,0,1,0,0,1,0
STU01746,Feamle,18,CSE,Day Scholar,179649,74.5,7.15,14,0,100.0,0,9,0,0,6,0,0,0
STU01747,Feamle,19,AIML,Hosteler,129267,81.7,4.56,4,0,84.7,0,5,0,0,7,0,0,0
STU01748,Male,18,AIML,Day Scholar,146032,100.0,5.17,68,0,82.1,0,5,1,1,12,3,0,0
STU01749,Male,20,AIML,Hosteler,161426,55.2,6.09,1,0,50.4,0,7,0,1,0,0,0,0
STU01750,Male,20,ECE,Day Scholar,174932,88.0,7.98,37,1,82.3,0,5,0,0,6,0,0,0
STU01751,Feamle,19,MC,Hosteler,184400,88.0,7.93,93,0,97.5,0,4,0,0,10,0,1,0
STU01752,Feamle,24,MC,Day Scholar,116515,65.4,6.63,53,1,70.0,2,2,1,0,0,1,0,0
STU01753,Feamle,22,CSE,Hosteler,62769,84.0,10.0,91,0,75.4,1,3,0,0,2,0,0,0
STU01754,Male,22,MC,Hosteler,171843,99.7,9.34,38,2,80.8,0,3,0,0,9,0,0,0
STU01755,Male,19,ECE,Hosteler,72084,63.5,8.86,95,0,81.5,0,3,0,0,6,0,0,0
STU01756,Feamle,22,MC,Hosteler,61250,78.6,8.05,19,1,84.1,1,5,1,0,4,2,0,0
STU01757,Male,21,ECE,Day Scholar,131133,81.1,7.69,19,1,100.0,2,3,0,1,1,0,0,0
STU01758,Male,22,CSE,Day Scholar,198939,83.0,7.58,28,2,70.5,1,4,0,0,0,0,0,0
STU01759,Male,22,AIML,Hosteler,125534,86.5,4.29,34,0,66.8,1,3,0,0,9,0,0,0
STU01760,Male,22,ECE,Day Scholar,168403,77.5,5.42,31,1,63.7,0,4,0,0,12,0,0,0
STU01761,Feamle,21,AIML,Day Scholar,96255,82.7,6.67,16,2,73.6,1,3,0,0,5,0,1,0
STU01762,Male,24,CSE,Day Scholar,119652,61.3,7.19,50,1,58.3,0,6,0,0,0,1,0,0
STU01763,Male,22,ECE,Hosteler,28572,77.5,6.81,7,1,75.6,0,5,1,0,2,0,0,0
STU01764,Male,23,ECE,Day Scholar,29896,67.9,7.41,20,0,96.1,0,3,0,0,13,0,0,0
STU01765,Male,21,MC,Hosteler,53077,56.6,3.85,22,0,100.0,1,5,0,0,4,0,1,1
STU01766,Feamle,19,ECE,Day Scholar,95226,67.4,7.76,50,0,59.0,0,9,1,0,3,0,0,0
STU01767,Feamle,18,CSE,Day Scholar,66221,79.0,7.09,90,0,72.6,1,3,0,1,7,1,0,0
STU01768,Male,19,AIML,Day Scholar,61620,81.5,6.72,5,0,90.7,1,9,0,0,0,0,1,0
STU01769,Male,18,ECE,Day Scholar,105367,56.0,8.39,51,0,68.0,0,7,0,0,3,0,0,0
STU01770,Male,19,CSE,Day Scholar,136961,60.9,5.43,7,0,99.0,1,5,0,0,6,0,1,0
STU01771,Male,23,CSE,Hosteler,111609,85.9,6.64,98,1,76.5,1,5,1,0,7,1,0,0
STU01772,Male,18,ECE,Day Scholar,161336,82.6,7.43,68,0,47.3,0,2,0,1,3,0,0,0
STU01773,Male,18,MC,Hosteler,36049,88.3,5.72,32,0,87.4,1,5,0,0,14,0,0,0
STU01774,Feamle,20,ECE,Hosteler,100379,95.5,3.99,61,1,95.7,0,5,0,0,11,1,0,0
STU01775,Male,18,ECE,Day Scholar,49236,83.1,5.27,64,1,62.6,0,2,1,1,8,0,0,0
STU01776,Feamle,18,MC,Day Scholar,172195,68.8,6.9,62,1,69.7,0,8,0,1,6,1,0,0
STU01777,Feamle,20,CSE,Day Scholar,177079,76.7,6.63,87,0,67.7,0,11,1,0,7,0,0,0
STU01778,Male,22,ECE,Day Scholar,30142,99.9,6.97,31,0,86.2,0,8,1,0,2,0,0,0
STU01779,Feamle,22,MC,Day Scholar,48498,100.0,6.01,54,0,63.8,0,8,0,1,7,0,1,0
STU01780,Feamle,20,AIML,Hosteler,184298,81.9,5.03,32,0,76.5,0,5,1,0,11,0,0,0
STU01781,Feamle,21,AIML,Hosteler,60348,83.0,7.21,37,2,58.8,0,6,0,0,8,0,0,0
STU01782,Feamle,18,MC,Day Scholar,47524,85.9,6.75,1,0,75.7,0,6,0,0,9,0,0,0
STU01783,Feamle,18,CSE,Hosteler,166370,75.4,7.96,80,0,78.9,0,10,1,0,11,3,0,0
STU01784,Feamle,20,MC,Day Scholar,163207,92.5,5.88,9,0,70.2,1,6,0,1,0,1,0,0
STU01785,Male,20,CSE,Day Scholar,140138,90.1,3.97,100,2,45.1,0,6,1,0,4,1,0,0
STU01786,Feamle,21,AIML,Day Scholar,92916,80.3,3.09,100,0,100.0,2,3,0,0,5,0,1,0
STU01787,Feamle,23,ECE,Day Scholar,118002,70.2,6.4,65,1,87.6,1,2,1,0,5,0,0,0
STU01788,Feamle,22,MC,Hosteler,56788,52.2,7.19,75,0,67.5,0,3,1,0,9,1,0,0
STU01789,Male,19,AIML,Day Scholar,175992,86.0,6.65,100,2,87.0,0,6,0,0,10,2,0,0
STU01790,Feamle,23,ECE,Hosteler,82015,78.2,6.15,93,0,95.9,2,13,0,1,2,0,0,0
STU01791,Male,24,AIML,Day Scholar,156715,63.9,4.61,14,0,89.4,0,2,1,0,6,0,1,0
STU01792,Feamle,22,MC,Hosteler,70094,58.1,4.17,86,1,94.2,0,3,0,1,1,0,0,1
STU01793,Male,18,MC,Day Scholar,167801,84.9,7.55,81,0,100.0,2,8,0,1,0,0,0,0
STU01794,Male,24,ECE,Day Scholar,73046,51.0,6.66,60,0,63.8,0,10,0,0,13,1,0,1
STU01795,Feamle,23,MC,Day Scholar,146199,79.5,6.45,30,0,73.6,0,2,1,0,5,0,0,0
STU01796,Feamle,20,AIML,Day Scholar,192356,87.7,4.69,37,0,81.6,0,2,0,0,4,0,0,0
STU01797,Male,21,ECE,Day Scholar,104058,83.2,5.55,28,0,88.1,2,5,1,0,1,0,0,0
STU01798,Feamle,22,ECE,Day Scholar,106309,69.1,7.07,77,1,86.2,0,9,0,1,5,1,0,0
STU01799,Male,21,AIML,Day Scholar,31804,56.3,7.43,42,1,37.8,0,6,1,1,12,0,0,0
STU01800,Male,24,CSE,Day Scholar,158888,83.8,6.75,22,1,100.0,0,4,0,0,12,0,0,0
STU01801,Male,22,ECE,Day Scholar,178545,93.0,9.07,24,0,100.0,2,8,0,0,11,0,1,0
STU01802,Male,23,CSE,Day Scholar,163004,66.4,6.14,27,0,68.9,2,2,0,0,7,0,0,0
STU01803,Male,18,AIML,Day Scholar,103030,82.6,8.93,98,2,93.5,1,7,0,0,3,0,0,0
STU01804,Feamle,19,AIML,Hosteler,174781,98.7,7.33,93,1,66.0,0,7,1,0,3,1,0,0
STU01805,Male,21,ECE,Day Scholar,115725,80.1,7.16,90,0,59.6,1,5,1,0,0,0,0,0
STU01806,Male,21,MC,Day Scholar,116441,69.0,8.4,71,0,62.2,0,2,0,1,12,0,0,0
STU01807,Feamle,19,ECE,Day Scholar,26487,90.6,6.06,82,0,70.5,1,3,1,0,14,0,1,0
STU01808,Male,21,MC,Day Scholar,168276,63.9,6.51,0,1,89.0,1,6,0,0,3,0,1,0
STU01809,Feamle,21,CSE,Day Scholar,25988,55.5,5.16,19,0,90.0,0,4,0,1,3,0,1,1
STU01810,Feamle,22,MC,Day Scholar,47364,87.2,8.4,93,0,75.8,0,7,1,0,6,0,0,0
STU01811,Feamle,22,ECE,Hosteler,189475,68.9,7.5,28,0,47.9,0,3,0,0,10,0,1,0
STU01812,Male,19,MC,Day Scholar,41048,70.3,8.65,7,1,88.9,1,3,1,0,3,1,1,0
STU01813,Male,24,AIML,Day Scholar,158165,65.6,7.31,61,1,100.0,0,4,1,0,0,1,0,0
STU01814,Male,18,CSE,Day Scholar,103483,67.9,8.65,13,1,75.6,1,7,1,0,10,0,0,0
STU01815,Feamle,23,AIML,Day Scholar,49196,96.0,5.88,37,0,78.7,1,4,0,0,8,0,0,0
STU01816,Male,23,AIML,Hosteler,42727,99.9,8.48,2,0,100.0,0,4,1,0,3,0,0,0
STU01817,Feamle,24,AIML,Day Scholar,193239,100.0,6.4,2,0,97.5,1,4,0,0,9,0,0,0
STU01818,Male,21,AIML,Day Scholar,175956,91.4,7.0,54,0,61.2,0,4,1,1,5,0,0,0
STU01819,Feamle,18,MC,Hosteler,54607,82.0,8.09,77,0,57.8,0,7,0,0,4,0,0,0
STU01820,Male,19,AIML,Day Scholar,64312,53.5,10.0,20,2,55.4,1,1,0,1,1,0,0,0
STU01821,Male,24,MC,Day Scholar,60769,72.2,8.23,34,1,87.6,0,7,0,0,9,0,0,0
STU01822,Male,19,AIML,Day Scholar,150205,100.0,8.37,43,1,100.0,0,5,1,0,6,0,0,0
STU01823,Feamle,22,ECE,Day Scholar,160647,68.5,6.18,43,0,91.4,0,6,0,0,8,0,0,0
STU01824,Feamle,21,AIML,Day Scholar,186146,97.7,7.24,42,1,60.8,0,4,0,1,13,0,0,0
STU01825,Male,20,ECE,Day Scholar,161736,75.8,6.86,40,1,97.1,0,6,0,0,7,1,0,0
STU01826,Male,19,MC,Day Scholar,100650,34.8,9.11,26,1,64.1,2,1,0,0,14,3,0,0
STU01827,Feamle,24,CSE,Day Scholar,107060,84.6,6.78,91,0,100.0,0,6,0,1,14,0,0,0
STU01828,Feamle,21,MC,Day Scholar,96695,94.0,8.99,27,0,68.8,1,4,0,0,8,1,0,0
STU01829,Feamle,18,CSE,Day Scholar,164371,74.3,5.05,4,0,58.6,0,5,0,0,14,0,0,0
STU01830,Male,24,CSE,Day Scholar,147325,93.5,9.1,42,0,86.1,1,7,1,0,11,0,0,0
STU01831,Feamle,22,AIML,Hosteler,179104,50.0,5.71,62,0,97.8,0,4,0,1,10,0,0,0
STU01832,Male,23,CSE,Hosteler,61397,54.2,8.28,38,0,87.3,0,1,0,0,4,1,1,1
STU01833,Feamle,18,MC,Day Scholar,128065,78.1,5.7,9,0,86.5,0,2,1,0,3,0,1,0
STU01834,Male,19,AIML,Day Scholar,85498,82.2,7.93,62,0,93.5,0,4,0,0,3,3,0,0
STU01835,Feamle,19,CSE,Hosteler,148451,95.3,5.56,8,0,81.7,0,5,1,1,1,0,0,0
STU01836,Feamle,18,MC,Hosteler,128114,84.6,8.55,83,0,88.1,2,2,1,0,13,0,0,0
STU01837,Feamle,19,CSE,Hosteler,64572,57.1,8.27,92,0,96.0,0,4,1,0,9,0,0,0
STU01838,Feamle,24,CSE,Day Scholar,167847,78.2,6.1,28,1,55.5,1,6,0,0,11,0,0,0
STU01839,Feamle,21,AIML,Day Scholar,55389,84.0,7.87,27,1,75.0,1,6,1,0,2,0,0,0
STU01840,Male,19,AIML,Day Scholar,157248,46.9,8.42,10,1,94.4,0,10,0,0,4,0,0,0
STU01841,Feamle,22,MC,Day Scholar,68263,74.3,5.62,84,0,49.6,1,7,0,0,8,0,0,0
STU01842,Feamle,21,AIML,Day Scholar,160184,70.0,5.45,98,0,87.0,0,5,0,0,13,0,0,0
STU01843,Feamle,24,AIML,Hosteler,178105,65.2,5.39,86,0,70.3,0,10,1,0,14,0,0,0
STU01844,Male,20,ECE,Day Scholar,39984,82.5,5.18,92,0,75.0,0,10,0,0,7,0,0,0
STU01845,Feamle,19,ECE,Day Scholar,182814,57.8,5.39,14,0,80.6,0,6,0,0,12,2,0,1
STU01846,Male,19,MC,Day Scholar,90044,81.3,8.39,80,1,48.5,0,3,0,0,5,1,0,0
STU01847,Feamle,22,AIML,Day Scholar,190282,83.4,7.84,23,0,68.7,0,2,1,0,8,1,0,0
STU01848,Feamle,24,MC,Day Scholar,76806,91.3,4.46,34,1,100.0,0,3,0,1,13,1,0,0
STU01849,Male,22,ECE,Day Scholar,44269,58.1,6.23,60,1,40.8,0,7,0,0,0,0,0,0
STU01850,Feamle,23,ECE,Day Scholar,85796,52.4,5.26,19,0,100.0,0,1,0,0,3,1,0,1
STU01851,Male,24,ECE,Day Scholar,157905,79.2,8.29,57,1,68.5,0,5,0,0,1,2,0,0
STU01852,Male,18,MC,Day Scholar,29527,70.7,6.33,62,1,68.3,0,3,0,0,0,1,0,0
STU01853,Feamle,18,AIML,Hosteler,157016,100.0,4.68,99,1,81.9,0,7,1,1,14,0,0,0
STU01854,Male,18,CSE,Day Scholar,173590,81.9,7.26,74,3,100.0,0,2,0,1,6,1,1,0
STU01855,Feamle,22,AIML,Day Scholar,108795,75.9,7.91,93,0,53.1,0,10,0,0,9,0,0,0
STU01856,Feamle,18,MC,Hosteler,141516,72.4,5.57,59,0,69.4,2,2,0,0,4,0,1,0
STU01857,Male,24,ECE,Hosteler,117095,56.7,6.6,38,1,94.7,1,4,1,0,13,0,0,0
STU01858,Male,18,CSE,Hosteler,53102,83.5,5.65,19,0,95.5,0,7,1,0,11,0,0,0
STU01859,Male,20,MC,Day Scholar,158741,73.8,8.87,85,0,100.0,0,4,1,0,6,1,0,0
STU01860,Male,18,ECE,Day Scholar,121083,73.8,6.35,87,0,58.3,1,9,0,1,4,2,0,0
STU01861,Feamle,19,MC,Hosteler,45379,76.4,5.92,57,1,56.4,0,6,0,0,14,0,0,0
STU01862,Feamle,23,CSE,Hosteler,174784,78.3,6.92,63,1,96.6,0,7,0,0,10,0,0,0
STU01863,Male,22,ECE,Day Scholar,137125,48.9,6.69,13,1,66.8,0,2,1,0,10,0,1,0
STU01864,Feamle,21,AIML,Hosteler,39191,87.6,8.03,35,0,88.9,1,2,0,0,13,2,0,0
STU01865,Feamle,23,MC,Hosteler,164331,62.3,8.82,12,0,94.2,0,1,1,1,6,1,1,0
STU01866,Feamle,20,CSE,Day Scholar,189030,72.9,8.84,0,1,47.2,1,6,0,0,14,2,1,0
STU01867,Feamle,22,AIML,Day Scholar,176588,94.3,6.43,90,0,100.0,2,6,0,1,9,1,0,0
STU01868,Male,24,CSE,Hosteler,55931,100.0,7.46,12,2,87.1,0,5,0,0,8,1,0,0
STU01869,Male,22,MC,Day Scholar,94630,49.5,9.23,34,0,68.4,0,7,0,0,6,0,0,0
STU01870,Feamle,19,CSE,Hosteler,31624,75.5,9.29,7,0,82.1,0,7,0,0,12,0,1,0
STU01871,Male,24,ECE,Day Scholar,174944,79.1,5.69,17,0,84.1,1,9,0,0,10,0,1,0
STU01872,Male,23,CSE,Hosteler,144148,52.4,7.89,33,0,85.1,0,5,0,0,5,0,0,0
STU01873,Male,23,MC,Hosteler,52791,87.0,7.63,51,0,97.5,0,3,0,1,9,0,1,0
STU01874,Feamle,18,ECE,Day Scholar,24652,76.7,8.39,69,1,68.7,0,4,1,0,9,0,0,0
STU01875,Feamle,24,CSE,Day Scholar,55516,77.9,8.87,57,0,83.3,0,3,1,0,7,0,0,0
STU01876,Feamle,19,CSE,Hosteler,137138,61.2,5.44,26,2,73.9,0,3,0,0,14,0,0,0
STU01877,Male,18,ECE,Hosteler,28095,81.2,5.96,17,0,87.0,0,7,0,0,1,0,0,0
STU01878,Feamle,18,AIML,Day Scholar,28095,87.6,8.36,56,1,83.2,0,8,0,0,11,1,1,0
STU01879,Feamle,22,AIML,Day Scholar,96216,76.9,7.22,8,1,39.4,2,2,0,0,11,0,1,0
STU01880,Male,23,ECE,Hosteler,126387,67.3,3.66,63,0,66.8,0,3,0,0,12,0,0,0
STU01881,Feamle,18,CSE,Day Scholar,179314,68.5,4.5,78,1,44.0,2,5,1,0,11,0,1,0
STU01882,Feamle,20,AIML,Hosteler,46333,78.3,7.99,22,1,100.0,1,3,1,0,8,0,0,0
STU01883,Male,20,ECE,Day Scholar,164241,75.7,8.26,58,0,98.5,0,4,0,0,6,0,0,0
STU01884,Male,23,MC,Hosteler,110075,88.6,4.98,66,0,54.8,1,3,0,0,0,2,0,0
STU01885,Male,20,CSE,Hosteler,150399,67.8,8.65,72,0,96.8,1,5,1,0,8,0,1,0
STU01886,Feamle,22,MC,Hosteler,125373,56.7,6.7,21,0,71.0,1,5,1,0,1,0,0,0
STU01887,Feamle,19,CSE,Day Scholar,79222,80.4,5.47,49,1,83.5,0,1,1,1,0,0,0,0
STU01888,Feamle,21,AIML,Day Scholar,169988,67.8,6.16,22,0,39.5,0,7,0,0,13,0,1,0
STU01889,Male,18,MC,Day Scholar,146394,86.8,5.17,83,0,88.2,1,6,0,0,2,0,0,0
STU01890,Male,21,MC,Hosteler,58105,75.1,6.08,51,1,88.3,2,4,0,0,7,1,0,0
STU01891,Feamle,19,ECE,Hosteler,89309,84.8,4.2,6,0,44.1,0,5,1,0,5,0,0,0
STU01892,Feamle,19,AIML,Day Scholar,199266,59.8,6.89,16,0,100.0,2,4,0,0,5,1,1,1
STU01893,Male,22,AIML,Hosteler,79422,77.2,7.88,2,2,100.0,0,7,0,0,8,0,0,0
STU01894,Male,20,CSE,Day Scholar,41045,64.5,4.98,6,2,83.8,1,4,0,0,8,0,0,0
STU01895,Male,20,ECE,Hosteler,37061,56.7,7.03,76,2,72.1,0,8,1,0,13,0,0,0
STU01896,Male,19,ECE,Day Scholar,55742,62.1,5.79,40,0,74.1,1,8,0,0,9,0,0,0
STU01897,Feamle,22,CSE,Day Scholar,44860,66.8,8.0,22,1,100.0,2,5,0,0,9,0,1,0
STU01898,Male,22,MC,Day Scholar,59212,93.7,3.53,36,1,100.0,0,6,0,0,3,1,0,0
STU01899,Feamle,23,CSE,Hosteler,38224,66.4,8.07,67,0,69.0,1,3,0,0,8,0,1,0
STU01900,Feamle,24,CSE,Hosteler,87414,55.9,4.27,72,1,45.2,1,6,1,0,11,3,1,1
STU01901,Feamle,18,CSE,Day Scholar,124593,77.0,6.69,69,2,77.2,1,5,0,0,2,0,0,0
STU01902,Male,24,ECE,Day Scholar,48538,75.4,5.94,63,0,100.0,1,3,1,1,2,1,0,0
STU01903,Male,20,CSE,Day Scholar,109139,67.6,6.46,17,1,66.9,0,3,0,0,11,0,1,0
STU01904,Male,19,CSE,Day Scholar,166109,72.6,4.71,34,0,59.2,0,7,0,0,4,0,0,0
STU01905,Male,23,CSE,Day Scholar,146039,89.6,9.49,22,2,100.0,2,5,0,0,14,0,0,0
STU01906,Feamle,21,AIML,Day Scholar,31690,85.1,5.07,94,1,50.8,0,9,0,1,2,0,0,0
STU01907,Male,20,MC,Day Scholar,30323,83.8,5.19,83,0,100.0,1,6,1,0,4,0,0,0
STU01908,Male,18,MC,Day Scholar,154386,57.2,9.69,6,1,80.7,1,3,0,1,11,0,0,1
STU01909,Feamle,22,MC,Day Scholar,197257,100.0,7.48,60,1,78.7,0,8,0,0,6,0,0,0
STU01910,Male,19,MC,Day Scholar,54146,90.8,5.12,75,0,88.8,0,3,0,0,13,0,0,0
STU01911,Feamle,20,ECE,Day Scholar,165428,82.8,6.81,100,0,78.1,2,4,1,0,12,0,0,0
STU01912,Feamle,21,ECE,Day Scholar,96805,57.5,6.65,48,0,78.5,1,6,1,0,8,0,1,0
STU01913,Feamle,18,CSE,Day Scholar,156412,89.2,4.47,56,1,62.5,1,8,0,0,9,0,0,0
STU01914,Feamle,18,ECE,Day Scholar,64852,67.5,5.86,67,0,72.8,1,7,0,0,11,1,0,0
STU01915,Feamle,23,MC,Day Scholar,82550,72.1,6.96,11,1,93.7,1,4,0,0,12,0,0,0
STU01916,Feamle,20,AIML,Hosteler,193747,49.8,8.9,14,1,56.1,1,1,0,0,12,0,0,0
STU01917,Feamle,21,CSE,Hosteler,118756,56.4,6.72,1,0,97.5,1,4,0,0,5,0,0,0
STU01918,Feamle,18,CSE,Day Scholar,20392,81.6,6.83,46,1,76.3,0,5,0,0,10,2,0,0
STU01919,Male,19,MC,Day Scholar,91007,90.1,5.78,74,0,56.0,0,7,0,0,3,1,0,0
STU01920,Male,18,MC,Hosteler,70421,85.3,8.64,55,1,77.5,0,6,0,0,1,0,0,0
STU01921,Male,21,MC,Day Scholar,159209,84.8,8.35,96,1,88.4,2,3,1,1,3,0,1,0
STU01922,Male,22,ECE,Hosteler,33997,74.0,8.18,13,0,64.3,3,4,0,1,0,1,0,0
STU01923,Feamle,22,CSE,Hosteler,104970,68.9,7.17,26,2,100.0,1,7,1,0,1,0,0,0
STU01924,Male,23,MC,Day Scholar,141968,79.3,4.6,3,0,98.2,1,5,0,0,14,2,0,0
STU01925,Feamle,20,AIML,Day Scholar,50278,87.3,8.63,37,2,92.7,0,6,1,0,8,2,0,0
STU01926,Male,21,CSE,Hosteler,161469,75.1,7.09,83,0,75.1,1,2,0,0,7,0,0,0
STU01927,Male,23,CSE,Day Scholar,182602,93.2,6.54,1,1,96.9,0,8,1,1,1,0,0,0
STU01928,Male,24,ECE,Hosteler,199436,71.8,7.67,3,0,100.0,0,6,0,0,1,2,0,0
STU01929,Feamle,18,CSE,Day Scholar,24794,60.3,7.34,23,0,67.9,0,5,0,1,10,0,0,0
STU01930,Male,24,MC,Hosteler,109330,74.8,5.4,8,0,79.8,1,8,1,0,10,0,1,0
STU01931,Feamle,18,MC,Hosteler,149057,76.6,6.52,18,0,76.8,0,2,1,0,9,1,0,0
STU01932,Feamle,22,AIML,Day Scholar,91899,73.8,4.14,61,0,75.9,0,4,1,0,11,0,0,0
STU01933,Male,23,CSE,Day Scholar,159151,94.2,7.13,71,0,100.0,1,4,1,0,6,0,0,0
STU01934,Male,22,CSE,Hosteler,139718,87.1,9.0,40,1,100.0,0,4,0,0,1,0,0,0
STU01935,Male,19,ECE,Day Scholar,97568,53.5,4.31,91,0,100.0,0,8,0,0,2,0,0,1
STU01936,Feamle,24,MC,Hosteler,87041,98.0,7.19,76,1,92.0,0,3,0,0,1,0,0,0
STU01937,Male,24,AIML,Day Scholar,29448,33.9,8.0,71,0,81.0,1,5,0,0,5,0,0,0
STU01938,Feamle,22,MC,Hosteler,98776,100.0,8.22,77,1,76.7,0,4,0,1,5,0,0,0
STU01939,Feamle,19,CSE,Day Scholar,191249,70.7,5.88,49,0,88.9,1,6,0,1,8,0,0,0
STU01940,Male,18,CSE,Day Scholar,139028,72.2,5.35,73,0,48.8,0,5,1,0,0,0,0,0
STU01941,Male,23,AIML,Day Scholar,116275,74.1,6.12,83,0,97.9,0,6,0,1,14,0,0,0
STU01942,Feamle,19,CSE,Day Scholar,184049,80.8,8.79,64,1,99.3,0,2,1,1,3,0,0,0
STU01943,Feamle,23,AIML,Day Scholar,171249,75.0,4.44,75,0,61.6,1,6,0,0,0,0,1,1
STU01944,Feamle,24,AIML,Day Scholar,73673,73.0,5.18,98,0,53.0,0,1,0,0,7,1,0,0
STU01945,Male,23,MC,Hosteler,39431,94.6,6.31,83,1,91.0,0,7,0,0,11,0,0,0
STU01946,Feamle,24,AIML,Day Scholar,87655,83.5,5.54,75,0,49.4,1,6,0,0,0,0,0,0
STU01947,Male,19,CSE,Day Scholar,138433,60.6,6.94,11,0,86.0,0,4,0,1,5,2,0,0
STU01948,Feamle,24,ECE,Day Scholar,20177,86.1,9.12,38,1,64.6,1,6,0,0,1,0,0,0
STU01949,Feamle,20,ECE,Day Scholar,132490,82.9,5.19,28,1,51.7,1,6,0,0,14,0,0,0
STU01950,Male,24,CSE,Hosteler,30226,66.8,6.78,57,1,94.6,0,5,0,0,14,0,0,0
STU01951,Feamle,22,ECE,Day Scholar,138254,86.9,6.99,66,0,100.0,0,8,0,1,9,0,1,0
STU01952,Male,19,ECE,Day Scholar,32231,72.6,6.5,70,0,72.2,0,3,0,0,13,0,0,0
STU01953,Male,18,AIML,Hosteler,99670,71.7,4.63,86,0,96.7,1,6,0,1,0,0,1,0
STU01954,Feamle,23,ECE,Day Scholar,34082,71.3,6.04,76,1,64.8,0,6,0,0,0,2,1,0
STU01955,Male,21,ECE,Day Scholar,167247,38.6,6.05,74,1,97.9,1,3,1,0,1,1,0,0
STU01956,Male,19,ECE,Day Scholar,165205,67.1,7.95,24,1,70.3,0,5,0,0,8,0,0,0
STU01957,Feamle,22,MC,Hosteler,134672,85.7,7.63,83,0,100.0,0,6,1,0,14,0,0,0
STU01958,Male,24,CSE,Day Scholar,136315,74.7,4.67,48,0,35.1,0,10,0,0,10,1,0,0
STU01959,Male,23,AIML,Hosteler,173499,55.7,6.42,62,0,69.6,1,3,0,1,10,1,0,0
STU01960,Male,20,ECE,Day Scholar,142511,89.5,6.25,26,0,72.8,1,5,1,0,9,0,0,0
STU01961,Feamle,18,CSE,Day Scholar,34837,70.5,9.93,69,0,48.6,0,8,0,0,10,0,0,0
STU01962,Male,20,ECE,Day Scholar,161618,56.7,7.44,69,1,94.2,0,5,0,0,12,1,0,1
STU01963,Feamle,21,MC,Hosteler,161820,100.0,5.38,57,0,79.1,1,8,0,0,7,0,0,0
STU01964,Feamle,19,MC,Day Scholar,87089,59.2,5.83,8,1,95.6,0,6,0,0,2,0,0,0
STU01965,Male,23,ECE,Day Scholar,176313,88.2,6.43,84,0,65.2,0,5,1,0,1,0,0,0
STU01966,Male,19,ECE,Hosteler,22469,63.5,7.54,81,1,58.0,0,4,0,0,7,0,0,0
STU01967,Male,22,ECE,Day Scholar,69067,77.0,7.73,0,0,69.0,3,6,0,0,12,2,0,0
STU01968,Feamle,19,MC,Day Scholar,152546,61.5,7.3,75,0,55.9,0,7,0,0,12,0,0,0
STU01969,Male,18,MC,Day Scholar,68554,56.4,6.69,64,0,73.4,0,5,0,0,9,0,1,0
STU01970,Male,21,CSE,Hosteler,182181,82.8,6.8,91,0,100.0,0,1,0,0,10,0,0,0
STU01971,Male,20,AIML,Hosteler,42861,81.1,6.81,23,1,85.5,1,4,0,0,5,0,0,0
STU01972,Male,21,AIML,Day Scholar,53105,92.2,4.33,18,0,93.3,0,4,0,1,4,0,0,0
STU01973,Male,23,MC,Hosteler,129655,74.5,6.91,13,0,71.1,1,6,1,1,5,0,0,0
STU01974,Feamle,19,AIML,Hosteler,149701,100.0,6.13,13,0,61.3,2,8,0,1,1,0,0,0
STU01975,Feamle,23,ECE,Day Scholar,119597,79.0,4.52,89,0,83.8,0,3,0,0,10,0,0,0
STU01976,Male,20,CSE,Hosteler,91500,83.5,10.0,79,0,81.0,2,7,0,0,14,0,0,0
STU01977,Male,23,MC,Day Scholar,186668,54.6,7.47,87,0,100.0,0,3,1,0,13,0,0,0
STU01978,Male,22,MC,Day Scholar,139645,65.8,7.02,31,1,100.0,0,4,0,0,7,0,0,0
STU01979,Male,21,AIML,Day Scholar,92100,82.8,6.44,5,0,99.1,0,5,0,1,13,1,0,0
STU01980,Feamle,20,ECE,Day Scholar,21336,73.7,8.1,93,0,100.0,0,6,0,0,11,0,0,0
STU01981,Male,20,CSE,Hosteler,63316,77.8,5.26,22,1,81.2,0,4,0,0,12,0,1,0
STU01982,Feamle,24,AIML,Hosteler,198989,62.8,6.53,18,0,92.7,0,4,0,0,8,0,0,0
STU01983,Feamle,20,MC,Day Scholar,54435,76.8,5.57,88,2,100.0,0,3,0,0,4,0,0,0
STU01984,Male,24,MC,Day Scholar,136513,76.8,8.08,88,0,96.7,0,4,0,0,1,1,0,0
STU01985,Feamle,18,AIML,Day Scholar,114142,57.3,5.76,1,1,100.0,0,5,0,0,8,0,0,0
STU01986,Feamle,24,ECE,Day Scholar,86748,84.6,8.65,73,0,81.4,0,3,0,0,13,1,1,0
STU01987,Feamle,21,CSE,Hosteler,22768,49.5,6.85,40,0,78.7,1,3,0,0,8,0,1,1
STU01988,Feamle,23,CSE,Day Scholar,115273,77.8,8.16,52,0,74.1,0,7,0,0,4,1,0,0
STU01989,Male,24,CSE,Hosteler,47634,100.0,7.6,26,1,76.1,0,3,0,0,5,0,0,0
STU01990,Male,20,CSE,Hosteler,74928,85.2,8.59,7,0,80.9,0,6,1,0,9,0,0,0
STU01991,Feamle,21,ECE,Day Scholar,56444,85.1,5.6,42,0,66.6,0,5,0,0,11,1,0,0
STU01992,Male,24,MC,Day Scholar,146486,61.5,8.36,32,0,57.7,0,3,1,0,2,1,0,0
STU01993,Male,24,MC,Day Scholar,38211,100.0,4.21,42,0,57.0,0,5,0,0,5,0,0,0
STU01994,Male,20,CSE,Hosteler,173741,95.7,7.06,82,1,100.0,1,8,0,0,10,1,0,0
STU01995,Male,22,CSE,Hosteler,74711,62.3,6.18,29,1,71.5,0,4,0,0,5,0,0,0
STU01996,Male,22,CSE,Hosteler,122992,67.9,4.89,33,0,92.0,0,8,0,0,0,0,0,0
STU01997,Feamle,24,AIML,Hosteler,90047,93.8,5.66,77,0,77.0,0,4,0,0,0,0,0,0
STU01998,Male,22,AIML,Hosteler,103992,100.0,6.04,99,0,100.0,0,5,0,0,0,0,1,0
STU01999,Male,19,MC,Day Scholar,108690,56.0,6.71,19,1,54.9,1,5,0,0,3,0,1,0
STU02000,Male,20,MC,Day Scholar,114301,59.9,6.21,86,0,76.5,0,6,0,0,2,2,1,1
STU02001,Male,19,CSE,Hosteler,131770,72.8,7.12,61,1,69.7,1,9,0,0,7,0,0,0
STU02002,Feamle,21,AIML,Hosteler,184525,42.4,5.75,78,1,79.9,1,7,1,0,12,1,0,0
STU02003,Feamle,19,ECE,Day Scholar,139646,75.3,6.28,1,1,98.2,1,6,0,0,2,0,1,0
STU02004,Feamle,21,AIML,Day Scholar,53452,92.8,6.57,87,0,78.0,0,3,0,0,6,1,0,0
STU02005,Feamle,24,MC,Day Scholar,198841,53.4,7.27,87,0,68.0,0,12,0,0,6,0,0,0
STU02006,Male,21,AIML,Hosteler,148013,76.9,8.27,94,1,79.9,0,4,0,1,4,1,0,0
STU02007,Feamle,21,MC,Hosteler,28532,66.3,8.28,79,1,73.7,0,7,0,0,10,0,0,0
STU02008,Male,23,CSE,Day Scholar,32891,99.6,7.36,67,1,89.3,2,4,1,0,3,3,0,0
STU02009,Male,19,ECE,Day Scholar,83246,66.5,7.65,97,0,29.0,1,10,0,0,5,0,0,0
STU02010,Male,23,CSE,Day Scholar,53501,97.8,7.47,78,0,73.0,0,2,0,0,2,0,0,0
STU02011,Male,24,CSE,Day Scholar,21496,66.0,6.53,82,1,81.1,1,5,0,1,0,0,1,0
STU02012,Male,20,ECE,Hosteler,35154,86.6,8.35,18,0,95.7,0,6,0,0,12,0,0,0
STU02013,Feamle,19,ECE,Day Scholar,96682,78.8,5.63,34,0,98.0,0,5,0,0,13,2,0,0
STU02014,Feamle,20,ECE,Day Scholar,78475,72.9,3.93,19,0,66.5,2,4,0,0,14,0,0,0
STU02015,Feamle,20,MC,Day Scholar,156522,63.1,5.44,40,0,71.6,1,4,0,0,11,0,0,0
STU02016,Feamle,21,CSE,Day Scholar,188475,79.8,9.1,28,1,46.3,0,11,0,0,1,0,1,0
STU02017,Male,19,MC,Day Scholar,66791,68.4,6.56,14,0,82.3,1,5,1,1,0,1,0,0
STU02018,Feamle,20,ECE,Hosteler,47289,64.7,7.41,83,2,100.0,1,6,1,0,0,0,0,0
STU02019,Male,22,MC,Hosteler,174181,97.1,6.59,31,0,83.8,0,2,0,0,11,0,0,0
STU02020,Feamle,20,ECE,Day Scholar,63439,83.2,7.84,12,0,66.2,1,3,0,0,6,2,0,0
STU02021,Male,22,AIML,Hosteler,175487,84.7,7.11,6,2,83.4,1,3,1,0,2,0,0,0
STU02022,Male,19,ECE,Day Scholar,103339,69.1,6.9,53,1,39.0,1,5,1,1,5,0,0,0
STU02023,Feamle,24,CSE,Day Scholar,30181,72.2,7.92,15,2,95.1,1,5,0,0,13,0,0,0
STU02024,Male,23,CSE,Hosteler,118252,71.3,6.3,9,1,100.0,0,4,0,1,2,2,0,0
STU02025,Male,19,CSE,Hosteler,48395,80.1,7.56,55,1,75.8,0,4,1,0,6,0,0,0
STU02026,Feamle,23,MC,Day Scholar,99036,84.6,6.74,65,1,63.4,0,5,1,0,6,0,0,0
STU02027,Male,23,CSE,Hosteler,185281,74.5,6.84,37,1,71.3,0,5,1,0,2,0,0,0
STU02028,Feamle,19,ECE,Hosteler,55158,63.1,5.77,52,1,72.5,0,8,0,0,14,1,0,0
STU02029,Feamle,20,AIML,Hosteler,86920,86.4,6.68,81,1,90.2,0,5,0,0,5,0,0,0
STU02030,Feamle,18,CSE,Day Scholar,169612,75.5,6.19,33,2,85.3,0,2,0,0,11,2,0,0
STU02031,Male,20,MC,Hosteler,131440,53.4,8.69,84,0,78.1,1,9,0,0,14,1,1,1
STU02032,Male,20,AIML,Day Scholar,155468,43.0,4.47,84,0,80.0,0,3,0,0,1,0,0,1
STU02033,Male,24,CSE,Day Scholar,152463,79.5,8.33,0,1,67.0,0,4,1,0,9,0,1,0
STU02034,Feamle,21,CSE,Hosteler,139488,62.6,4.38,78,1,92.2,1,5,1,1,1,0,0,0
STU02035,Male,21,AIML,Hosteler,36652,81.5,7.81,73,0,80.3,0,3,0,0,6,0,1,0
STU02036,Feamle,20,CSE,Day Scholar,105837,63.4,5.74,58,2,48.7,0,2,0,0,8,0,0,0
STU02037,Feamle,22,MC,Day Scholar,29716,77.0,7.85,98,0,94.6,0,3,1,1,13,1,0,0
STU02038,Male,24,ECE,Hosteler,35568,69.3,6.82,24,1,74.1,0,2,1,0,13,1,0,0
STU02039,Feamle,23,ECE,Hosteler,159741,100.0,4.85,31,0,71.8,1,4,1,0,12,0,0,0
STU02040,Male,21,AIML,Day Scholar,69390,89.3,9.04,30,1,100.0,0,4,0,0,4,1,1,0
STU02041,Male,20,ECE,Day Scholar,99792,95.2,8.16,73,0,88.4,1,3,0,0,7,0,0,0
STU02042,Male,24,CSE,Hosteler,174458,75.4,7.75,2,0,93.4,0,10,0,0,10,1,1,0
STU02043,Male,18,CSE,Day Scholar,150489,87.3,6.04,85,2,68.2,1,9,0,0,9,0,0,0
STU02044,Male,22,MC,Hosteler,44152,76.4,8.22,65,0,68.2,0,4,1,0,3,0,0,0
STU02045,Feamle,19,ECE,Hosteler,165506,97.0,5.08,86,1,100.0,1,5,1,0,0,0,0,0
STU02046,Feamle,20,AIML,Hosteler,180072,73.9,3.66,40,1,100.0,1,6,0,0,3,0,1,0
STU02047,Feamle,24,CSE,Day Scholar,47973,54.0,4.66,61,0,98.9,1,7,0,1,11,0,0,1
STU02048,Male,20,AIML,Day Scholar,131036,45.0,5.62,52,1,29.3,0,3,0,0,10,0,0,0
STU02049,Male,23,CSE,Day Scholar,140473,100.0,5.87,87,0,65.0,2,7,0,0,6,1,0,0
STU02050,Male,22,CSE,Day Scholar,57861,82.2,6.35,95,0,78.8,0,5,0,0,11,0,1,0
STU02051,Feamle,21,MC,Day Scholar,157510,83.2,6.41,32,0,76.9,0,5,1,0,8,0,1,0
STU02052,Male,21,ECE,Hosteler,163801,97.3,6.03,90,1,76.9,2,5,1,0,5,0,0,0
STU02053,Feamle,21,MC,Hosteler,177479,50.2,3.83,12,0,51.5,0,5,0,0,11,0,0,1
STU02054,Feamle,19,ECE,Day Scholar,108094,69.6,7.29,100,0,100.0,1,4,1,0,3,0,0,0
STU02055,Male,24,AIML,Day Scholar,111266,71.5,6.6,38,0,91.2,1,7,1,0,14,0,0,0
STU02056,Male,22,ECE,Day Scholar,62711,86.1,5.96,28,1,64.7,0,3,0,0,11,1,0,0
STU02057,Feamle,22,AIML,Hosteler,146478,64.6,9.1,24,1,68.4,0,7,1,0,5,1,0,0
STU02058,Male,21,CSE,Hosteler,112597,57.0,6.64,18,0,92.1,1,6,0,0,13,1,0,0
STU02059,Feamle,21,AIML,Day Scholar,120637,56.8,7.09,64,2,74.9,0,6,1,0,7,1,1,0
STU02060,Male,23,AIML,Hosteler,122690,92.2,8.19,98,0,82.6,1,8,0,0,0,0,1,0
STU02061,Male,18,CSE,Day Scholar,98191,63.9,4.77,15,0,88.5,1,6,0,1,13,0,0,0
STU02062,Feamle,18,AIML,Day Scholar,106501,66.7,6.97,71,0,69.8,0,3,0,1,14,0,0,0
STU02063,Male,20,AIML,Hosteler,101852,84.5,8.19,70,0,100.0,0,2,0,0,12,0,1,0
STU02064,Feamle,20,CSE,Hosteler,165244,64.5,6.86,84,2,33.0,2,7,0,0,10,0,0,0
STU02065,Male,22,CSE,Hosteler,140574,49.4,5.04,74,1,64.5,0,8,0,0,6,0,1,1
STU02066,Feamle,22,CSE,Hosteler,166601,51.3,6.28,89,1,96.3,1,2,0,0,0,0,0,0
STU02067,Feamle,19,ECE,Day Scholar,93590,74.1,7.28,59,1,66.3,1,5,1,0,0,2,0,0
STU02068,Male,19,CSE,Hosteler,125218,82.5,3.84,78,0,76.8,1,0,0,1,3,1,0,0
STU02069,Feamle,18,CSE,Hosteler,60281,72.0,4.97,56,0,100.0,0,2,1,1,11,0,0,0
STU02070,Male,20,AIML,Day Scholar,93805,81.5,9.96,44,0,89.5,0,5,0,1,0,0,0,0
STU02071,Male,18,MC,Day Scholar,96626,50.8,7.73,51,0,82.4,1,7,0,0,2,0,0,0
STU02072,Male,18,MC,Hosteler,78235,51.8,9.23,5,1,100.0,0,6,0,0,0,1,0,0
STU02073,Feamle,20,ECE,Day Scholar,106676,100.0,8.3,59,1,68.6,2,4,0,0,13,1,1,0
STU02074,Feamle,24,ECE,Day Scholar,32876,93.5,7.59,36,1,88.7,0,5,1,0,10,0,1,0
STU02075,Male,19,MC,Hosteler,76680,86.5,6.54,53,1,90.3,0,7,1,0,13,0,0,0
STU02076,Male,23,MC,Day Scholar,166169,65.1,7.57,3,0,56.7,0,4,0,0,0,0,0,0
STU02077,Feamle,23,CSE,Day Scholar,153931,71.4,9.17,82,0,63.0,1,6,0,1,0,0,0,0
STU02078,Male,23,AIML,Hosteler,44877,75.0,8.24,46,0,45.8,0,4,1,1,13,0,0,0
STU02079,Male,20,CSE,Day Scholar,165700,94.7,7.25,84,2,85.4,1,5,0,1,7,0,1,0
STU02080,Feamle,21,ECE,Day Scholar,98117,81.0,6.74,36,0,100.0,0,5,0,0,12,0,0,0
STU02081,Male,21,MC,Day Scholar,159372,82.9,7.75,81,0,64.0,1,1,0,0,2,0,0,0
STU02082,Feamle,21,ECE,Hosteler,22412,72.5,6.2,41,0,32.9,1,5,0,0,13,0,0,0
STU02083,Male,22,CSE,Hosteler,120951,86.9,7.75,47,1,79.0,0,5,0,0,11,0,0,0
STU02084,Feamle,19,ECE,Day Scholar,112837,79.5,5.95,99,0,100.0,2,3,0,0,2,0,0,0
STU02085,Male,19,ECE,Day Scholar,154410,75.7,6.47,60,0,72.9,1,6,1,0,2,0,0,0
STU02086,Male,24,AIML,Hosteler,79484,63.9,5.46,61,0,90.5,0,2,1,0,2,1,0,0
STU02087,Feamle,24,ECE,Day Scholar,25804,73.3,6.34,54,0,35.7,0,3,0,0,1,0,0,0
STU02088,Male,22,CSE,Hosteler,141919,58.8,5.97,36,1,91.4,0,2,1,0,2,0,0,0
STU02089,Feamle,18,AIML,Hosteler,73675,74.4,9.54,14,2,100.0,1,4,1,0,4,0,0,0
STU02090,Male,24,ECE,Day Scholar,114845,76.3,5.66,58,1,100.0,0,7,0,0,6,0,0,0
STU02091,Feamle,23,CSE,Hosteler,105733,38.9,7.58,62,3,99.9,0,7,0,0,10,0,0,0
STU02092,Feamle,21,MC,Hosteler,32392,71.5,5.58,65,3,100.0,0,4,1,0,14,0,1,0
STU02093,Feamle,23,AIML,Hosteler,95984,57.4,7.07,41,0,97.4,0,2,0,0,14,0,0,0
STU02094,Feamle,21,ECE,Day Scholar,171101,82.5,7.43,30,0,78.1,0,2,1,0,9,0,0,0
STU02095,Male,23,ECE,Hosteler,85263,84.6,4.22,5,1,70.7,0,3,0,1,7,0,0,0
STU02096,Male,18,AIML,Day Scholar,47097,68.6,4.9,18,1,47.2,1,4,1,0,12,0,0,0
STU02097,Feamle,23,CSE,Day Scholar,121721,83.2,5.57,37,0,67.2,1,4,1,0,3,0,1,0
STU02098,Feamle,23,ECE,Day Scholar,167467,83.9,5.05,78,0,58.0,1,2,0,0,1,0,0,0
STU02099,Feamle,20,CSE,Hosteler,174065,71.6,7.13,32,1,95.9,1,11,0,0,8,0,0,0
STU02100,Male,23,AIML,Day Scholar,82088,98.0,7.36,89,0,56.5,1,4,0,0,4,1,0,0
STU02101,Male,20,ECE,Hosteler,80610,64.1,5.41,52,0,59.4,0,6,0,0,5,0,0,0
STU02102,Male,19,MC,Day Scholar,37258,97.1,7.19,29,1,99.2,0,2,0,0,12,0,0,0
STU02103,Male,22,MC,Day Scholar,158375,71.6,6.36,74,0,69.3,0,4,1,0,8,0,0,0
STU02104,Feamle,23,MC,Hosteler,32177,62.4,6.85,64,0,97.0,0,3,0,1,12,0,0,0
STU02105,Feamle,19,AIML,Day Scholar,164819,69.7,6.06,13,0,100.0,0,7,0,1,7,0,0,0
STU02106,Feamle,24,ECE,Hosteler,117318,58.5,7.73,9,0,61.5,1,7,0,0,14,3,1,1
STU02107,Male,24,AIML,Hosteler,41823,86.8,9.45,16,1,86.3,0,4,0,0,13,1,0,0
STU02108,Male,20,ECE,Hosteler,125312,51.0,8.16,74,0,100.0,2,2,0,0,4,0,1,1
STU02109,Male,23,MC,Day Scholar,98812,95.8,9.09,14,0,93.2,0,5,1,0,14,0,0,0
STU02110,Feamle,23,MC,Hosteler,31963,61.0,4.9,75,0,98.7,0,7,0,0,12,0,0,0
STU02111,Feamle,18,CSE,Hosteler,176000,87.5,5.99,2,1,77.6,0,7,0,0,11,0,0,0
STU02112,Male,19,AIML,Hosteler,126466,75.4,7.85,21,0,83.7,1,5,0,0,12,0,0,0
STU02113,Feamle,21,AIML,Day Scholar,100385,79.1,9.26,55,0,95.7,1,3,0,1,11,0,1,0
STU02114,Male,21,CSE,Day Scholar,111618,66.1,7.98,58,0,56.5,1,3,0,0,2,0,1,0
STU02115,Male,18,MC,Hosteler,112141,80.3,5.46,25,1,53.2,0,9,0,1,12,0,1,1
STU02116,Feamle,20,MC,Hosteler,30038,77.0,6.35,49,2,88.1,0,4,0,0,11,0,0,0
STU02117,Male,21,AIML,Day Scholar,125841,53.1,7.5,86,0,75.3,2,4,1,0,1,0,0,0
STU02118,Feamle,21,ECE,Day Scholar,122334,60.6,6.75,79,0,53.6,0,5,1,0,5,0,1,0
STU02119,Male,24,MC,Day Scholar,23438,66.9,5.8,60,2,49.0,1,6,1,0,8,0,0,0
STU02120,Feamle,24,CSE,Day Scholar,55151,63.7,6.56,54,1,100.0,1,3,0,0,11,1,0,0
STU02121,Feamle,22,CSE,Hosteler,187207,93.8,6.98,63,2,79.3,0,6,0,1,7,0,0,0
STU02122,Feamle,19,CSE,Day Scholar,26167,75.1,5.37,2,0,71.5,0,4,0,0,8,0,0,0
STU02123,Male,20,AIML,Hosteler,33172,63.3,8.48,29,1,79.6,1,6,0,0,4,1,0,0
STU02124,Male,23,AIML,Day Scholar,121787,67.6,6.34,57,1,80.7,0,6,0,0,11,0,0,0
STU02125,Feamle,19,AIML,Hosteler,181432,67.4,6.89,12,0,75.8,0,3,1,1,2,0,0,0
STU02126,Feamle,20,AIML,Day Scholar,86310,70.7,8.55,71,1,47.1,2,10,0,0,8,1,0,0
STU02127,Male,21,CSE,Hosteler,108950,58.9,6.81,23,1,87.7,0,5,1,0,11,1,0,0
STU02128,Male,22,CSE,Hosteler,106258,62.8,8.47,68,1,60.3,1,5,1,1,10,0,0,0
STU02129,Male,19,AIML,Day Scholar,67445,86.5,5.46,6,0,71.9,1,4,0,0,12,0,1,0
STU02130,Feamle,21,AIML,Day Scholar,109941,77.8,7.65,50,1,89.0,0,3,1,0,0,1,0,0
STU02131,Male,20,CSE,Day Scholar,187770,72.7,8.26,53,0,95.5,0,5,1,1,10,0,1,0
STU02132,Male,19,AIML,Day Scholar,178328,75.0,5.76,50,0,86.4,1,5,0,0,2,2,0,0
STU02133,Feamle,23,AIML,Day Scholar,54207,74.3,6.73,26,0,82.4,0,4,0,1,0,0,1,0
STU02134,Male,19,AIML,Hosteler,140934,71.9,6.76,11,1,98.0,1,4,1,0,8,0,0,0
STU02135,Male,21,AIML,Day Scholar,149183,82.8,7.31,40,0,88.6,1,5,1,0,5,2,0,0
STU02136,Male,19,MC,Day Scholar,125728,81.6,7.71,88,1,61.2,0,4,0,0,6,0,0,0
STU02137,Feamle,23,AIML,Day Scholar,125004,51.4,5.63,32,0,97.8,0,4,0,1,7,1,0,0
STU02138,Feamle,22,CSE,Day Scholar,176223,73.0,6.91,78,0,96.5,0,3,0,1,4,0,0,0
STU02139,Feamle,22,CSE,Day Scholar,74236,52.4,9.39,30,0,83.4,0,6,0,0,1,0,0,0
STU02140,Feamle,21,CSE,Day Scholar,58278,84.5,8.58,10,1,92.6,1,3,0,0,5,1,0,0
STU02141,Feamle,20,CSE,Hosteler,96709,86.5,8.19,35,1,84.9,0,3,0,0,7,1,1,0
STU02142,Feamle,21,AIML,Hosteler,130260,65.8,6.71,5,0,14.6,1,4,0,0,12,0,0,0
STU02143,Feamle,22,MC,Hosteler,67350,73.2,10.0,44,2,72.0,2,6,0,1,3,0,0,0
STU02144,Male,18,ECE,Day Scholar,178024,43.3,8.54,59,0,76.8,0,4,0,0,4,0,1,0
STU02145,Male,18,ECE,Hosteler,145085,89.6,7.06,89,0,76.2,0,5,0,0,11,0,0,0
STU02146,Feamle,19,ECE,Hosteler,143797,85.6,7.33,71,0,70.1,1,4,0,1,8,0,0,0
STU02147,Male,23,ECE,Hosteler,30937,92.3,6.31,36,0,79.4,0,4,0,0,5,0,0,0
STU02148,Male,24,CSE,Day Scholar,192774,97.3,7.59,100,1,95.4,0,8,0,0,9,2,0,0
STU02149,Feamle,24,AIML,Day Scholar,59496,56.6,7.89,29,0,84.9,0,4,0,0,10,0,0,0
STU02150,Male,24,AIML,Hosteler,137221,88.3,8.05,37,0,76.5,1,4,1,0,2,1,0,0
STU02151,Male,19,ECE,Day Scholar,43794,97.2,6.73,15,0,41.4,1,7,0,0,1,1,0,0
STU02152,Male,18,ECE,Day Scholar,144717,52.6,4.79,78,0,100.0,3,3,0,0,4,0,0,1
STU02153,Male,22,MC,Hosteler,176057,72.4,7.36,37,0,70.6,0,4,0,0,4,1,0,0
STU02154,Male,19,MC,Day Scholar,39391,69.5,8.06,52,0,100.0,0,5,0,0,12,0,0,0
STU02155,Feamle,24,MC,Day Scholar,92406,87.8,5.53,7,0,62.5,0,7,0,1,4,0,0,0
STU02156,Feamle,24,CSE,Hosteler,107054,39.1,6.86,98,1,94.3,0,3,0,0,13,0,1,1
STU02157,Feamle,21,AIML,Hosteler,41993,100.0,9.01,8,0,77.4,1,2,0,0,5,0,0,0
STU02158,Male,24,CSE,Day Scholar,62639,73.3,5.19,20,2,56.4,0,5,0,0,5,1,1,0
STU02159,Feamle,23,CSE,Day Scholar,49720,88.7,6.57,40,0,98.8,0,5,0,0,3,0,1,0
STU02160,Male,24,AIML,Hosteler,160978,74.1,9.23,68,1,47.7,1,10,1,1,5,0,0,0
STU02161,Male,21,MC,Day Scholar,83820,82.4,7.24,18,0,83.4,0,5,0,1,8,1,0,0
STU02162,Male,24,AIML,Day Scholar,103117,40.2,6.21,79,0,82.4,0,6,1,1,5,0,1,0
STU02163,Male,23,ECE,Day Scholar,83238,69.2,6.99,17,0,65.4,0,3,0,0,2,0,1,0
STU02164,Feamle,22,MC,Hosteler,149814,87.7,8.24,75,0,100.0,0,3,0,0,0,0,1,0
STU02165,Feamle,19,AIML,Day Scholar,126390,79.3,6.69,79,0,84.6,0,5,0,1,8,0,0,0
STU02166,Male,23,CSE,Hosteler,96944,50.4,7.9,4,0,100.0,0,7,0,0,11,0,0,0
STU02167,Feamle,21,AIML,Day Scholar,113068,75.9,7.35,66,1,85.5,0,6,0,0,10,0,0,0
STU02168,Male,19,MC,Day Scholar,23193,62.7,7.48,70,1,90.9,0,4,0,0,7,0,0,0
STU02169,Feamle,19,ECE,Day Scholar,60986,61.4,7.99,31,0,37.3,2,6,0,0,2,0,0,0
STU02170,Feamle,21,CSE,Hosteler,25220,52.2,6.56,94,0,93.9,0,3,0,0,6,0,0,0
STU02171,Male,18,ECE,Day Scholar,170429,84.3,5.58,77,0,89.0,1,4,0,0,6,0,1,0
STU02172,Feamle,24,ECE,Day Scholar,59299,91.7,7.71,87,0,69.9,0,4,0,0,11,0,0,0
STU02173,Male,23,CSE,Day Scholar,170621,100.0,6.8,47,0,65.4,2,7,1,0,8,0,1,0
STU02174,Feamle,21,AIML,Hosteler,37474,52.9,6.33,32,0,75.6,0,7,0,0,8,0,0,0
STU02175,Male,22,AIML,Day Scholar,77593,86.5,7.79,68,0,97.3,1,2,1,0,5,2,0,0
STU02176,Male,20,ECE,Hosteler,151213,87.5,8.92,71,1,56.8,1,5,0,1,0,0,0,0
STU02177,Feamle,21,AIML,Day Scholar,102186,66.3,6.77,1,1,54.1,1,4,0,1,13,0,0,0
STU02178,Feamle,24,MC,Day Scholar,126023,61.2,7.01,53,0,96.1,0,5,0,0,1,1,1,0
STU02179,Male,24,ECE,Hosteler,40694,58.7,5.23,41,2,71.9,1,4,0,0,2,2,0,1
STU02180,Feamle,19,ECE,Hosteler,126991,67.1,6.67,34,2,77.1,0,8,0,1,5,2,0,0
STU02181,Feamle,19,ECE,Hosteler,167935,78.0,7.33,60,1,77.5,0,3,0,0,14,1,0,0
STU02182,Male,21,MC,Day Scholar,22690,95.4,6.97,59,1,86.5,0,0,0,1,10,0,1,0
STU02183,Male,20,ECE,Hosteler,134153,91.6,6.46,97,0,100.0,0,4,1,0,14,1,0,0
STU02184,Feamle,21,AIML,Day Scholar,65056,50.8,8.09,93,0,58.7,0,1,0,0,9,0,0,0
STU02185,Male,20,AIML,Day Scholar,172392,63.2,7.09,48,1,88.6,0,9,0,0,6,0,0,0
STU02186,Male,20,AIML,Hosteler,87963,94.5,10.0,22,1,79.5,1,7,0,0,11,0,0,0
STU02187,Male,24,AIML,Day Scholar,176491,64.0,7.31,67,3,86.2,0,5,0,0,6,3,0,0
STU02188,Feamle,24,ECE,Day Scholar,60832,74.1,2.88,34,0,100.0,1,7,0,0,14,2,0,0
STU02189,Feamle,24,MC,Day Scholar,187055,49.4,5.33,13,0,55.4,1,6,0,1,4,0,0,0
STU02190,Male,22,CSE,Hosteler,42365,92.3,7.8,21,0,92.2,2,4,0,0,14,0,0,0
STU02191,Feamle,24,AIML,Hosteler,154983,46.3,6.04,29,1,100.0,0,7,0,0,7,0,1,0
STU02192,Male,23,CSE,Day Scholar,137037,50.4,6.13,2,0,60.0,0,8,0,0,8,1,1,0
STU02193,Feamle,19,CSE,Day Scholar,151721,90.8,5.14,74,0,75.1,1,3,0,0,7,0,0,0
STU02194,Male,19,ECE,Hosteler,46469,100.0,6.28,9,1,69.7,2,4,1,0,14,1,0,0
STU02195,Male,20,AIML,Hosteler,113362,70.6,7.29,66,0,100.0,1,5,1,1,10,0,0,0
STU02196,Feamle,19,AIML,Hosteler,101039,74.3,7.58,40,0,80.1,1,7,1,1,12,0,0,0
STU02197,Male,18,AIML,Day Scholar,63346,88.6,5.47,47,0,47.9,0,4,0,1,5,0,0,0
STU02198,Feamle,20,CSE,Hosteler,107498,79.3,8.21,49,0,100.0,0,8,0,0,7,0,0,0
STU02199,Feamle,19,AIML,Day Scholar,191956,69.4,5.21,68,1,100.0,0,3,0,0,10,3,0,0
STU02200,Male,18,AIML,Hosteler,119658,67.7,7.66,57,1,98.7,0,2,0,0,7,0,0,0
STU02201,Male,22,MC,Day Scholar,168749,51.5,7.51,14,0,75.8,1,3,0,0,2,0,1,0
STU02202,Feamle,19,ECE,Day Scholar,80390,78.5,5.6,47,1,58.0,0,4,0,0,6,0,1,0
STU02203,Male,18,AIML,Day Scholar,105178,73.6,5.42,5,0,75.0,1,6,0,0,14,0,0,0
STU02204,Male,21,AIML,Hosteler,82635,68.4,7.57,3,0,98.6,0,5,1,0,4,0,0,0
STU02205,Male,23,ECE,Day Scholar,94131,60.0,6.16,22,1,76.2,1,12,0,0,4,0,0,0
STU02206,Male,21,ECE,Hosteler,99315,61.5,6.71,44,1,68.8,0,3,0,0,3,0,1,0
STU02207,Male,18,CSE,Hosteler,83734,84.3,8.03,64,0,50.5,0,7,0,0,6,2,0,0
STU02208,Feamle,20,CSE,Hosteler,32164,88.2,7.72,55,2,61.6,0,4,0,0,12,0,0,0
STU02209,Feamle,24,CSE,Day Scholar,73184,70.1,5.63,97,1,52.4,0,5,1,0,2,0,0,0
STU02210,Male,24,ECE,Day Scholar,186446,68.5,6.92,62,1,82.4,1,5,0,0,1,1,0,0
STU02211,Male,24,MC,Day Scholar,111964,62.2,5.6,14,0,96.2,0,2,0,0,13,0,0,0
STU02212,Male,20,AIML,Day Scholar,121678,89.1,8.3,3,0,54.5,1,2,0,0,4,1,1,0
STU02213,Feamle,19,ECE,Hosteler,111041,75.5,9.3,90,2,46.7,0,7,0,0,12,0,0,0
STU02214,Male,24,MC,Day Scholar,98709,80.5,5.73,76,0,80.2,0,4,0,0,14,0,1,0
STU02215,Feamle,21,ECE,Day Scholar,49580,80.4,6.95,31,0,75.4,0,4,0,0,6,0,0,0
STU02216,Feamle,20,MC,Day Scholar,174390,70.4,8.38,8,0,86.8,0,7,1,0,13,0,1,0
STU02217,Feamle,20,ECE,Day Scholar,165699,57.5,7.04,100,0,50.0,0,7,1,0,12,0,0,0
STU02218,Male,24,ECE,Day Scholar,91614,60.1,7.84,88,0,100.0,0,7,1,0,7,0,0,0
STU02219,Feamle,21,MC,Day Scholar,187163,91.9,7.08,56,1,88.3,0,6,0,0,3,0,0,0
STU02220,Male,22,MC,Day Scholar,34444,64.1,5.41,66,0,100.0,0,6,1,0,4,0,0,0
STU02221,Feamle,20,MC,Hosteler,190945,68.8,7.18,38,1,70.7,2,4,1,0,10,0,0,0
STU02222,Male,24,MC,Day Scholar,37747,58.0,8.69,39,0,100.0,2,6,1,0,11,0,0,0
STU02223,Feamle,23,MC,Day Scholar,160301,56.8,7.47,15,0,68.7,1,3,1,0,3,0,0,0
STU02224,Male,18,MC,Hosteler,133332,63.5,9.44,80,0,99.5,1,4,1,0,11,0,0,0
STU02225,Feamle,19,MC,Hosteler,137699,100.0,4.34,90,1,69.3,1,5,1,0,14,0,0,0
STU02226,Male,20,MC,Day Scholar,87626,84.9,7.57,9,1,41.8,1,5,0,0,13,2,0,0
STU02227,Male,23,ECE,Day Scholar,77804,67.1,6.03,52,0,96.8,0,5,0,0,12,0,1,0
STU02228,Male,23,MC,Day Scholar,199301,91.2,5.69,64,0,67.7,0,5,1,0,3,0,0,0
STU02229,Male,20,MC,Hosteler,52368,72.7,9.0,49,0,99.0,0,0,0,0,0,0,1,0
STU02230,Feamle,22,ECE,Day Scholar,30944,95.3,6.62,28,0,47.5,0,3,0,0,5,0,0,0
STU02231,Feamle,18,ECE,Day Scholar,182824,100.0,6.47,17,1,44.5,0,8,1,0,8,1,1,0
STU02232,Male,19,CSE,Hosteler,52916,90.4,7.52,51,1,71.8,0,6,1,0,0,0,0,0
STU02233,Feamle,20,CSE,Hosteler,40817,76.4,3.77,31,0,80.3,1,3,0,1,14,0,0,0
STU02234,Male,19,MC,Day Scholar,21133,85.5,9.03,100,0,45.2,0,6,0,0,9,2,0,0
STU02235,Male,21,MC,Day Scholar,127603,75.2,9.86,32,1,67.8,0,5,0,0,14,0,0,0
STU02236,Feamle,23,CSE,Hosteler,145482,47.5,8.37,85,0,57.1,0,2,0,0,6,0,0,0
STU02237,Male,23,CSE,Day Scholar,136801,65.2,7.62,10,0,81.8,0,9,1,0,1,0,0,0
STU02238,Male,20,AIML,Hosteler,179742,60.7,6.68,100,0,100.0,1,8,0,0,9,0,1,0
STU02239,Feamle,20,AIML,Day Scholar,198796,64.8,5.39,28,0,71.2,0,8,1,1,4,1,0,0
STU02240,Male,21,MC,Hosteler,72837,100.0,8.79,19,1,67.2,0,8,0,1,14,0,0,0
STU02241,Male,22,AIML,Hosteler,187046,91.8,8.37,21,1,82.5,0,5,0,1,1,2,0,0
STU02242,Male,20,CSE,Day Scholar,152181,81.6,7.68,95,0,100.0,2,6,0,0,12,0,1,0
STU02243,Male,23,MC,Hosteler,48755,87.2,7.5,71,0,57.8,1,5,0,0,12,0,0,0
STU02244,Feamle,19,ECE,Day Scholar,128473,46.6,7.45,85,1,80.9,0,4,1,0,1,0,0,0
STU02245,Feamle,18,ECE,Day Scholar,44802,85.9,6.21,14,0,100.0,0,7,1,0,2,1,0,0
STU02246,Feamle,24,CSE,Day Scholar,84771,89.1,10.0,34,0,66.2,1,7,0,0,6,0,0,0
STU02247,Male,19,AIML,Day Scholar,63899,41.4,6.57,79,0,69.7,0,6,0,0,4,1,0,0
STU02248,Male,22,ECE,Day Scholar,193044,86.5,6.36,92,0,98.6,0,4,0,0,14,2,0,0
STU02249,Feamle,18,AIML,Hosteler,146995,53.6,8.68,33,0,100.0,2,6,0,0,1,0,0,0
STU02250,Male,19,ECE,Hosteler,187776,45.4,6.96,19,0,100.0,1,4,0,1,4,0,0,0
STU02251,Male,19,AIML,Day Scholar,95194,94.9,6.97,76,0,77.0,0,4,0,0,4,0,0,0
STU02252,Male,21,ECE,Hosteler,129484,59.9,9.12,55,0,61.1,1,9,0,0,0,0,0,0
STU02253,Male,24,ECE,Day Scholar,72958,64.3,8.02,50,0,67.5,0,2,1,0,8,0,0,0
STU02254,Feamle,22,MC,Day Scholar,108469,89.8,8.09,76,1,58.1,0,4,0,1,12,0,0,0
STU02255,Feamle,23,MC,Hosteler,62491,70.4,4.87,94,0,81.5,1,1,0,0,9,3,0,0
STU02256,Feamle,21,CSE,Day Scholar,28495,72.3,7.6,84,1,93.3,1,4,0,0,8,1,1,0
STU02257,Male,18,ECE,Hosteler,85181,72.0,5.49,49,1,83.9,1,2,0,0,10,0,1,0
STU02258,Feamle,24,AIML,Day Scholar,199184,80.2,6.32,29,0,70.2,0,7,1,0,10,2,0,0
STU02259,Feamle,23,ECE,Day Scholar,33097,71.6,7.26,24,1,98.9,0,5,1,0,6,0,1,0
STU02260,Male,21,AIML,Day Scholar,172604,76.7,6.95,93,1,90.7,1,3,0,0,13,2,0,0
STU02261,Male,24,AIML,Hosteler,182182,67.4,7.98,73,0,89.7,0,2,0,0,10,0,0,0
STU02262,Feamle,22,ECE,Day Scholar,199615,80.3,8.16,70,1,96.0,0,6,1,0,6,2,0,0
STU02263,Feamle,20,AIML,Hosteler,60702,79.7,8.27,97,0,86.4,0,6,0,0,2,0,0,0
STU02264,Feamle,20,CSE,Day Scholar,146901,100.0,4.98,3,0,77.7,0,8,0,0,6,0,0,0
STU02265,Feamle,18,MC,Day Scholar,175789,69.3,10.0,62,1,55.7,0,7,1,0,7,0,0,0
STU02266,Male,20,AIML,Day Scholar,75941,72.2,6.96,21,2,74.0,2,6,0,0,9,0,0,0
STU02267,Feamle,21,ECE,Day Scholar,124079,78.6,8.82,56,2,64.5,0,8,1,0,12,0,1,0
STU02268,Feamle,18,MC,Day Scholar,127304,89.5,3.23,92,0,100.0,0,4,0,0,11,0,0,0
STU02269,Male,23,CSE,Hosteler,102867,58.6,6.6,53,0,100.0,0,5,0,0,11,2,0,1
STU02270,Feamle,22,AIML,Hosteler,146292,76.6,4.81,3,0,100.0,0,7,1,1,8,2,0,0
STU02271,Male,18,AIML,Day Scholar,63252,37.4,5.71,64,1,71.9,0,6,0,0,14,0,1,1
STU02272,Male,23,MC,Hosteler,69917,70.9,7.08,47,0,77.6,1,7,0,0,5,0,0,0
STU02273,Male,18,AIML,Day Scholar,129419,91.1,6.5,22,0,67.2,0,5,0,0,1,0,0,0
STU02274,Feamle,19,ECE,Day Scholar,41399,64.1,8.97,22,0,56.0,1,4,1,0,6,1,0,0
STU02275,Feamle,19,MC,Day Scholar,111050,77.7,9.65,5,0,96.7,0,10,1,0,7,0,0,0
STU02276,Male,18,MC,Day Scholar,22496,67.1,5.55,68,1,65.3,0,5,0,0,6,0,1,0
STU02277,Feamle,24,AIML,Day Scholar,50985,62.1,6.27,63,0,74.6,0,3,1,0,7,0,0,0
STU02278,Feamle,20,CSE,Day Scholar,135950,89.6,5.45,86,2,72.6,0,5,0,0,9,1,0,0
STU02279,Male,19,CSE,Day Scholar,124697,59.3,8.73,70,0,100.0,0,1,1,0,11,1,0,1
STU02280,Male,24,CSE,Day Scholar,172506,79.4,7.24,4,0,81.0,0,4,1,1,9,0,0,0
STU02281,Feamle,24,CSE,Day Scholar,58178,79.6,7.05,32,0,97.1,0,11,1,0,10,0,0,0
STU02282,Male,22,MC,Day Scholar,53310,62.2,7.47,25,1,72.9,0,5,1,0,14,0,1,0
STU02283,Feamle,23,MC,Day Scholar,96407,77.3,6.53,58,0,66.4,0,4,0,0,14,0,0,0
STU02284,Feamle,21,AIML,Day Scholar,164462,61.0,5.72,84,0,88.0,2,3,0,1,0,0,0,0
STU02285,Feamle,19,CSE,Hosteler,96682,82.8,7.08,33,0,100.0,0,8,0,0,9,0,0,0
STU02286,Feamle,18,CSE,Hosteler,141352,55.3,6.6,25,0,69.6,0,3,0,1,9,0,1,0
STU02287,Male,20,AIML,Day Scholar,68577,69.9,7.52,73,2,93.4,1,3,0,0,13,0,1,0
STU02288,Male,21,AIML,Day Scholar,109643,71.2,4.55,65,0,74.6,0,2,0,0,13,0,0,0
STU02289,Male,23,AIML,Hosteler,71933,91.7,7.28,19,1,46.2,1,7,0,0,14,0,0,0
STU02290,Male,24,ECE,Day Scholar,35479,77.1,5.97,13,1,64.3,0,6,0,1,11,2,0,0
STU02291,Feamle,23,AIML,Day Scholar,96719,89.3,7.23,70,0,79.4,1,7,0,0,5,0,0,0
STU02292,Feamle,19,AIML,Day Scholar,104532,83.3,8.36,73,1,84.8,0,5,0,0,2,0,0,0
STU02293,Male,23,ECE,Day Scholar,179296,83.2,6.17,94,0,92.3,2,6,0,0,9,1,0,0
STU02294,Feamle,23,CSE,Hosteler,167245,70.0,8.8,7,0,100.0,0,10,0,0,2,0,1,0
STU02295,Feamle,20,MC,Day Scholar,96408,90.3,4.39,57,0,80.0,1,3,0,0,2,0,0,0
STU02296,Feamle,24,CSE,Day Scholar,59800,69.7,9.32,0,1,51.2,0,4,0,0,6,0,0,0
STU02297,Male,20,MC,Day Scholar,178496,49.1,8.86,92,0,84.3,1,2,0,0,1,0,0,0
STU02298,Male,20,MC,Hosteler,173779,71.8,5.67,30,0,71.3,0,7,0,0,1,0,0,0
STU02299,Male,18,AIML,Hosteler,32854,81.8,5.68,7,1,58.9,1,4,0,0,11,0,0,0
STU02300,Feamle,23,AIML,Day Scholar,123090,50.9,4.76,79,0,81.1,0,3,0,0,11,3,0,1
STU02301,Male,23,ECE,Hosteler,154753,61.7,8.38,82,0,93.8,0,7,1,0,0,0,0,0
STU02302,Male,23,CSE,Day Scholar,172685,56.5,6.5,89,0,92.1,1,3,0,0,14,1,0,0
STU02303,Male,22,CSE,Day Scholar,39879,86.8,6.39,59,0,62.6,1,6,0,0,14,1,0,0
STU02304,Male,20,MC,Day Scholar,26078,100.0,5.32,61,0,100.0,1,8,1,0,3,0,0,0
STU02305,Male,21,AIML,Day Scholar,134166,71.9,9.72,9,1,91.4,0,10,1,0,14,0,0,0
STU02306,Male,19,AIML,Day Scholar,65461,83.0,5.54,17,0,100.0,0,3,1,0,1,0,0,0
STU02307,Feamle,24,CSE,Day Scholar,116892,82.6,7.04,65,0,100.0,0,4,0,1,0,2,0,0
STU02308,Feamle,21,ECE,Day Scholar,72314,98.3,7.32,100,4,92.2,0,8,0,1,7,0,0,0
STU02309,Male,24,AIML,Day Scholar,47941,65.2,6.4,92,0,100.0,0,2,1,0,5,0,0,0
STU02310,Male,18,ECE,Day Scholar,152488,71.7,6.1,65,1,90.4,0,5,1,1,0,0,0,0
STU02311,Feamle,18,CSE,Day Scholar,176497,69.9,6.45,51,0,49.1,1,4,0,0,0,0,1,0
STU02312,Feamle,24,CSE,Day Scholar,144781,76.1,7.85,66,0,33.1,0,7,0,1,3,0,1,0
STU02313,Male,23,ECE,Hosteler,159579,100.0,6.48,87,2,69.0,0,7,0,0,6,0,0,0
STU02314,Male,21,AIML,Day Scholar,142261,75.5,9.44,8,0,88.1,0,1,0,0,9,0,0,0
STU02315,Male,23,CSE,Day Scholar,33573,62.2,5.83,47,1,50.1,0,1,1,0,2,0,0,0
STU02316,Male,22,MC,Day Scholar,179770,57.7,8.13,59,1,79.8,0,4,1,1,10,0,1,0
STU02317,Feamle,18,CSE,Day Scholar,193550,93.8,4.37,77,1,96.3,0,4,1,0,14,0,1,0
STU02318,Male,18,AIML,Day Scholar,81494,62.1,5.83,51,1,48.5,0,5,1,0,13,0,0,0
STU02319,Male,21,MC,Day Scholar,38318,85.0,5.78,42,0,99.8,1,5,1,0,13,0,0,0
STU02320,Male,18,CSE,Day Scholar,189791,64.8,5.34,74,0,85.3,1,5,0,0,5,0,0,0
STU02321,Male,22,AIML,Day Scholar,116528,56.0,7.43,49,1,79.8,0,3,0,0,13,2,0,0
STU02322,Feamle,22,AIML,Day Scholar,95529,84.1,6.83,87,1,54.7,0,2,0,0,14,3,0,0
STU02323,Feamle,22,CSE,Hosteler,59102,65.5,3.58,13,1,93.7,0,4,0,0,7,0,0,0
STU02324,Feamle,19,AIML,Day Scholar,39006,81.4,9.99,17,1,83.2,0,3,0,1,0,2,0,0
STU02325,Male,22,ECE,Day Scholar,29048,82.5,7.26,99,0,37.5,1,5,1,0,5,0,0,0
STU02326,Male,22,MC,Day Scholar,173021,83.2,7.0,76,0,84.4,0,7,0,0,6,0,0,0
STU02327,Feamle,19,ECE,Hosteler,37909,71.0,8.97,33,1,60.9,1,3,0,0,10,0,1,0
STU02328,Male,23,CSE,Hosteler,182407,85.3,8.48,82,1,66.0,0,6,0,0,14,0,0,0
STU02329,Male,20,ECE,Day Scholar,54184,61.2,6.55,40,3,82.0,0,2,0,0,11,0,0,0
STU02330,Feamle,18,CSE,Hosteler,81215,38.2,4.07,74,0,89.1,0,10,0,0,8,2,1,1
STU02331,Feamle,22,CSE,Day Scholar,178713,85.6,7.85,48,0,100.0,0,5,0,0,7,2,0,0
STU02332,Feamle,18,AIML,Day Scholar,88256,77.5,5.56,89,0,62.9,0,5,1,0,0,1,0,0
STU02333,Feamle,21,AIML,Day Scholar,26826,65.8,8.86,68,0,80.7,0,6,0,1,10,0,0,0
STU02334,Male,18,CSE,Hosteler,114316,52.9,5.84,84,0,42.8,2,5,0,0,9,1,0,0
STU02335,Male,24,MC,Day Scholar,59563,44.5,6.32,8,0,87.8,2,5,0,0,9,0,0,0
STU02336,Feamle,23,MC,Day Scholar,72828,75.8,4.99,47,1,72.1,1,5,0,0,12,0,0,0
STU02337,Male,19,MC,Day Scholar,123380,99.7,5.11,11,0,90.6,0,9,0,0,9,1,0,0
STU02338,Feamle,18,ECE,Day Scholar,133766,72.9,6.84,64,0,76.3,0,5,0,0,12,0,0,0
STU02339,Feamle,18,CSE,Day Scholar,26369,69.6,6.7,13,1,69.2,1,1,1,1,8,1,0,0
STU02340,Male,18,AIML,Hosteler,61312,74.6,6.29,63,0,74.7,0,3,0,0,2,0,0,0
STU02341,Feamle,20,ECE,Day Scholar,129727,100.0,10.0,25,0,36.1,0,6,0,1,0,0,0,0
STU02342,Male,20,ECE,Day Scholar,156898,86.3,7.91,6,0,94.7,0,3,1,1,14,0,0,0
STU02343,Male,21,AIML,Day Scholar,150371,61.0,7.02,54,1,96.1,1,7,0,0,0,0,0,0
STU02344,Male,19,CSE,Day Scholar,153264,75.4,2.86,58,3,96.6,1,6,1,0,3,0,0,0
STU02345,Male,18,ECE,Day Scholar,144657,80.0,8.24,79,0,77.9,2,3,0,0,9,0,0,0
STU02346,Feamle,18,CSE,Hosteler,170992,59.2,10.0,78,0,100.0,1,5,0,0,13,1,0,1
STU02347,Male,18,CSE,Day Scholar,133554,86.4,6.72,55,0,65.8,1,5,0,0,14,1,0,0
STU02348,Feamle,18,CSE,Day Scholar,174755,62.7,5.78,67,1,60.2,1,4,0,0,8,1,0,0
STU02349,Feamle,20,AIML,Day Scholar,45692,52.3,7.24,29,1,94.3,0,7,0,0,14,0,0,0
STU02350,Feamle,23,CSE,Day Scholar,102453,76.1,4.85,22,0,68.9,2,7,0,1,11,0,0,0
STU02351,Feamle,23,ECE,Day Scholar,29409,73.8,7.69,85,2,100.0,0,5,0,0,14,0,0,0
STU02352,Male,21,AIML,Day Scholar,34795,75.0,9.25,78,0,100.0,0,8,0,0,2,0,1,0
STU02353,Male,24,AIML,Day Scholar,96716,63.5,5.99,16,0,80.9,2,5,0,0,3,0,0,0
STU02354,Feamle,22,ECE,Hosteler,172807,65.6,6.04,1,0,56.1,0,5,0,0,11,1,0,0
STU02355,Feamle,19,AIML,Day Scholar,143411,91.9,6.88,71,0,66.1,1,4,1,0,13,0,0,0
STU02356,Male,23,ECE,Day Scholar,64036,81.6,6.25,69,0,76.2,0,3,0,0,3,0,0,0
STU02357,Feamle,24,MC,Hosteler,73387,60.6,4.73,38,0,100.0,0,4,0,0,2,1,0,0
STU02358,Male,18,ECE,Hosteler,124545,45.7,6.42,91,0,84.8,0,6,0,0,7,0,0,0
STU02359,Feamle,23,AIML,Day Scholar,32021,61.3,6.12,47,0,94.1,0,7,1,1,5,0,1,0
STU02360,Male,21,ECE,Hosteler,89650,77.4,9.05,4,1,63.3,1,1,1,0,4,0,1,0
STU02361,Feamle,22,MC,Day Scholar,88120,65.5,8.73,20,0,81.8,0,6,0,1,0,0,0,0
STU02362,Feamle,23,CSE,Day Scholar,29740,64.4,9.1,49,0,64.6,1,5,0,0,14,3,0,0
STU02363,Male,21,CSE,Day Scholar,164391,66.2,8.2,19,0,68.4,0,3,1,1,6,0,0,0
STU02364,Feamle,20,CSE,Day Scholar,106391,73.9,7.31,97,0,44.3,2,3,0,0,10,1,0,0
STU02365,Feamle,22,AIML,Day Scholar,156314,86.8,5.69,70,0,86.2,0,5,1,1,6,2,0,0
STU02366,Male,21,MC,Hosteler,66169,75.0,8.99,93,0,94.4,1,3,1,0,13,2,0,0
STU02367,Feamle,24,ECE,Hosteler,83711,75.9,7.52,93,0,50.4,0,6,0,0,8,1,0,0
STU02368,Male,23,ECE,Hosteler,180479,71.6,5.13,78,3,56.3,0,3,1,0,9,0,1,0
STU02369,Male,20,ECE,Hosteler,73504,67.5,5.63,90,2,50.9,0,2,1,0,7,1,1,0
STU02370,Feamle,24,ECE,Day Scholar,172384,88.4,5.1,72,0,80.2,1,3,0,1,6,0,0,0
STU02371,Feamle,21,AIML,Day Scholar,99630,86.1,3.92,26,0,78.7,0,3,0,1,14,0,0,0
STU02372,Feamle,21,AIML,Hosteler,134481,100.0,7.58,1,0,97.2,1,3,1,0,1,0,0,0
STU02373,Feamle,24,MC,Hosteler,125619,84.2,5.14,99,0,56.9,0,5,0,0,0,1,0,0
STU02374,Feamle,23,ECE,Day Scholar,134050,67.5,5.87,90,0,72.5,0,6,0,0,0,1,0,0
STU02375,Feamle,22,CSE,Day Scholar,32988,61.4,7.06,46,0,64.7,0,5,0,1,4,0,0,0
STU02376,Feamle,20,AIML,Hosteler,98734,89.3,6.72,39,2,93.0,0,3,0,0,9,0,0,0
STU02377,Male,18,MC,Day Scholar,35995,62.8,5.93,88,0,79.6,0,5,1,1,2,0,0,0
STU02378,Feamle,19,MC,Hosteler,124484,87.1,9.28,35,2,68.7,1,3,1,0,10,0,0,0
STU02379,Male,22,AIML,Hosteler,160948,63.6,4.71,70,0,64.0,2,6,0,1,3,0,0,0
STU02380,Feamle,20,CSE,Hosteler,38537,80.2,4.77,12,0,87.2,0,4,0,1,6,0,1,0
STU02381,Feamle,24,CSE,Day Scholar,75160,59.1,7.69,100,0,100.0,0,2,0,0,10,0,1,0
STU02382,Male,21,ECE,Hosteler,108295,86.7,6.06,83,0,86.7,0,4,0,0,9,0,0,0
STU02383,Feamle,24,AIML,Hosteler,146097,56.5,6.0,21,0,73.1,1,5,0,0,14,0,0,0
STU02384,Feamle,20,CSE,Hosteler,156350,79.1,5.38,17,0,52.2,0,4,0,1,13,0,1,0
STU02385,Male,24,AIML,Day Scholar,184799,72.0,7.51,74,1,100.0,0,4,0,0,5,1,1,0
STU02386,Feamle,24,MC,Hosteler,30031,76.5,7.34,5,0,79.9,2,6,1,0,7,0,0,0
STU02387,Feamle,19,MC,Hosteler,82745,69.1,7.18,67,1,94.6,1,2,1,0,0,0,0,0
STU02388,Feamle,23,MC,Day Scholar,110389,68.7,6.13,66,0,94.7,1,3,0,0,12,1,0,0
STU02389,Male,19,AIML,Hosteler,106140,77.3,5.87,51,1,100.0,0,5,0,0,8,0,0,0
STU02390,Feamle,18,ECE,Day Scholar,125891,60.0,6.76,69,0,100.0,0,2,0,0,14,1,0,0
STU02391,Feamle,18,ECE,Hosteler,111455,59.9,8.45,78,1,33.8,1,3,0,0,6,0,0,0
STU02392,Feamle,19,CSE,Hosteler,94442,69.6,9.35,2,0,83.2,0,4,0,0,9,1,0,0
STU02393,Feamle,22,AIML,Day Scholar,128001,69.0,8.67,16,2,100.0,0,1,0,0,1,2,0,0
STU02394,Male,22,ECE,Hosteler,71866,59.9,7.76,93,1,80.9,2,3,1,0,3,0,1,0
STU02395,Male,24,AIML,Hosteler,86883,88.9,8.47,85,0,85.4,0,5,0,0,10,0,0,0
STU02396,Feamle,24,ECE,Day Scholar,75237,70.0,5.23,65,0,80.8,0,6,0,0,10,0,1,0
STU02397,Feamle,21,MC,Day Scholar,44553,71.6,5.93,56,3,76.3,1,7,0,0,12,0,0,0
STU02398,Male,18,MC,Day Scholar,155940,55.1,7.79,79,2,57.6,1,3,1,0,14,1,0,0
STU02399,Male,21,CSE,Day Scholar,116441,100.0,6.82,21,1,69.4,0,13,0,0,1,2,0,0
STU02400,Feamle,18,MC,Day Scholar,155032,100.0,7.51,10,1,56.4,0,7,1,0,8,0,0,0
STU02401,Male,19,ECE,Day Scholar,161016,63.3,8.47,35,0,91.1,2,9,0,0,8,3,0,0
STU02402,Feamle,22,CSE,Day Scholar,174831,93.4,8.24,52,2,89.9,0,4,1,0,8,0,1,0
STU02403,Male,24,CSE,Day Scholar,169193,73.6,5.36,75,0,78.8,1,6,0,0,4,1,0,0
STU02404,Male,22,MC,Hosteler,196201,99.1,7.02,39,1,32.7,0,3,0,0,11,1,0,0
STU02405,Male,19,AIML,Hosteler,134147,80.0,5.62,34,1,72.8,0,3,0,0,9,2,0,0
STU02406,Male,21,MC,Day Scholar,135796,76.5,5.83,42,0,56.9,1,8,1,0,10,1,0,0
STU02407,Feamle,21,MC,Day Scholar,104599,37.5,4.43,44,0,58.9,0,4,1,0,13,0,0,1
STU02408,Male,20,CSE,Day Scholar,182631,61.8,7.2,40,0,84.7,0,8,0,0,5,0,0,0
STU02409,Male,24,MC,Day Scholar,156832,75.3,4.32,63,1,97.8,1,8,0,0,12,0,0,0
STU02410,Feamle,24,ECE,Day Scholar,127407,78.0,7.59,14,0,100.0,2,5,0,0,13,2,0,0
STU02411,Male,24,CSE,Day Scholar,136784,56.8,9.04,43,0,86.6,1,4,1,0,5,1,0,0
STU02412,Male,18,MC,Day Scholar,145893,64.1,7.8,41,0,100.0,0,5,0,0,9,0,0,0
STU02413,Feamle,21,AIML,Day Scholar,53126,83.3,7.08,58,0,53.9,0,3,1,0,12,0,0,0
STU02414,Male,19,ECE,Hosteler,50961,54.3,9.3,84,0,62.7,0,12,0,1,14,0,0,0
STU02415,Feamle,21,AIML,Day Scholar,184916,77.0,7.49,3,0,78.3,1,7,0,1,1,2,1,0
STU02416,Feamle,22,ECE,Day Scholar,34088,93.6,5.71,70,0,93.0,2,7,0,0,14,0,0,0
STU02417,Feamle,18,AIML,Day Scholar,158308,80.8,7.19,28,0,89.8,1,4,0,0,10,2,1,0
STU02418,Feamle,24,MC,Hosteler,123975,80.0,9.94,40,1,95.1,1,4,0,0,2,0,1,0
STU02419,Male,23,ECE,Day Scholar,74967,44.7,5.36,5,0,83.5,1,6,1,0,8,1,0,1
STU02420,Feamle,20,CSE,Hosteler,107684,62.7,4.93,38,0,81.2,0,6,0,0,0,2,1,0
STU02421,Male,18,CSE,Hosteler,123278,100.0,7.92,80,1,100.0,1,3,0,1,7,0,0,0
STU02422,Male,22,AIML,Day Scholar,71454,66.0,6.66,99,1,89.2,0,5,0,0,2,0,0,0
STU02423,Male,24,AIML,Hosteler,196132,94.0,6.2,65,0,82.9,1,6,1,1,3,1,0,0
STU02424,Male,22,AIML,Hosteler,193636,65.8,5.11,80,1,81.3,0,1,1,0,0,0,0,0
STU02425,Male,22,ECE,Hosteler,53843,70.8,4.07,92,1,64.8,0,5,1,0,0,0,0,0
STU02426,Male,24,CSE,Day Scholar,171504,82.7,4.82,26,0,94.8,2,3,0,0,11,0,0,0
STU02427,Male,22,MC,Hosteler,34433,76.5,9.42,6,0,57.6,1,7,0,0,4,1,0,0
STU02428,Male,19,ECE,Day Scholar,178880,80.7,6.99,10,0,44.0,2,8,0,0,9,0,0,0
STU02429,Male,20,AIML,Day Scholar,56245,62.7,4.06,89,0,100.0,1,7,0,1,4,1,0,0
STU02430,Male,23,CSE,Day Scholar,102922,58.0,8.78,31,2,100.0,0,7,0,1,2,1,1,1
STU02431,Feamle,22,AIML,Day Scholar,175974,61.7,8.85,86,0,88.9,0,5,0,0,8,0,0,0
STU02432,Feamle,22,MC,Day Scholar,141074,67.0,8.84,50,0,87.2,1,9,0,0,13,0,1,0
STU02433,Feamle,21,MC,Hosteler,144407,71.6,6.37,39,0,75.1,0,5,0,0,8,0,0,0
STU02434,Male,20,CSE,Hosteler,34702,90.6,6.6,6,1,71.1,1,5,0,0,10,0,0,0
STU02435,Feamle,18,ECE,Day Scholar,121125,76.3,7.21,0,1,43.5,0,2,1,0,10,2,1,0
STU02436,Feamle,20,MC,Day Scholar,64185,82.3,9.1,24,0,58.7,1,6,0,0,1,0,0,0
STU02437,Feamle,20,MC,Hosteler,112393,77.1,6.17,94,1,61.2,0,8,0,1,12,0,0,0
STU02438,Male,24,MC,Hosteler,196779,58.3,5.87,5,1,81.2,0,4,0,0,6,0,1,0
STU02439,Male,24,MC,Day Scholar,94222,75.3,8.04,91,0,100.0,0,3,0,0,13,2,1,0
STU02440,Male,24,AIML,Day Scholar,144018,77.0,8.81,94,1,49.3,0,9,0,0,10,0,0,0
STU02441,Male,23,AIML,Day Scholar,22416,86.4,6.92,99,0,92.2,1,2,0,0,14,1,0,0
STU02442,Feamle,20,ECE,Day Scholar,144236,59.0,8.01,15,1,93.9,0,8,0,0,8,0,0,0
STU02443,Feamle,23,CSE,Day Scholar,111265,44.4,7.17,14,0,46.4,0,5,0,0,5,0,0,0
STU02444,Feamle,22,CSE,Day Scholar,183743,77.6,6.62,21,0,51.0,0,2,0,1,11,0,0,0
STU02445,Feamle,24,CSE,Day Scholar,137937,80.3,5.76,17,1,84.9,0,6,1,0,13,0,0,0
STU02446,Male,22,MC,Day Scholar,140003,72.3,5.27,49,0,85.9,1,6,0,0,0,1,1,0
STU02447,Male,24,AIML,Day Scholar,20207,75.4,6.08,71,0,100.0,0,5,1,0,6,0,0,0
STU02448,Male,19,AIML,Hosteler,96382,88.2,5.54,9,3,89.3,1,2,0,0,0,0,0,0
STU02449,Feamle,23,ECE,Hosteler,126968,68.1,7.43,100,2,56.1,1,7,0,0,2,0,0,0
STU02450,Male,23,CSE,Day Scholar,41511,70.8,8.83,48,0,80.2,0,6,1,0,14,0,0,0
STU02451,Male,18,AIML,Day Scholar,175783,76.2,7.31,69,2,65.6,0,6,0,0,6,0,0,0
STU02452,Feamle,21,ECE,Hosteler,149633,56.7,5.62,9,0,38.7,1,8,1,0,4,0,0,0
STU02453,Feamle,20,CSE,Hosteler,199086,72.7,8.28,38,2,94.4,0,7,0,0,10,0,1,0
STU02454,Male,18,MC,Day Scholar,122660,74.0,7.45,57,1,91.7,0,1,0,0,7,2,0,0
STU02455,Male,23,AIML,Day Scholar,176818,99.6,7.74,70,0,76.7,0,4,0,1,8,0,0,0
STU02456,Male,18,AIML,Hosteler,157096,70.5,6.22,41,0,100.0,1,4,1,0,0,1,0,0
STU02457,Male,19,CSE,Hosteler,181464,78.0,8.7,44,1,54.9,0,4,0,1,10,0,1,0
STU02458,Male,21,MC,Day Scholar,125909,88.8,8.69,98,1,100.0,1,1,1,0,9,1,0,0
STU02459,Male,23,MC,Hosteler,195603,62.4,6.72,27,1,65.2,0,7,1,0,11,0,0,0
STU02460,Feamle,23,AIML,Day Scholar,42759,95.6,8.08,88,1,89.6,0,4,0,0,6,0,0,0
STU02461,Feamle,20,CSE,Hosteler,112260,100.0,8.65,91,0,99.2,2,3,0,0,14,0,0,0
STU02462,Feamle,24,ECE,Hosteler,81586,74.6,6.3,72,1,63.1,1,3,1,0,10,1,0,0
STU02463,Male,21,AIML,Hosteler,196844,66.9,6.88,4,1,67.8,0,5,0,0,2,1,0,0
STU02464,Feamle,19,MC,Hosteler,161869,99.4,7.12,56,1,87.5,0,8,0,0,14,1,0,0
STU02465,Male,22,ECE,Hosteler,79727,86.9,5.35,79,0,59.2,0,2,0,0,10,0,1,0
STU02466,Male,18,CSE,Hosteler,110557,76.2,7.66,28,1,92.5,1,5,1,0,2,0,0,0
STU02467,Feamle,20,MC,Day Scholar,121085,96.4,8.53,54,1,81.5,0,6,0,1,5,0,0,0
STU02468,Male,23,ECE,Hosteler,62500,94.8,6.78,22,0,87.0,1,4,0,0,8,0,0,0
STU02469,Male,22,AIML,Day Scholar,129266,70.0,7.51,56,0,65.0,1,2,0,0,7,2,0,0
STU02470,Feamle,19,MC,Hosteler,39986,78.7,9.1,17,0,64.0,1,4,0,0,13,0,0,0
STU02471,Feamle,21,CSE,Day Scholar,169392,83.7,6.39,25,1,51.9,3,3,0,0,7,0,0,0
STU02472,Feamle,18,MC,Hosteler,188023,75.4,7.54,4,0,85.4,1,9,1,0,9,0,0,0
STU02473,Male,20,AIML,Hosteler,60694,54.1,6.15,7,0,55.8,0,8,1,0,8,1,1,0
STU02474,Feamle,23,CSE,Day Scholar,193684,60.9,6.1,18,1,73.5,0,4,0,0,2,0,0,0
STU02475,Feamle,23,AIML,Day Scholar,189641,54.6,7.51,100,0,95.4,0,6,0,0,4,0,0,0
STU02476,Male,22,ECE,Day Scholar,132100,82.4,7.36,27,0,100.0,0,3,0,1,5,2,1,0
STU02477,Feamle,22,MC,Day Scholar,172271,57.2,7.83,67,1,86.8,3,8,0,0,8,2,1,1
STU02478,Feamle,18,AIML,Day Scholar,91036,77.9,7.11,83,0,81.9,0,2,0,0,10,0,0,0
STU02479,Feamle,21,ECE,Day Scholar,49666,100.0,7.7,49,0,53.2,2,2,0,0,11,2,0,0
STU02480,Male,19,CSE,Day Scholar,156474,96.4,9.5,85,0,70.5,0,5,0,0,11,1,1,0
STU02481,Male,24,CSE,Day Scholar,57549,47.4,8.59,75,1,71.4,3,3,0,1,1,2,1,1
STU02482,Male,21,ECE,Day Scholar,166587,55.8,7.51,64,0,87.9,1,9,0,0,14,0,0,1
STU02483,Male,21,ECE,Day Scholar,147910,63.4,7.76,7,0,73.4,0,3,0,0,6,0,1,0
STU02484,Feamle,21,CSE,Hosteler,129433,57.5,6.55,59,0,100.0,0,3,1,0,0,0,0,0
STU02485,Male,24,AIML,Hosteler,32099,50.2,6.76,57,1,90.0,0,5,0,0,14,0,0,0
STU02486,Male,18,ECE,Day Scholar,134159,74.8,7.74,26,1,94.7,0,2,0,1,3,0,0,0
STU02487,Feamle,24,AIML,Day Scholar,131882,85.6,7.13,84,1,90.0,2,4,0,0,9,0,0,0
STU02488,Feamle,18,CSE,Day Scholar,42097,89.3,8.19,32,0,60.1,1,3,1,0,6,0,0,0
STU02489,Feamle,24,AIML,Day Scholar,90719,67.9,8.9,96,1,68.7,0,5,0,0,1,2,0,0
STU02490,Male,19,AIML,Hosteler,171535,70.9,6.85,45,1,70.3,0,8,0,0,9,0,0,0
STU02491,Male,21,ECE,Hosteler,69094,80.3,3.99,36,0,100.0,0,8,1,0,7,0,0,0
STU02492,Male,18,AIML,Hosteler,116596,73.4,10.0,68,0,100.0,0,4,1,0,3,0,1,0
STU02493,Feamle,24,AIML,Day Scholar,36696,87.2,6.02,14,1,86.4,1,6,0,0,4,0,0,0
STU02494,Feamle,19,AIML,Day Scholar,28354,81.5,7.29,93,1,84.6,0,8,0,0,9,0,1,0
STU02495,Male,24,CSE,Hosteler,168984,69.4,8.09,66,1,93.5,0,3,0,0,5,0,1,0
STU02496,Feamle,23,CSE,Day Scholar,196420,47.2,9.11,27,0,50.0,1,5,1,1,0,1,0,0
STU02497,Feamle,19,MC,Hosteler,41880,97.5,9.71,62,0,82.7,2,5,0,1,1,0,0,0
STU02498,Feamle,21,CSE,Hosteler,128061,64.7,6.45,93,1,50.1,0,4,0,0,0,0,0,0
STU02499,Male,20,CSE,Day Scholar,101296,80.4,8.78,99,0,75.0,2,7,1,0,0,0,0,0
STU02500,Feamle,21,MC,Hosteler,90304,46.3,7.3,2,0,98.1,0,7,0,1,12,2,1,1
STU02501,Feamle,20,MC,Day Scholar,43951,74.8,10.0,51,1,60.8,1,7,0,0,5,0,0,0
STU02502,Male,19,ECE,Day Scholar,184238,76.5,8.65,43,0,100.0,0,3,1,1,10,0,0,0
STU02503,Male,23,ECE,Day Scholar,133548,77.2,6.73,59,2,94.7,0,5,0,1,8,0,0,0
STU02504,Feamle,23,CSE,Hosteler,168503,100.0,5.81,57,1,81.0,2,3,0,0,7,0,0,0
STU02505,Feamle,18,AIML,Day Scholar,38326,65.5,3.06,94,0,79.8,0,2,0,0,13,1,1,1
STU02506,Male,23,ECE,Day Scholar,178778,87.3,8.01,13,0,60.5,1,4,0,0,12,0,0,0
STU02507,Male,22,ECE,Day Scholar,53007,82.8,8.51,5,1,56.9,2,8,1,1,13,1,1,0
STU02508,Feamle,19,CSE,Day Scholar,59232,64.8,8.12,18,0,62.2,2,5,0,0,8,0,0,0
STU02509,Feamle,18,AIML,Hosteler,53439,87.1,3.47,61,0,68.5,1,4,0,0,1,0,0,0
STU02510,Feamle,23,MC,Hosteler,71771,72.5,5.11,4,3,87.1,0,3,0,1,5,0,0,0
STU02511,Feamle,19,MC,Day Scholar,175375,88.1,7.72,48,0,61.3,2,5,0,0,9,0,1,0
STU02512,Male,21,CSE,Day Scholar,55229,100.0,9.68,50,1,72.0,1,5,1,0,14,0,0,0
STU02513,Feamle,23,CSE,Hosteler,71258,77.3,6.92,25,0,95.9,1,8,1,0,14,1,0,0
STU02514,Feamle,24,AIML,Hosteler,40532,70.8,8.64,55,0,52.6,0,4,0,1,7,0,0,0
STU02515,Male,20,CSE,Day Scholar,92312,90.8,5.45,17,1,53.5,0,2,0,1,7,0,0,0
STU02516,Feamle,19,CSE,Hosteler,160406,95.9,7.31,100,0,76.1,0,6,0,1,9,2,0,0
STU02517,Male,18,CSE,Hosteler,139069,61.8,6.59,44,1,81.6,2,6,0,0,5,0,1,0
STU02518,Feamle,21,AIML,Hosteler,144945,68.2,8.78,99,0,80.0,1,5,1,0,4,0,0,0
STU02519,Feamle,22,CSE,Hosteler,188964,85.1,6.19,94,2,100.0,1,3,0,0,12,0,1,0
STU02520,Male,21,ECE,Day Scholar,48484,73.0,9.52,81,1,62.4,1,5,0,1,2,2,1,0
STU02521,Male,23,AIML,Hosteler,48831,60.7,6.54,8,0,54.7,0,3,0,1,5,0,0,0
STU02522,Feamle,20,ECE,Hosteler,174737,83.1,5.4,89,2,41.0,2,5,1,0,13,0,0,0
STU02523,Feamle,21,AIML,Hosteler,49205,85.1,5.45,1,0,74.5,0,3,0,1,4,0,0,0
STU02524,Feamle,22,ECE,Hosteler,92590,70.0,6.07,95,0,87.0,1,5,0,0,11,0,0,0
STU02525,Male,24,AIML,Day Scholar,194540,75.9,7.56,41,0,88.0,1,10,0,0,11,2,0,0
STU02526,Feamle,18,MC,Hosteler,148609,66.4,6.09,69,0,76.2,0,9,1,1,14,0,0,0
STU02527,Male,19,CSE,Day Scholar,161440,58.6,5.77,83,2,72.4,1,3,0,0,5,0,0,0
STU02528,Male,20,CSE,Hosteler,41435,67.5,8.33,71,1,83.5,0,8,0,1,5,2,1,0
STU02529,Feamle,22,AIML,Hosteler,134426,76.1,2.18,67,0,84.2,0,4,0,0,7,1,0,0
STU02530,Male,23,ECE,Hosteler,188434,52.9,6.36,88,0,60.2,1,2,1,0,14,0,0,0
STU02531,Feamle,23,MC,Hosteler,164466,68.6,5.0,30,0,91.8,0,4,0,0,6,0,0,0
STU02532,Feamle,23,ECE,Day Scholar,120159,76.3,5.7,18,0,92.1,0,3,1,1,2,0,0,0
STU02533,Feamle,20,CSE,Day Scholar,148117,92.9,7.37,70,0,48.5,0,8,0,0,2,0,0,0
STU02534,Feamle,21,CSE,Day Scholar,134623,70.3,6.69,46,1,70.2,0,7,0,0,9,0,0,0
STU02535,Feamle,20,ECE,Hosteler,116284,56.3,6.56,36,0,58.0,1,4,0,0,4,0,0,0
STU02536,Male,23,AIML,Hosteler,138117,71.9,8.78,93,1,76.6,1,6,0,1,3,0,0,0
STU02537,Male,24,AIML,Hosteler,198825,66.5,6.98,90,1,66.4,1,2,0,0,1,0,0,0
STU02538,Feamle,22,ECE,Day Scholar,74428,83.3,9.71,80,0,83.5,0,4,0,1,8,0,0,0
STU02539,Feamle,19,CSE,Hosteler,194110,69.9,8.07,95,0,57.0,0,3,0,0,13,0,0,0
STU02540,Male,19,ECE,Day Scholar,29880,34.3,5.55,18,0,87.8,0,3,0,1,8,0,0,0
STU02541,Male,20,CSE,Hosteler,171887,100.0,9.9,88,1,100.0,0,3,1,1,0,0,0,0
STU02542,Male,23,ECE,Hosteler,108376,77.1,7.42,92,0,85.9,0,2,1,1,3,0,0,0
STU02543,Male,18,AIML,Day Scholar,176512,76.3,9.81,24,0,100.0,0,4,0,0,11,0,0,0
STU02544,Feamle,24,MC,Day Scholar,157586,51.9,6.6,52,0,75.9,0,8,0,0,6,0,0,0
STU02545,Feamle,20,CSE,Day Scholar,57668,53.0,7.41,95,0,59.1,0,2,1,0,1,0,0,0
STU02546,Male,23,MC,Day Scholar,65369,73.6,7.65,100,0,72.4,0,2,1,0,7,0,0,0
STU02547,Feamle,21,AIML,Day Scholar,69179,80.0,6.75,74,0,90.8,1,1,0,1,7,1,0,0
STU02548,Male,19,ECE,Hosteler,68069,85.5,8.91,3,0,79.2,0,4,0,1,6,2,0,0
STU02549,Feamle,19,AIML,Day Scholar,86565,78.6,9.9,45,1,72.8,0,5,0,0,7,0,0,0
STU02550,Male,24,MC,Hosteler,54764,57.2,3.56,30,1,94.5,0,2,0,1,1,0,0,1
STU02551,Feamle,19,AIML,Day Scholar,176896,37.4,8.22,35,1,77.9,1,6,1,0,13,1,0,0
STU02552,Male,18,AIML,Day Scholar,68461,73.5,5.66,3,1,47.5,2,5,0,1,2,1,1,0
STU02553,Male,23,ECE,Day Scholar,169543,67.0,3.11,1,2,91.7,0,5,0,0,7,0,0,0
STU02554,Feamle,23,MC,Day Scholar,176328,56.1,7.78,38,0,84.2,1,7,0,1,8,0,1,0
STU02555,Male,24,MC,Day Scholar,53142,87.4,7.78,96,0,100.0,1,2,0,0,4,0,0,0
STU02556,Feamle,23,MC,Hosteler,64329,51.4,8.02,43,0,87.5,2,5,0,0,12,0,0,0
STU02557,Feamle,24,CSE,Hosteler,154117,84.3,7.56,90,0,67.6,0,3,0,0,8,2,0,0
STU02558,Male,23,AIML,Hosteler,165800,53.8,8.31,89,0,86.1,0,6,1,0,5,2,0,0
STU02559,Feamle,18,MC,Day Scholar,49713,77.0,6.1,18,0,77.3,0,4,1,0,14,1,1,0
STU02560,Feamle,22,AIML,Day Scholar,99374,89.0,7.4,40,2,83.6,0,3,1,0,13,0,0,0
STU02561,Feamle,20,ECE,Hosteler,42659,69.9,8.05,96,2,100.0,1,5,0,0,4,0,0,0
STU02562,Feamle,20,ECE,Hosteler,157424,100.0,9.03,37,0,71.8,1,8,1,1,11,2,1,0
STU02563,Feamle,23,CSE,Day Scholar,108566,100.0,7.07,73,1,74.1,0,1,0,0,11,1,0,0
STU02564,Male,21,CSE,Day Scholar,118582,78.6,6.68,64,1,32.2,0,2,0,0,5,1,0,0
STU02565,Feamle,19,ECE,Day Scholar,61747,83.1,6.92,34,1,100.0,1,7,0,0,2,0,1,0
STU02566,Feamle,18,MC,Hosteler,49623,90.9,5.21,10,0,79.7,0,5,0,0,1,0,0,0
STU02567,Feamle,21,ECE,Day Scholar,37716,83.2,8.15,58,1,67.6,1,1,0,0,10,2,0,0
STU02568,Feamle,21,AIML,Day Scholar,163636,81.6,4.81,77,1,98.8,1,5,0,0,10,0,1,0
STU02569,Feamle,23,CSE,Hosteler,39531,67.1,7.59,69,2,100.0,3,5,1,0,8,0,0,0
STU02570,Male,18,CSE,Day Scholar,60760,49.7,7.13,42,1,49.3,0,6,1,0,0,0,1,0
STU02571,Feamle,20,ECE,Day Scholar,23449,54.1,4.67,88,0,68.2,0,2,0,0,10,1,0,1
STU02572,Male,19,MC,Hosteler,118736,100.0,4.76,86,0,85.3,0,4,0,1,3,0,0,0
STU02573,Male,20,MC,Day Scholar,53777,79.8,5.72,4,0,57.7,2,2,0,0,5,1,0,0
STU02574,Male,21,AIML,Day Scholar,27279,71.3,6.48,25,0,68.3,0,2,0,0,14,0,0,0
STU02575,Male,19,CSE,Day Scholar,195881,93.9,9.22,81,0,54.4,1,2,0,0,4,1,0,0
STU02576,Feamle,22,ECE,Hosteler,25191,63.8,6.83,31,0,80.6,0,6,1,0,5,0,0,0
STU02577,Male,21,ECE,Day Scholar,94044,83.7,7.82,46,0,60.1,1,4,0,0,1,0,0,0
STU02578,Male,20,CSE,Hosteler,25307,76.2,8.9,55,0,100.0,0,4,0,1,4,0,1,0
STU02579,Feamle,20,ECE,Day Scholar,155288,81.9,8.61,84,0,100.0,0,7,0,0,12,0,1,0
STU02580,Feamle,23,CSE,Day Scholar,125100,70.0,6.99,89,1,57.9,0,4,1,0,4,3,1,0
STU02581,Feamle,20,MC,Hosteler,160199,60.5,5.94,49,0,44.4,0,8,1,0,10,0,0,0
STU02582,Male,18,MC,Hosteler,105438,62.7,7.75,98,0,50.4,1,1,0,0,8,0,0,0
STU02583,Feamle,21,ECE,Day Scholar,130283,63.2,5.97,73,0,70.2,1,3,0,0,12,0,1,0
STU02584,Feamle,24,MC,Day Scholar,186608,75.0,9.72,57,1,83.3,1,1,1,1,11,1,0,0
STU02585,Male,24,MC,Day Scholar,20495,51.7,8.3,27,3,53.2,0,4,0,0,8,0,0,0
STU02586,Feamle,19,AIML,Day Scholar,89128,56.3,7.31,94,1,74.1,1,8,1,0,14,0,1,0
STU02587,Feamle,20,CSE,Day Scholar,87768,77.0,7.77,78,2,75.1,1,8,1,0,7,0,0,0
STU02588,Feamle,23,CSE,Day Scholar,60816,73.1,7.27,54,0,55.5,1,6,0,0,5,0,0,0
STU02589,Feamle,23,ECE,Hosteler,170391,77.9,6.45,57,0,100.0,0,7,0,0,6,0,0,0
STU02590,Male,20,CSE,Hosteler,100203,74.3,7.75,39,1,86.2,1,9,1,0,13,0,0,0
STU02591,Feamle,18,AIML,Day Scholar,33000,100.0,6.64,57,0,89.0,0,7,0,0,11,0,0,0
STU02592,Feamle,23,ECE,Day Scholar,157791,76.9,9.91,71,3,100.0,0,5,0,0,4,0,0,0
STU02593,Male,24,ECE,Hosteler,89981,69.3,5.96,45,0,58.0,3,5,1,0,11,0,1,0
STU02594,Feamle,19,CSE,Day Scholar,67941,76.5,7.76,73,1,98.4,0,6,0,0,2,0,0,0
STU02595,Male,21,MC,Day Scholar,120671,90.3,5.83,44,0,100.0,0,3,0,0,2,0,0,0
STU02596,Feamle,22,MC,Hosteler,59323,74.3,5.81,9,2,100.0,0,3,1,0,6,0,0,0
STU02597,Male,18,MC,Day Scholar,162491,85.3,4.32,81,0,92.9,1,2,0,0,12,0,1,0
STU02598,Male,23,MC,Day Scholar,46403,80.9,7.62,47,1,44.8,0,6,0,0,3,0,1,0
STU02599,Male,21,AIML,Hosteler,48298,70.6,6.2,91,0,86.7,0,4,0,0,11,0,1,0
STU02600,Male,22,ECE,Hosteler,57365,76.7,8.63,61,1,68.6,1,5,0,0,12,0,0,0
STU02601,Feamle,20,MC,Day Scholar,109573,99.0,7.62,27,1,84.5,0,4,0,1,1,0,0,0
STU02602,Male,20,AIML,Day Scholar,197305,78.6,7.22,19,0,100.0,0,8,0,0,3,1,1,0
STU02603,Feamle,19,ECE,Hosteler,92771,60.2,4.88,87,1,86.8,1,3,0,0,1,0,0,0
STU02604,Male,22,CSE,Hosteler,81966,70.2,7.88,69,0,57.3,0,8,0,1,12,0,0,0
STU02605,Male,20,CSE,Hosteler,58056,43.3,6.01,40,0,52.2,1,4,0,0,12,0,0,0
STU02606,Male,20,AIML,Day Scholar,76965,77.1,4.85,95,0,64.3,1,2,0,0,3,0,1,0
STU02607,Feamle,24,ECE,Hosteler,132618,94.7,7.65,5,0,78.0,2,1,1,0,3,0,1,0
STU02608,Male,23,MC,Hosteler,84237,54.9,5.11,10,1,100.0,0,3,0,0,14,0,0,1
STU02609,Feamle,19,ECE,Day Scholar,162267,77.2,3.86,29,1,85.3,0,2,0,0,2,0,0,0
STU02610,Feamle,21,MC,Day Scholar,190446,89.8,8.95,2,0,77.5,2,6,0,0,3,0,0,0
STU02611,Feamle,20,AIML,Day Scholar,83539,91.4,6.16,71,0,75.9,1,5,1,0,8,0,0,0
STU02612,Feamle,24,MC,Hosteler,177320,94.2,4.38,32,1,76.2,1,4,1,0,12,0,1,0
STU02613,Feamle,18,AIML,Day Scholar,177298,47.0,5.56,53,0,96.9,0,5,0,0,7,1,0,0
STU02614,Feamle,18,ECE,Hosteler,106315,82.6,5.92,46,0,58.9,0,4,0,1,2,0,0,0
STU02615,Feamle,21,ECE,Day Scholar,96202,52.4,8.72,82,2,100.0,2,7,0,0,6,0,0,0
STU02616,Feamle,22,MC,Day Scholar,105915,60.0,4.51,9,0,94.9,0,6,0,0,14,0,0,0
STU02617,Feamle,19,ECE,Hosteler,51709,87.3,4.99,18,1,74.7,0,7,1,0,9,0,0,0
STU02618,Male,24,MC,Hosteler,134439,77.4,8.47,8,1,100.0,0,7,0,0,2,0,0,0
STU02619,Male,23,ECE,Day Scholar,193922,85.9,6.33,6,1,100.0,1,5,1,0,10,0,0,0
STU02620,Male,24,CSE,Day Scholar,143000,61.1,7.34,60,0,76.3,1,4,0,1,6,1,0,0
STU02621,Male,18,MC,Day Scholar,60537,97.1,6.26,13,1,95.3,1,6,1,0,11,0,0,0
STU02622,Male,18,AIML,Day Scholar,145981,85.3,10.0,1,1,73.9,0,3,1,0,7,0,0,0
STU02623,Feamle,21,CSE,Day Scholar,50949,88.3,5.07,21,0,65.1,1,3,0,0,1,0,0,0
STU02624,Feamle,22,AIML,Day Scholar,133290,58.8,7.42,59,0,70.2,0,1,0,0,14,0,0,0
STU02625,Feamle,22,ECE,Day Scholar,176925,92.6,9.25,44,1,79.9,1,4,0,1,13,0,0,0
STU02626,Feamle,21,CSE,Day Scholar,173069,70.3,6.44,19,0,46.2,0,9,0,0,5,2,0,0
STU02627,Feamle,24,ECE,Day Scholar,186942,65.8,5.87,25,0,51.9,2,5,0,0,2,2,1,0
STU02628,Feamle,18,MC,Day Scholar,78529,84.4,8.15,58,0,88.0,1,4,0,0,12,0,0,0
STU02629,Feamle,24,AIML,Hosteler,83371,83.7,8.51,67,0,72.2,0,3,1,0,11,0,0,0
STU02630,Male,24,ECE,Hosteler,70607,62.3,5.8,38,0,100.0,0,1,0,0,3,1,0,0
STU02631,Male,19,AIML,Day Scholar,185186,100.0,9.19,22,0,93.4,1,4,1,0,3,2,1,0
STU02632,Male,18,AIML,Day Scholar,192660,100.0,7.08,79,0,88.8,0,3,0,0,0,1,1,0
STU02633,Male,22,ECE,Day Scholar,70366,84.1,7.76,24,1,89.6,0,4,0,0,7,1,1,0
STU02634,Feamle,23,MC,Hosteler,49871,81.5,9.23,72,0,76.4,1,4,1,1,0,1,0,0
STU02635,Feamle,24,AIML,Day Scholar,82284,79.9,8.15,52,0,94.5,0,5,1,0,6,0,0,0
STU02636,Feamle,18,ECE,Hosteler,128043,51.8,7.0,10,1,78.9,0,5,0,0,7,0,1,0
STU02637,Male,24,MC,Day Scholar,156762,76.7,5.99,24,3,86.7,0,1,0,0,6,1,1,0
STU02638,Feamle,19,ECE,Hosteler,166240,76.5,10.0,30,0,75.4,0,4,0,0,13,0,0,0
STU02639,Feamle,20,MC,Hosteler,196947,66.4,5.82,45,0,100.0,1,8,0,0,8,3,0,0
STU02640,Feamle,18,AIML,Hosteler,85116,70.4,7.48,26,0,64.2,0,7,0,0,3,1,0,0
STU02641,Male,21,CSE,Day Scholar,147086,39.3,7.76,99,1,38.3,0,7,0,0,11,0,1,0
STU02642,Feamle,20,ECE,Hosteler,161105,58.5,7.84,62,1,70.2,1,1,0,0,5,1,0,0
STU02643,Male,24,AIML,Hosteler,93583,88.8,10.0,46,2,100.0,0,5,0,0,6,0,0,0
STU02644,Male,21,ECE,Hosteler,24902,100.0,7.07,13,1,96.7,2,1,0,0,1,0,0,0
STU02645,Male,21,ECE,Hosteler,142793,60.8,6.86,22,3,100.0,0,5,0,1,13,0,0,0
STU02646,Male,21,MC,Day Scholar,152568,77.7,9.33,15,0,82.7,0,5,0,1,13,2,0,0
STU02647,Feamle,18,ECE,Hosteler,81263,91.5,6.8,19,1,82.8,0,8,0,0,9,0,0,0
STU02648,Male,22,MC,Hosteler,47664,67.2,8.31,2,0,67.7,0,5,1,1,4,1,0,0
STU02649,Male,24,AIML,Day Scholar,62203,85.1,7.29,5,1,68.7,0,2,1,1,8,1,0,0
STU02650,Feamle,20,ECE,Day Scholar,24582,74.5,8.38,28,1,80.6,0,10,1,0,3,0,0,0
STU02651,Feamle,19,AIML,Day Scholar,49482,92.9,8.09,3,1,80.4,0,2,1,0,6,0,0,0
STU02652,Male,22,CSE,Day Scholar,185883,55.8,6.4,64,1,78.0,1,8,1,0,6,0,0,0
STU02653,Feamle,24,AIML,Day Scholar,187216,58.4,4.23,7,0,86.0,1,5,0,1,4,0,1,1
STU02654,Male,18,ECE,Hosteler,61476,79.2,4.49,47,0,71.4,2,6,0,0,12,0,0,0
STU02655,Male,21,CSE,Day Scholar,51872,76.4,4.24,83,0,88.0,1,4,0,1,12,2,1,1
STU02656,Male,19,MC,Day Scholar,102754,74.2,6.86,15,0,100.0,2,4,0,0,9,1,1,0
STU02657,Male,24,CSE,Day Scholar,168079,83.6,3.47,46,1,100.0,1,6,0,1,8,0,0,0
STU02658,Feamle,20,ECE,Day Scholar,70716,61.0,6.76,30,0,66.0,0,6,0,0,4,0,0,0
STU02659,Male,24,ECE,Day Scholar,115363,54.5,7.2,95,2,100.0,0,2,1,0,4,0,1,0
STU02660,Feamle,22,AIML,Hosteler,133195,67.5,8.28,97,0,95.9,0,4,0,0,0,2,1,0
STU02661,Feamle,23,MC,Hosteler,184336,69.2,7.76,28,1,100.0,0,5,0,0,2,0,0,0
STU02662,Feamle,22,ECE,Day Scholar,117143,70.7,8.35,75,0,100.0,0,5,0,0,4,0,0,0
STU02663,Feamle,24,ECE,Day Scholar,47005,94.0,7.62,67,1,100.0,0,4,0,0,13,0,0,0
STU02664,Male,19,MC,Hosteler,51475,86.6,6.51,42,1,55.4,1,7,0,0,11,1,0,0
STU02665,Feamle,24,MC,Day Scholar,167998,83.0,6.84,33,1,81.7,1,5,1,1,6,0,0,0
STU02666,Male,24,AIML,Day Scholar,53683,78.3,5.72,5,0,64.1,0,5,0,1,5,0,0,0
STU02667,Feamle,18,CSE,Hosteler,96810,68.5,7.34,48,1,85.1,0,7,0,1,1,1,0,0
STU02668,Feamle,20,MC,Day Scholar,66049,62.2,4.62,59,0,100.0,0,5,0,0,13,0,0,0
STU02669,Male,19,ECE,Day Scholar,119483,57.0,8.6,50,1,94.3,1,3,1,0,5,0,0,0
STU02670,Male,24,MC,Hosteler,143045,64.6,5.57,8,0,82.3,0,4,1,0,3,0,0,0
STU02671,Male,21,ECE,Day Scholar,132177,74.4,7.23,4,0,65.2,1,3,1,1,14,0,0,0
STU02672,Feamle,20,AIML,Hosteler,190985,57.7,7.48,63,0,73.8,0,5,1,0,12,0,0,0
STU02673,Feamle,22,CSE,Day Scholar,193566,77.5,8.74,15,0,100.0,0,9,0,1,2,0,0,0
STU02674,Male,19,AIML,Hosteler,50288,72.1,4.48,58,0,63.9,1,5,0,0,6,0,1,0
STU02675,Male,22,MC,Day Scholar,132880,69.0,6.51,55,0,100.0,1,4,0,0,8,0,0,0
STU02676,Male,24,ECE,Hosteler,143060,92.4,7.82,64,0,96.6,0,3,1,0,1,0,0,0
STU02677,Male,22,MC,Hosteler,111428,38.1,9.63,83,0,57.0,0,6,0,0,8,0,0,0
STU02678,Feamle,22,MC,Day Scholar,140800,69.2,6.94,34,2,100.0,0,4,0,1,14,0,0,0
STU02679,Male,18,MC,Hosteler,45682,39.7,6.11,9,0,53.6,0,6,0,1,1,0,0,0
STU02680,Male,22,MC,Day Scholar,87125,78.6,10.0,88,0,47.8,0,5,0,0,14,1,0,0
STU02681,Male,21,CSE,Day Scholar,181881,86.4,8.2,46,0,93.0,0,4,0,0,0,0,0,0
STU02682,Male,21,ECE,Day Scholar,104406,54.7,9.06,91,2,99.3,1,2,1,0,9,0,0,0
STU02683,Feamle,20,MC,Day Scholar,94215,56.7,5.19,34,0,74.0,0,4,0,0,14,0,0,1
STU02684,Male,24,ECE,Hosteler,159875,49.5,7.78,61,1,64.9,0,6,0,0,6,0,0,0
STU02685,Feamle,23,CSE,Hosteler,72572,76.0,5.38,32,0,76.1,0,4,0,0,14,0,0,0
STU02686,Male,22,ECE,Day Scholar,139896,69.9,5.04,14,1,86.3,1,8,0,1,0,0,0,0
STU02687,Male,22,ECE,Day Scholar,80538,70.8,7.87,84,2,82.4,0,4,0,0,0,0,0,0
STU02688,Feamle,19,CSE,Hosteler,127893,69.5,7.98,34,0,65.9,1,5,0,0,14,0,0,0
STU02689,Male,18,MC,Day Scholar,125518,60.4,6.28,100,1,55.3,1,3,0,0,8,0,0,0
STU02690,Feamle,23,ECE,Day Scholar,63153,92.0,9.15,9,0,72.7,0,3,0,0,14,0,0,0
STU02691,Feamle,20,AIML,Day Scholar,68657,79.1,6.45,79,1,60.1,2,1,0,0,2,2,0,0
STU02692,Male,23,ECE,Day Scholar,160601,57.2,6.6,19,0,88.9,0,5,1,0,9,0,0,0
STU02693,Feamle,22,MC,Day Scholar,68208,64.5,6.95,7,0,100.0,0,6,0,0,14,0,0,0
STU02694,Feamle,19,AIML,Day Scholar,95928,61.9,6.64,94,2,68.4,0,6,0,0,2,0,1,0
STU02695,Feamle,24,MC,Day Scholar,188337,96.1,8.92,7,0,98.6,0,4,1,1,10,0,0,0
STU02696,Feamle,18,ECE,Hosteler,137555,85.7,5.44,12,0,100.0,1,4,0,0,5,0,0,0
STU02697,Feamle,24,CSE,Day Scholar,155655,73.1,5.87,87,2,65.9,3,5,0,0,0,2,1,0
STU02698,Feamle,20,MC,Day Scholar,46690,100.0,5.21,75,2,87.1,1,4,0,0,2,0,0,0
STU02699,Feamle,23,MC,Day Scholar,161400,96.8,9.83,58,1,80.4,1,7,0,0,0,1,0,0
STU02700,Feamle,20,CSE,Day Scholar,107174,71.5,6.51,80,1,57.4,0,7,0,0,6,0,0,0
STU02701,Male,22,ECE,Hosteler,36238,68.8,5.85,46,2,80.0,0,6,0,0,1,2,1,0
STU02702,Male,20,MC,Day Scholar,190185,69.6,6.57,59,1,71.1,0,0,0,0,4,0,1,0
STU02703,Feamle,24,ECE,Day Scholar,76235,60.7,8.27,40,1,69.1,1,3,0,0,12,0,1,0
STU02704,Male,19,ECE,Hosteler,172754,100.0,8.0,51,0,75.1,0,2,0,0,3,2,0,0
STU02705,Feamle,20,ECE,Hosteler,198514,59.9,6.14,99,1,69.6,0,2,0,0,12,2,0,1
STU02706,Feamle,21,CSE,Day Scholar,148596,88.0,6.4,75,0,100.0,0,5,0,0,11,1,1,0
STU02707,Male,19,ECE,Hosteler,36761,85.4,4.82,53,0,38.5,1,4,0,0,0,0,0,0
STU02708,Feamle,23,ECE,Hosteler,162248,70.4,7.21,35,1,61.5,0,5,0,1,0,0,1,0
STU02709,Feamle,18,AIML,Hosteler,124245,100.0,8.92,76,0,78.4,1,3,1,0,12,0,0,0
STU02710,Feamle,18,AIML,Day Scholar,119450,51.6,6.13,98,1,63.2,0,3,1,0,10,0,0,0
STU02711,Feamle,22,AIML,Day Scholar,68329,73.8,7.95,68,1,93.7,0,0,0,0,7,0,0,0
STU02712,Male,22,MC,Hosteler,45639,67.7,6.13,12,0,85.6,1,6,0,0,7,0,0,0
STU02713,Feamle,21,MC,Day Scholar,133733,89.4,5.36,71,3,77.2,0,9,0,0,4,0,0,0
STU02714,Feamle,23,AIML,Day Scholar,178487,80.3,8.02,10,0,81.8,0,1,0,0,9,0,0,0
STU02715,Feamle,24,CSE,Hosteler,52657,49.1,10.0,7,1,78.9,1,5,0,1,1,0,1,0
STU02716,Male,18,CSE,Hosteler,58217,93.6,7.82,30,0,59.2,1,4,0,0,12,0,0,0
STU02717,Feamle,18,AIML,Day Scholar,103383,82.3,6.38,61,1,92.6,1,3,1,0,3,0,0,0
STU02718,Male,18,MC,Day Scholar,37900,59.5,6.48,11,0,56.1,2,3,0,0,1,3,0,0
STU02719,Male,24,MC,Day Scholar,31242,69.8,9.86,10,2,82.0,0,6,0,0,1,0,0,0
STU02720,Feamle,18,CSE,Day Scholar,116609,55.5,7.46,16,0,84.6,0,2,0,0,8,1,0,0
STU02721,Feamle,20,ECE,Hosteler,188263,72.4,5.85,26,1,71.0,0,3,0,1,9,0,0,0
STU02722,Male,23,CSE,Day Scholar,198673,77.3,6.91,76,1,69.0,1,4,1,1,6,2,0,0
STU02723,Feamle,19,ECE,Hosteler,84930,70.0,7.32,99,1,69.1,1,9,0,0,6,0,1,0
STU02724,Male,19,MC,Day Scholar,168982,68.2,7.7,12,1,46.9,0,4,0,0,11,1,0,0
STU02725,Male,21,MC,Hosteler,113722,50.8,9.27,85,0,100.0,1,5,0,0,13,0,0,0
STU02726,Feamle,20,AIML,Hosteler,145272,80.1,8.91,43,0,94.0,1,6,0,1,11,3,0,0
STU02727,Feamle,18,MC,Day Scholar,166050,46.1,7.3,57,1,83.7,1,7,1,1,12,0,0,0
STU02728,Male,18,ECE,Hosteler,141208,75.5,6.94,87,0,66.0,0,5,0,0,13,0,1,0
STU02729,Male,22,CSE,Day Scholar,33606,48.0,7.59,29,0,77.8,0,3,1,0,9,0,1,0
STU02730,Male,22,AIML,Hosteler,183103,75.8,6.09,12,0,70.8,0,4,0,0,12,0,0,0
STU02731,Male,21,ECE,Day Scholar,27421,74.9,8.47,7,0,100.0,1,7,0,1,10,0,0,0
STU02732,Feamle,18,CSE,Day Scholar,75729,81.1,6.69,68,0,42.7,2,5,0,0,1,2,0,0
STU02733,Feamle,21,CSE,Hosteler,22548,87.9,7.74,63,1,51.3,2,8,0,0,2,0,0,0
STU02734,Feamle,20,CSE,Day Scholar,27252,90.7,9.57,51,2,47.8,0,5,0,0,10,0,0,0
STU02735,Feamle,19,MC,Hosteler,198696,50.8,7.83,5,0,95.4,0,4,1,0,2,0,0,0
STU02736,Feamle,18,CSE,Hosteler,98385,74.1,7.35,70,1,65.9,0,6,0,0,14,0,1,0
STU02737,Male,23,MC,Day Scholar,132131,100.0,6.22,53,0,90.1,0,4,0,0,0,0,0,0
STU02738,Feamle,24,CSE,Day Scholar,141328,76.8,6.88,21,0,79.4,0,5,1,0,4,0,0,0
STU02739,Feamle,20,CSE,Day Scholar,157817,62.5,5.3,62,0,99.8,1,6,0,0,11,1,1,1
STU02740,Feamle,18,MC,Hosteler,186902,73.8,7.8,93,0,98.1,3,4,1,0,13,0,1,0
STU02741,Feamle,24,MC,Day Scholar,58049,69.2,3.8,78,0,83.5,0,3,0,0,0,0,1,0
STU02742,Feamle,23,ECE,Day Scholar,188602,57.4,8.45,36,0,98.1,0,7,1,0,6,0,0,0
STU02743,Male,22,CSE,Hosteler,181294,88.0,8.1,55,0,57.6,2,5,0,0,9,0,0,0
STU02744,Male,21,MC,Hosteler,160712,83.8,7.15,40,1,35.9,3,2,0,0,13,1,0,0
STU02745,Male,22,ECE,Day Scholar,184806,55.0,6.2,59,0,88.3,1,5,0,0,11,0,0,0
STU02746,Feamle,19,ECE,Day Scholar,148956,73.6,6.98,19,0,78.8,0,1,0,0,5,1,0,0
STU02747,Male,22,MC,Hosteler,174637,66.5,4.34,94,0,64.1,0,7,0,0,4,0,0,0
STU02748,Male,18,CSE,Hosteler,195126,51.0,8.24,68,1,75.3,0,4,1,0,0,0,0,0
STU02749,Feamle,23,ECE,Hosteler,127118,53.8,6.75,44,0,44.1,1,5,1,0,5,0,0,0
STU02750,Feamle,22,CSE,Day Scholar,73568,56.0,9.27,57,0,66.0,0,8,0,0,6,0,1,0
STU02751,Feamle,18,CSE,Day Scholar,86045,74.1,7.59,75,0,100.0,0,6,0,0,0,0,0,0
STU02752,Male,19,ECE,Day Scholar,92351,68.1,7.35,36,0,96.5,1,5,0,0,0,0,1,0
STU02753,Male,24,MC,Day Scholar,127560,60.6,7.6,93,0,97.5,0,3,0,0,6,2,0,0
STU02754,Feamle,23,CSE,Day Scholar,78312,69.1,5.54,38,0,73.1,1,3,1,1,3,0,1,0
STU02755,Feamle,22,AIML,Day Scholar,62398,86.2,6.32,2,0,92.3,2,4,0,0,5,0,0,0
STU02756,Male,21,MC,Day Scholar,80865,80.4,7.2,76,2,100.0,0,6,1,0,14,0,0,0
STU02757,Male,21,ECE,Hosteler,122175,90.0,6.55,74,1,100.0,1,7,0,0,5,2,0,0
STU02758,Feamle,23,AIML,Day Scholar,140201,71.6,6.14,73,0,95.1,0,3,1,1,14,0,0,0
STU02759,Feamle,21,CSE,Day Scholar,183480,99.0,6.58,93,0,31.8,3,9,0,1,9,0,0,0
STU02760,Male,22,MC,Hosteler,98812,80.2,7.07,72,1,92.8,0,3,1,0,4,0,0,0
STU02761,Feamle,22,AIML,Day Scholar,125468,67.7,10.0,93,0,75.0,0,8,1,1,12,2,0,0
STU02762,Male,23,MC,Day Scholar,154572,76.4,6.51,92,0,60.3,0,4,0,1,1,1,0,0
STU02763,Male,22,CSE,Day Scholar,71351,56.3,5.98,37,1,92.8,1,4,1,1,11,2,0,0
STU02764,Male,24,MC,Day Scholar,163618,70.4,6.77,45,1,81.4,0,5,1,0,2,0,0,0
STU02765,Male,18,AIML,Day Scholar,60526,81.4,9.25,48,0,89.3,0,3,0,1,0,0,0,0
STU02766,Feamle,19,MC,Hosteler,124374,84.2,9.36,33,1,67.6,0,3,0,0,11,1,0,0
STU02767,Feamle,24,ECE,Hosteler,189225,68.8,9.92,25,0,52.1,0,6,0,0,14,0,0,0
STU02768,Male,24,ECE,Day Scholar,20229,100.0,7.09,1,1,100.0,2,8,0,0,14,0,0,0
STU02769,Male,21,AIML,Day Scholar,175797,72.4,7.96,55,0,57.5,0,2,0,0,14,1,1,0
STU02770,Male,18,MC,Day Scholar,184749,49.8,5.42,99,0,68.4,3,5,0,1,4,1,1,1
STU02771,Male,23,AIML,Hosteler,51879,93.2,6.47,6,0,97.6,0,10,0,0,11,0,0,0
STU02772,Male,21,MC,Day Scholar,116654,84.1,5.33,35,0,100.0,1,1,0,1,4,0,1,0
STU02773,Feamle,18,CSE,Day Scholar,155789,78.5,7.71,39,0,84.5,0,5,1,0,10,0,0,0
STU02774,Feamle,22,ECE,Day Scholar,98771,68.0,7.06,77,0,98.1,0,5,0,0,13,0,0,0
STU02775,Feamle,23,CSE,Day Scholar,25189,80.9,7.34,90,0,90.3,0,8,0,0,14,1,0,0
STU02776,Feamle,23,MC,Day Scholar,147029,99.3,5.73,25,1,61.4,0,5,0,0,7,0,0,0
STU02777,Male,21,CSE,Hosteler,106859,78.0,8.28,83,1,57.1,0,6,1,0,8,1,0,0
STU02778,Male,22,AIML,Hosteler,141383,52.9,3.39,98,0,100.0,0,3,0,0,5,2,0,1
STU02779,Male,21,AIML,Hosteler,97508,23.2,6.62,74,0,92.7,2,3,1,1,13,0,0,0
STU02780,Male,20,MC,Day Scholar,125498,80.8,6.84,89,1,100.0,1,7,1,0,0,0,1,0
STU02781,Male,18,ECE,Hosteler,152937,60.2,3.97,98,0,63.5,2,3,1,1,4,0,0,0
STU02782,Feamle,20,AIML,Day Scholar,141389,73.5,7.58,68,0,80.5,0,7,1,1,5,1,0,0
STU02783,Male,18,ECE,Day Scholar,155612,62.9,6.74,15,1,82.2,1,6,0,1,12,0,0,0
STU02784,Feamle,19,MC,Day Scholar,188654,61.8,7.84,74,0,52.1,2,5,0,1,8,0,0,0
STU02785,Feamle,24,ECE,Day Scholar,99132,63.5,10.0,96,0,69.2,1,5,0,1,8,0,0,0
STU02786,Feamle,23,MC,Day Scholar,100922,64.9,7.49,8,0,90.1,2,8,0,0,5,0,1,0
STU02787,Feamle,21,CSE,Day Scholar,170978,86.6,8.46,21,2,89.9,0,5,0,1,13,0,0,0
STU02788,Male,19,MC,Hosteler,171874,83.6,9.07,4,0,67.2,1,2,0,0,7,1,1,0
STU02789,Feamle,19,CSE,Day Scholar,84761,56.9,7.74,83,0,76.9,0,2,0,0,14,0,0,0
STU02790,Feamle,23,MC,Day Scholar,77276,58.9,5.7,42,1,100.0,1,2,1,0,5,0,0,0
STU02791,Feamle,23,AIML,Day Scholar,123793,80.7,4.54,97,1,79.2,1,3,1,0,4,0,1,0
STU02792,Male,18,AIML,Day Scholar,124389,90.8,7.56,29,0,67.1,1,5,1,1,8,0,0,0
STU02793,Male,20,ECE,Day Scholar,89721,90.6,6.4,73,0,100.0,0,5,1,0,12,0,1,0
STU02794,Male,22,MC,Day Scholar,56994,60.0,8.93,100,1,86.5,1,6,0,0,8,1,0,0
STU02795,Feamle,18,MC,Hosteler,110016,89.8,6.29,31,1,62.9,0,8,0,0,10,1,0,0
STU02796,Feamle,22,MC,Day Scholar,138569,48.4,6.98,87,0,100.0,0,9,0,0,2,2,0,0
STU02797,Male,19,ECE,Hosteler,27692,72.0,5.26,16,2,59.0,1,3,0,0,14,0,0,0
STU02798,Feamle,22,AIML,Hosteler,146728,82.3,6.48,66,0,62.1,1,8,0,0,1,0,0,0
STU02799,Male,20,MC,Hosteler,171071,43.8,5.59,25,0,69.7,2,2,0,0,6,1,0,0
STU02800,Male,18,ECE,Hosteler,154229,100.0,5.72,11,0,62.4,0,7,0,0,1,0,1,0
STU02801,Feamle,23,MC,Hosteler,185945,94.9,6.92,36,0,64.5,0,5,0,0,1,0,0,0
STU02802,Feamle,20,CSE,Day Scholar,189016,84.7,6.09,41,1,57.9,0,4,0,1,12,0,1,0
STU02803,Feamle,24,MC,Day Scholar,184833,60.5,10.0,56,0,82.0,1,4,0,0,7,2,0,0
STU02804,Feamle,20,CSE,Hosteler,99241,74.0,8.25,11,0,55.2,0,5,0,1,11,0,1,0
STU02805,Male,24,ECE,Day Scholar,105016,86.9,8.63,45,1,53.0,0,3,0,0,11,0,0,0
STU02806,Male,18,ECE,Hosteler,182750,58.2,6.83,96,0,89.2,0,3,1,0,0,0,0,0
STU02807,Male,23,AIML,Hosteler,112235,72.3,7.16,26,1,75.5,0,6,0,1,8,0,0,0
STU02808,Male,20,MC,Day Scholar,115106,88.7,6.36,77,0,80.0,0,7,0,0,11,0,0,0
STU02809,Male,24,ECE,Day Scholar,170354,52.6,10.0,6,0,74.8,1,4,0,1,1,0,1,0
STU02810,Feamle,23,AIML,Hosteler,32793,80.0,6.84,37,1,100.0,0,2,1,0,14,0,0,0
STU02811,Male,21,MC,Hosteler,177614,48.7,6.09,47,0,80.4,1,3,0,0,9,0,1,1
STU02812,Male,21,ECE,Day Scholar,106169,60.8,5.87,41,0,76.3,0,4,0,0,0,2,0,0
STU02813,Male,21,CSE,Hosteler,190886,67.4,7.5,26,0,87.5,2,6,0,0,8,0,1,0
STU02814,Feamle,22,ECE,Day Scholar,148929,82.7,9.13,9,0,86.5,1,6,1,0,0,0,0,0
STU02815,Feamle,20,CSE,Day Scholar,35637,64.5,8.63,41,0,99.3,1,5,0,0,2,0,0,0
STU02816,Feamle,18,AIML,Hosteler,105331,76.9,5.87,57,0,83.4,0,2,0,0,2,0,0,0
STU02817,Feamle,18,AIML,Day Scholar,114058,64.7,5.83,40,1,88.4,0,3,0,0,2,0,1,0
STU02818,Male,22,MC,Hosteler,94774,67.0,8.87,8,0,95.4,0,6,0,0,1,1,0,0
STU02819,Male,18,MC,Day Scholar,150479,93.8,10.0,97,2,100.0,0,6,1,0,11,0,0,0
STU02820,Feamle,24,MC,Day Scholar,129422,57.7,6.78,45,1,71.0,0,9,1,1,13,1,0,0
STU02821,Feamle,21,AIML,Day Scholar,68179,86.4,8.81,92,0,50.4,0,6,1,1,7,0,0,0
STU02822,Male,20,CSE,Day Scholar,141170,75.0,4.8,81,0,46.8,0,12,0,0,11,0,1,0
STU02823,Male,18,MC,Day Scholar,160328,66.4,5.73,53,2,90.2,0,5,0,0,4,0,0,0
STU02824,Feamle,18,MC,Hosteler,74947,56.7,5.49,92,0,84.2,0,7,0,0,1,0,0,1
STU02825,Feamle,19,AIML,Day Scholar,151589,57.8,7.62,93,1,53.5,0,6,0,0,11,0,0,0
STU02826,Feamle,19,CSE,Day Scholar,145334,63.9,6.73,58,1,80.0,1,8,0,0,8,0,0,0
STU02827,Feamle,19,ECE,Day Scholar,107138,72.7,7.36,12,0,71.3,1,7,0,0,12,2,0,0
STU02828,Male,20,MC,Day Scholar,34676,84.1,8.83,85,1,64.3,0,3,0,0,11,1,0,0
STU02829,Male,21,ECE,Hosteler,161853,70.5,6.02,15,0,43.2,1,6,1,0,11,0,0,0
STU02830,Male,23,ECE,Day Scholar,104192,71.5,7.14,44,0,72.3,0,5,1,1,5,0,0,0
STU02831,Feamle,21,MC,Day Scholar,120612,73.7,4.99,31,1,87.2,0,2,0,0,2,0,0,0
STU02832,Feamle,21,AIML,Day Scholar,84758,82.2,8.75,39,0,100.0,0,5,0,0,14,0,1,0
STU02833,Male,20,MC,Day Scholar,176750,84.7,8.64,89,0,52.9,0,6,0,0,10,0,0,0
STU02834,Male,24,CSE,Hosteler,69962,54.2,7.54,94,0,71.2,0,6,1,0,3,1,1,0
STU02835,Male,24,CSE,Day Scholar,65528,70.8,7.18,43,3,100.0,0,2,0,0,0,1,0,0
STU02836,Male,20,MC,Hosteler,159340,93.4,6.24,82,1,99.6,2,5,0,0,6,0,1,0
STU02837,Feamle,19,ECE,Day Scholar,169765,55.3,4.91,97,0,96.2,0,4,1,1,3,0,0,0
STU02838,Male,18,CSE,Day Scholar,126212,76.1,7.46,46,2,80.0,1,6,0,0,5,0,0,0
STU02839,Male,22,CSE,Day Scholar,176673,72.4,8.13,69,2,96.5,0,2,0,0,11,0,0,0
STU02840,Male,22,MC,Day Scholar,68139,66.5,10.0,59,1,63.8,0,2,0,0,10,0,0,0
STU02841,Male,23,MC,Day Scholar,164299,98.9,6.41,34,1,60.8,0,4,0,0,7,0,0,0
STU02842,Male,18,AIML,Hosteler,63701,75.6,7.41,74,0,48.2,0,6,0,0,9,1,1,0
STU02843,Male,23,MC,Hosteler,115238,97.7,8.67,59,0,78.9,1,11,0,0,3,0,0,0
STU02844,Male,19,MC,Hosteler,91925,75.1,8.72,36,3,93.0,1,2,1,0,3,1,0,0
STU02845,Feamle,23,CSE,Day Scholar,82425,81.9,6.07,21,0,87.6,2,4,1,0,10,0,0,0
STU02846,Feamle,18,CSE,Day Scholar,129724,66.3,6.58,12,1,100.0,0,9,0,0,6,1,0,0
STU02847,Feamle,18,CSE,Day Scholar,65229,66.5,6.21,15,1,64.8,0,7,0,0,4,0,0,0
STU02848,Feamle,22,ECE,Day Scholar,105478,81.1,5.65,89,1,100.0,1,4,1,0,4,2,0,0
STU02849,Male,24,CSE,Day Scholar,45268,81.4,9.21,85,1,82.7,1,2,0,0,7,0,0,0
STU02850,Feamle,19,CSE,Hosteler,82448,84.0,7.09,59,0,100.0,0,5,1,0,10,0,0,0
STU02851,Feamle,20,MC,Hosteler,162301,80.7,6.89,41,1,79.1,0,0,0,0,12,1,0,0
STU02852,Male,23,AIML,Hosteler,65292,55.0,7.37,12,0,79.6,0,2,0,0,4,0,0,0
STU02853,Male,22,CSE,Day Scholar,26300,62.9,7.08,86,0,85.2,1,4,0,0,11,0,0,0
STU02854,Feamle,23,AIML,Hosteler,59934,87.7,6.67,62,0,80.6,1,4,0,0,1,0,0,0
STU02855,Feamle,23,CSE,Day Scholar,176892,45.6,5.86,31,0,100.0,0,4,0,1,2,0,0,0
STU02856,Male,20,CSE,Day Scholar,85873,79.4,9.35,22,0,37.0,0,3,1,0,4,1,1,0
STU02857,Feamle,19,AIML,Day Scholar,187134,73.3,6.14,42,0,66.8,1,6,0,1,4,0,1,0
STU02858,Male,18,MC,Hosteler,164517,87.7,5.6,31,0,67.5,0,6,0,0,1,0,1,0
STU02859,Male,21,CSE,Hosteler,21867,81.2,6.88,27,0,99.0,0,2,0,0,4,0,0,0
STU02860,Male,23,AIML,Hosteler,114117,65.0,10.0,32,0,70.3,0,4,0,0,10,0,0,0
STU02861,Male,21,CSE,Day Scholar,155714,64.4,5.77,25,0,79.1,1,3,0,1,7,0,0,0
STU02862,Feamle,19,ECE,Hosteler,150230,67.2,8.06,93,0,72.7,1,6,0,0,0,1,1,0
STU02863,Male,21,ECE,Day Scholar,122190,83.7,6.63,80,2,93.8,0,1,1,0,8,2,0,0
STU02864,Male,23,ECE,Day Scholar,28352,40.5,7.37,41,0,77.5,0,10,0,0,6,1,0,0
STU02865,Feamle,20,ECE,Hosteler,153108,77.4,8.38,28,0,97.2,0,4,1,0,5,0,0,0
STU02866,Male,21,MC,Day Scholar,34722,61.8,4.42,1,0,99.7,1,9,0,1,8,0,0,0
STU02867,Feamle,19,ECE,Day Scholar,68324,77.9,5.66,33,1,100.0,1,7,0,0,13,2,0,0
STU02868,Feamle,19,AIML,Day Scholar,167258,80.2,8.36,37,1,97.4,1,2,0,0,10,0,0,0
STU02869,Feamle,24,CSE,Hosteler,79085,50.1,7.15,11,3,89.7,1,5,1,0,7,0,0,0
STU02870,Male,24,AIML,Hosteler,128003,71.6,7.32,51,2,100.0,2,4,0,1,14,0,0,0
STU02871,Feamle,20,ECE,Hosteler,148501,77.3,8.07,20,0,100.0,1,4,0,1,8,0,0,0
STU02872,Feamle,21,MC,Hosteler,111487,76.3,5.67,90,0,81.8,1,4,1,0,2,0,0,0
STU02873,Male,21,ECE,Day Scholar,22281,73.2,8.58,39,1,74.0,1,4,0,0,6,1,0,0
STU02874,Feamle,24,ECE,Day Scholar,116231,56.7,8.23,66,0,100.0,0,2,0,0,7,0,1,1
STU02875,Feamle,18,MC,Day Scholar,193900,59.0,7.36,100,0,72.3,1,5,1,0,9,0,0,0
STU02876,Feamle,22,MC,Hosteler,152673,54.3,7.7,48,0,88.4,2,2,0,0,0,0,1,0
STU02877,Feamle,19,MC,Hosteler,195859,83.3,8.75,25,0,48.8,0,4,0,0,6,0,1,0
STU02878,Feamle,18,MC,Day Scholar,129976,73.3,6.11,51,0,76.4,0,4,1,0,12,2,0,0
STU02879,Male,19,MC,Hosteler,152371,74.2,7.99,61,0,100.0,0,3,0,0,10,1,0,0
STU02880,Feamle,18,MC,Hosteler,78054,49.4,9.62,68,0,59.2,0,11,1,0,3,1,1,1
STU02881,Feamle,24,CSE,Day Scholar,165866,74.5,7.96,60,0,95.4,1,3,1,1,13,0,1,0
STU02882,Male,24,ECE,Hosteler,115684,84.5,6.67,83,1,36.5,4,7,0,0,0,1,0,0
STU02883,Male,22,ECE,Day Scholar,133052,47.4,10.0,45,0,100.0,0,1,0,0,3,0,0,0
STU02884,Male,18,MC,Hosteler,167098,67.0,7.35,71,0,64.2,0,4,0,0,7,0,0,0
STU02885,Feamle,19,AIML,Day Scholar,116633,51.4,9.1,91,0,73.1,0,7,0,0,13,1,0,0
STU02886,Male,21,MC,Day Scholar,169502,68.7,6.37,28,0,100.0,0,7,0,0,8,1,0,0
STU02887,Feamle,19,CSE,Hosteler,198857,61.5,8.6,49,1,72.5,1,7,0,1,3,1,0,0
STU02888,Feamle,23,AIML,Day Scholar,121185,80.7,6.18,1,0,98.7,0,6,0,1,1,0,0,0
STU02889,Male,24,CSE,Day Scholar,172930,77.5,7.49,63,1,94.1,2,1,0,0,0,2,0,0
STU02890,Male,20,AIML,Day Scholar,136505,94.4,6.09,65,1,100.0,0,3,1,0,4,0,1,0
STU02891,Feamle,20,AIML,Hosteler,104118,74.2,9.85,42,0,99.7,0,6,0,0,6,2,0,0
STU02892,Male,24,MC,Day Scholar,154404,80.1,6.67,86,2,77.8,0,4,0,0,10,1,0,0
STU02893,Feamle,23,CSE,Day Scholar,184943,66.6,5.34,9,0,100.0,2,6,1,0,14,0,0,0
STU02894,Male,20,AIML,Day Scholar,179242,58.5,7.14,52,0,85.0,0,4,0,0,2,0,0,0
STU02895,Male,24,CSE,Day Scholar,129970,87.5,7.81,91,0,84.8,1,3,0,0,0,0,0,0
STU02896,Male,20,MC,Day Scholar,83455,93.6,6.96,82,0,100.0,1,9,0,1,11,0,0,0
STU02897,Feamle,24,MC,Day Scholar,120481,85.6,5.78,27,0,86.9,0,3,0,0,10,2,0,0
STU02898,Male,22,MC,Hosteler,58809,77.0,8.56,94,0,77.4,0,7,0,0,4,0,0,0
STU02899,Feamle,21,MC,Hosteler,115264,60.4,8.89,1,0,100.0,0,4,0,0,12,0,1,0
STU02900,Feamle,21,ECE,Day Scholar,100068,92.1,4.53,28,0,80.9,1,7,0,0,5,0,1,0
STU02901,Feamle,19,AIML,Day Scholar,59828,83.7,5.68,51,0,58.2,2,7,0,0,0,0,1,0
STU02902,Feamle,23,ECE,Day Scholar,111181,100.0,6.76,13,2,48.8,0,7,0,0,13,1,0,0
STU02903,Male,24,MC,Day Scholar,65329,57.7,6.2,27,0,77.6,0,4,0,0,0,0,1,1
STU02904,Feamle,18,AIML,Day Scholar,175780,87.9,7.79,0,0,70.4,1,6,0,0,6,0,0,0
STU02905,Feamle,19,AIML,Day Scholar,35956,83.2,9.76,58,1,100.0,0,2,0,0,14,0,0,0
STU02906,Male,19,CSE,Hosteler,83756,69.9,6.43,43,3,69.0,0,5,0,0,3,0,0,0
STU02907,Feamle,24,MC,Hosteler,123250,95.5,9.37,79,1,54.3,0,2,1,1,12,1,0,0
STU02908,Male,24,ECE,Day Scholar,100604,81.0,4.8,100,0,80.1,1,2,0,1,5,0,1,0
STU02909,Feamle,19,CSE,Day Scholar,107745,60.9,7.68,84,1,48.1,0,1,0,0,11,0,0,0
STU02910,Male,19,AIML,Day Scholar,82809,73.2,6.11,77,0,81.1,0,3,0,0,14,0,0,0
STU02911,Feamle,21,ECE,Hosteler,107964,60.8,7.72,42,0,80.6,0,10,0,0,7,0,0,0
STU02912,Male,18,MC,Day Scholar,24089,68.0,4.36,16,0,73.0,0,7,0,0,13,0,0,0
STU02913,Feamle,19,ECE,Day Scholar,50788,85.6,5.07,53,1,54.5,0,7,0,0,0,0,0,0
STU02914,Feamle,21,ECE,Hosteler,112959,89.8,7.71,14,2,66.3,1,5,0,1,1,0,0,0
STU02915,Male,19,ECE,Day Scholar,99535,78.3,6.05,47,0,76.4,1,4,0,0,5,0,0,0
STU02916,Male,20,CSE,Day Scholar,94478,63.7,6.52,94,0,54.6,0,3,1,0,0,1,0,0
STU02917,Male,19,AIML,Day Scholar,166912,80.7,9.75,45,0,87.4,0,1,0,0,9,0,0,0
STU02918,Male,24,ECE,Day Scholar,154322,85.9,7.21,48,1,90.6,1,5,1,0,13,0,0,0
STU02919,Feamle,23,AIML,Day Scholar,75714,45.4,8.35,35,0,81.7,0,6,0,0,10,0,1,0
STU02920,Feamle,23,CSE,Day Scholar,105358,76.7,5.86,13,1,64.6,0,4,1,1,2,2,0,0
STU02921,Male,19,MC,Day Scholar,100037,72.1,4.99,99,0,75.0,0,3,0,0,5,0,0,0
STU02922,Feamle,22,MC,Day Scholar,75509,89.3,6.88,90,0,100.0,1,3,1,0,7,0,0,0
STU02923,Male,20,ECE,Hosteler,30768,80.8,4.76,2,1,91.6,1,5,1,1,7,0,0,0
STU02924,Male,18,CSE,Day Scholar,144751,82.3,5.95,99,1,76.7,0,4,0,0,3,1,0,0
STU02925,Feamle,19,MC,Day Scholar,84684,67.8,7.36,5,0,93.8,0,7,1,0,12,0,0,0
STU02926,Feamle,18,CSE,Hosteler,140834,75.0,6.83,90,0,36.2,1,5,0,0,8,2,0,0
STU02927,Feamle,20,CSE,Day Scholar,139678,89.2,7.5,21,0,100.0,1,8,0,0,2,0,0,0
STU02928,Feamle,19,ECE,Hosteler,199071,74.0,7.9,21,1,55.7,0,3,0,1,11,0,0,0
STU02929,Feamle,22,ECE,Day Scholar,38167,77.6,5.21,35,2,85.5,1,1,1,0,2,0,0,0
STU02930,Feamle,21,CSE,Hosteler,68505,52.0,5.59,95,0,61.8,0,6,0,0,6,0,0,0
STU02931,Feamle,22,CSE,Hosteler,25117,74.0,3.73,90,0,58.2,0,6,0,0,2,0,0,0
STU02932,Male,24,ECE,Day Scholar,60706,44.8,6.44,70,1,100.0,1,2,0,0,1,0,0,0
STU02933,Male,22,CSE,Day Scholar,161405,67.3,8.11,49,0,77.5,0,6,1,0,8,1,0,0
STU02934,Male,21,ECE,Day Scholar,34922,76.0,9.24,75,0,83.3,0,6,0,0,4,1,0,0
STU02935,Male,24,AIML,Day Scholar,104053,86.5,7.29,79,0,86.1,0,9,0,0,4,0,0,0
STU02936,Male,21,CSE,Day Scholar,77861,60.0,9.06,68,0,92.0,3,4,0,0,7,0,0,0
STU02937,Feamle,23,ECE,Day Scholar,176389,80.6,7.58,34,1,90.5,1,6,0,0,13,1,0,0
STU02938,Male,21,CSE,Day Scholar,22477,97.0,7.16,8,0,97.4,0,6,0,0,11,3,1,0
STU02939,Male,19,ECE,Day Scholar,106878,65.4,6.08,28,0,43.1,0,5,1,0,3,0,0,0
STU02940,Male,18,CSE,Hosteler,26137,51.8,3.42,26,1,64.3,0,5,0,0,7,0,0,0
STU02941,Male,23,MC,Day Scholar,55644,79.3,8.83,56,0,61.9,0,8,1,0,6,0,0,0
STU02942,Male,23,MC,Day Scholar,118346,57.1,6.92,95,0,100.0,0,4,1,1,12,0,0,0
STU02943,Male,18,CSE,Day Scholar,148823,62.7,9.08,73,0,95.1,0,3,1,0,1,0,0,0
STU02944,Male,23,MC,Hosteler,189669,88.9,5.58,88,0,93.2,0,2,0,1,7,0,0,0
STU02945,Feamle,21,CSE,Day Scholar,159667,100.0,10.0,58,1,61.5,1,3,0,1,6,0,0,0
STU02946,Feamle,22,CSE,Day Scholar,176974,60.0,6.63,41,1,56.0,1,7,0,0,0,2,0,0
STU02947,Male,20,AIML,Day Scholar,66261,63.9,5.96,52,0,46.7,0,6,0,1,10,0,1,0
STU02948,Feamle,21,AIML,Day Scholar,128712,68.4,6.68,37,0,86.9,0,2,0,0,4,0,0,0
STU02949,Feamle,24,MC,Day Scholar,108266,66.8,7.26,88,1,49.4,0,9,0,1,8,0,0,0
STU02950,Feamle,24,AIML,Hosteler,125153,100.0,6.9,3,0,94.9,0,1,0,1,9,0,0,0
STU02951,Feamle,22,AIML,Day Scholar,157758,67.0,6.23,51,0,66.2,1,5,0,0,8,0,1,0
STU02952,Male,22,CSE,Day Scholar,194181,69.2,4.29,43,0,69.7,0,4,1,1,12,0,0,0
STU02953,Feamle,23,ECE,Day Scholar,83039,99.2,5.79,22,1,74.0,0,7,0,0,4,0,0,0
STU02954,Feamle,19,CSE,Hosteler,79737,83.7,8.61,73,0,54.9,0,1,1,1,9,0,0,0
STU02955,Feamle,19,AIML,Day Scholar,114649,89.8,5.68,69,0,98.1,1,3,0,0,7,0,0,0
STU02956,Male,23,CSE,Day Scholar,70029,61.4,4.42,76,1,57.3,0,10,1,0,7,0,0,0
STU02957,Male,23,MC,Day Scholar,54654,67.0,5.42,94,1,74.5,1,4,1,0,9,0,0,0
STU02958,Male,18,ECE,Day Scholar,103032,59.4,6.87,68,1,100.0,0,4,0,0,14,0,0,0
STU02959,Male,18,AIML,Day Scholar,92988,87.0,5.86,59,0,41.3,1,7,0,0,7,1,1,0
STU02960,Male,20,AIML,Hosteler,149694,93.4,6.58,3,1,52.9,0,6,0,0,0,0,0,0
STU02961,Male,20,CSE,Day Scholar,46474,66.0,5.8,2,2,69.6,1,7,0,0,2,0,0,0
STU02962,Male,20,CSE,Day Scholar,189958,69.5,8.51,93,1,78.9,1,5,1,0,14,0,0,0
STU02963,Feamle,20,CSE,Hosteler,117409,70.2,7.74,22,0,91.1,0,3,0,0,10,1,0,0
STU02964,Feamle,22,CSE,Hosteler,141483,51.8,10.0,36,0,82.3,0,3,1,0,3,0,1,0
STU02965,Feamle,22,AIML,Hosteler,34426,64.9,6.43,17,1,89.0,0,11,1,0,6,0,0,0
STU02966,Male,18,CSE,Day Scholar,184407,86.6,6.57,98,1,87.1,1,10,0,0,11,0,0,0
STU02967,Male,19,AIML,Hosteler,146689,61.9,8.78,4,2,90.8,0,5,0,0,2,0,0,0
STU02968,Male,23,CSE,Day Scholar,50541,76.4,7.59,40,1,52.7,0,5,0,0,5,1,0,0
STU02969,Male,24,ECE,Hosteler,140646,55.4,5.59,91,0,69.6,0,3,0,0,3,0,0,0
STU02970,Male,19,ECE,Day Scholar,94916,72.8,7.83,37,2,76.9,0,4,0,0,13,3,0,0
STU02971,Feamle,21,CSE,Day Scholar,145475,66.6,7.59,46,0,83.5,1,4,0,0,1,0,0,0
STU02972,Feamle,22,CSE,Day Scholar,97340,56.7,4.31,81,0,73.9,1,2,0,0,5,0,0,1
STU02973,Male,20,MC,Day Scholar,111092,86.9,6.02,71,1,75.0,1,3,0,0,12,0,0,0
STU02974,Male,20,ECE,Day Scholar,156037,87.7,7.29,11,0,70.0,0,4,0,1,3,0,1,0
STU02975,Male,21,AIML,Hosteler,142400,60.5,9.17,29,0,79.3,0,4,0,0,8,0,0,0
STU02976,Male,19,ECE,Day Scholar,195196,71.8,8.05,85,1,100.0,1,6,1,1,1,0,0,0
STU02977,Feamle,20,AIML,Hosteler,167834,75.7,6.15,5,0,81.3,0,6,1,0,5,0,1,0
STU02978,Male,19,CSE,Hosteler,180976,47.8,5.94,60,0,57.5,0,3,0,0,7,0,0,0
STU02979,Male,23,ECE,Day Scholar,87468,54.0,8.2,93,1,99.1,0,5,1,1,12,0,0,0
STU02980,Male,21,ECE,Hosteler,34213,94.3,3.36,71,2,44.5,1,8,0,0,2,2,0,0
STU02981,Male,24,MC,Day Scholar,184033,59.0,5.79,63,1,85.4,0,5,0,0,6,1,1,1
STU02982,Feamle,19,MC,Hosteler,44839,93.9,9.11,92,0,80.4,0,5,0,0,2,0,1,0
STU02983,Male,23,ECE,Day Scholar,181014,54.8,7.45,94,1,100.0,0,6,0,1,4,0,0,0
STU02984,Male,19,ECE,Hosteler,50325,84.9,5.86,68,0,84.8,0,2,1,0,8,0,0,0
STU02985,Feamle,19,ECE,Hosteler,111583,70.3,5.2,10,1,100.0,1,1,0,1,11,0,0,0
STU02986,Feamle,20,AIML,Hosteler,30207,72.4,8.26,61,1,80.4,0,4,1,1,7,0,0,0
STU02987,Feamle,18,CSE,Day Scholar,115971,100.0,7.12,16,1,87.9,0,2,0,0,6,0,0,0
STU02988,Male,22,MC,Day Scholar,123318,56.2,6.67,76,0,67.7,1,7,0,1,14,0,0,0
STU02989,Male,19,CSE,Day Scholar,165886,83.9,7.56,19,1,72.2,0,4,0,0,8,0,0,0
STU02990,Feamle,19,MC,Day Scholar,37684,83.3,7.25,94,2,92.3,1,4,0,0,6,1,0,0
STU02991,Feamle,19,MC,Day Scholar,187040,100.0,7.13,25,1,100.0,1,4,0,0,12,2,0,0
STU02992,Feamle,18,MC,Day Scholar,23373,58.8,5.01,91,2,44.8,0,5,0,0,8,1,0,1
STU02993,Feamle,23,ECE,Day Scholar,110685,65.6,5.46,58,0,100.0,0,3,0,0,14,1,0,0
STU02994,Feamle,24,MC,Hosteler,128033,87.2,8.12,24,2,89.0,0,4,0,0,4,0,1,0
STU02995,Feamle,24,CSE,Day Scholar,119687,72.0,7.84,17,0,73.2,0,1,0,0,5,0,0,0
STU02996,Male,21,MC,Day Scholar,35178,68.1,7.57,95,0,89.4,0,7,1,0,4,0,0,0
STU02997,Male,20,CSE,Hosteler,45956,89.4,6.12,28,1,69.0,0,3,0,1,7,3,0,0
STU02998,Male,18,MC,Hosteler,138225,71.0,8.15,66,1,95.0,0,8,0,0,0,0,0,0
STU02999,Feamle,23,MC,Day Scholar,60692,61.6,6.44,34,1,93.8,0,12,0,0,5,0,0,0
STU03000,Feamle,19,ECE,Day Scholar,64119,85.9,8.95,14,1,82.6,0,3,0,0,6,0,1,0
STU03001,Feamle,23,CSE,Day Scholar,111635,80.6,5.88,50,0,61.8,2,11,0,1,3,0,1,0
STU03002,Feamle,18,MC,Day Scholar,24991,70.3,6.21,2,0,80.5,0,4,0,0,8,2,0,0
STU03003,Feamle,18,MC,Day Scholar,25202,69.6,6.77,20,0,83.9,0,7,0,1,13,0,0,0
STU03004,Feamle,18,CSE,Hosteler,147492,61.3,8.27,60,1,98.0,0,6,0,0,8,0,0,0
STU03005,Male,21,MC,Hosteler,40316,85.9,6.95,2,2,68.8,0,6,1,0,12,1,0,0
STU03006,Male,22,AIML,Hosteler,49695,69.6,7.06,52,1,73.0,0,4,1,0,12,0,1,0
STU03007,Feamle,20,ECE,Hosteler,154694,63.5,6.41,34,1,100.0,0,2,0,0,4,1,0,0
STU03008,Male,21,CSE,Hosteler,135152,55.7,7.4,49,0,100.0,0,9,1,1,0,0,1,0
STU03009,Feamle,21,ECE,Day Scholar,77132,80.9,6.89,7,0,81.0,0,10,0,0,3,0,0,0
STU03010,Male,22,AIML,Day Scholar,21610,67.4,5.82,47,1,100.0,0,10,0,0,4,0,0,0
STU03011,Feamle,21,AIML,Day Scholar,192644,44.8,7.19,2,0,79.9,1,10,0,0,12,1,1,1
STU03012,Feamle,18,AIML,Day Scholar,146092,57.0,7.23,53,2,56.6,0,7,0,0,3,2,0,0
STU03013,Male,18,CSE,Day Scholar,168060,71.5,10.0,74,1,67.4,0,5,0,1,9,0,0,0
STU03014,Male,23,AIML,Day Scholar,115862,71.9,6.08,1,1,66.0,1,10,0,0,1,0,0,0
STU03015,Feamle,19,CSE,Day Scholar,166407,71.3,5.74,32,0,72.5,0,8,0,0,12,0,0,0
STU03016,Feamle,21,CSE,Day Scholar,22602,69.3,7.42,71,1,72.9,0,5,1,0,8,1,0,0
STU03017,Male,19,MC,Hosteler,112295,52.9,5.51,11,0,100.0,0,3,0,1,11,1,0,0
STU03018,Male,20,CSE,Day Scholar,75625,61.9,5.39,18,1,65.9,1,2,0,1,8,0,0,0
STU03019,Feamle,24,AIML,Hosteler,105720,92.8,4.84,17,1,59.8,1,5,0,0,11,0,0,0
STU03020,Male,18,CSE,Day Scholar,126464,90.5,5.84,49,0,100.0,0,5,0,0,2,0,0,0
STU03021,Feamle,23,CSE,Hosteler,100934,83.7,5.88,84,0,48.2,1,9,0,0,1,0,0,0
STU03022,Feamle,20,ECE,Day Scholar,35903,82.3,5.08,21,2,85.5,1,10,0,1,11,1,0,0
STU03023,Feamle,23,AIML,Day Scholar,162381,88.6,6.62,29,1,79.5,1,8,0,0,10,0,0,0
STU03024,Feamle,24,CSE,Hosteler,186555,58.2,3.45,81,0,72.8,0,3,0,0,4,0,0,1
STU03025,Male,24,MC,Day Scholar,28070,75.5,7.74,5,0,63.2,0,5,0,0,8,0,0,0
STU03026,Male,22,CSE,Hosteler,141378,58.2,6.16,0,1,58.7,0,4,0,0,3,0,1,0
STU03027,Male,18,CSE,Hosteler,53217,58.5,6.39,8,3,92.3,0,0,0,1,13,0,0,0
STU03028,Male,20,ECE,Hosteler,149301,80.5,7.88,51,1,100.0,0,4,0,0,13,0,0,0
STU03029,Male,22,AIML,Day Scholar,114961,89.2,7.56,79,2,66.9,1,4,1,0,4,0,0,0
STU03030,Male,24,AIML,Hosteler,81305,72.1,6.06,28,0,76.4,0,3,0,0,7,0,0,0
STU03031,Male,20,MC,Day Scholar,35106,99.7,7.68,61,0,57.3,0,3,0,0,13,2,0,0
STU03032,Feamle,23,MC,Hosteler,53837,78.2,9.32,28,2,81.7,1,4,0,0,5,0,0,0
STU03033,Male,22,MC,Hosteler,24017,63.3,5.48,4,0,68.4,0,4,1,0,8,0,1,0
STU03034,Male,22,CSE,Day Scholar,49420,58.7,8.13,82,0,84.1,1,9,1,0,2,1,0,0
STU03035,Feamle,18,CSE,Hosteler,121123,90.3,5.33,21,0,77.8,0,4,0,1,3,0,1,0
STU03036,Male,19,MC,Hosteler,33582,76.9,8.76,48,0,54.9,2,7,1,1,3,0,0,0
STU03037,Male,23,AIML,Hosteler,99403,85.1,5.93,7,0,82.2,1,10,0,0,13,0,0,0
STU03038,Feamle,23,AIML,Day Scholar,127686,35.1,5.87,81,2,78.7,0,5,0,0,0,0,0,0
STU03039,Male,22,MC,Day Scholar,101483,78.7,8.72,77,2,67.8,1,3,1,0,8,0,0,0
STU03040,Male,22,ECE,Hosteler,97468,67.3,8.08,67,1,96.9,1,4,0,0,9,0,0,0
STU03041,Male,18,AIML,Hosteler,162057,54.1,5.98,39,0,77.9,0,5,0,0,14,0,0,0
STU03042,Feamle,19,AIML,Day Scholar,157447,74.1,7.19,90,0,87.9,1,4,0,0,0,2,0,0
STU03043,Male,23,MC,Hosteler,35805,91.4,5.94,23,0,100.0,0,7,0,0,14,2,0,0
STU03044,Male,24,AIML,Day Scholar,37107,100.0,4.61,93,0,100.0,0,7,1,1,4,0,1,0
STU03045,Feamle,21,CSE,Day Scholar,193473,78.6,7.28,75,1,55.1,1,7,0,0,4,0,0,0
STU03046,Male,21,CSE,Day Scholar,93071,64.4,6.47,12,2,94.6,0,4,0,0,10,0,0,0
STU03047,Feamle,19,AIML,Hosteler,188660,63.5,5.58,49,0,76.4,1,7,0,0,3,0,1,0
STU03048,Feamle,20,CSE,Day Scholar,167542,89.4,8.96,44,1,86.6,0,2,0,0,11,1,0,0
STU03049,Male,18,ECE,Day Scholar,175153,60.0,5.63,3,0,100.0,2,6,0,1,11,0,0,0
STU03050,Feamle,19,AIML,Day Scholar,26846,84.3,7.22,89,1,94.4,1,6,0,1,4,0,0,0
STU03051,Feamle,21,MC,Day Scholar,89685,79.4,8.62,62,0,77.7,0,5,0,0,0,3,1,0
STU03052,Male,22,CSE,Day Scholar,49925,77.7,6.62,64,1,100.0,0,4,0,0,7,0,0,0
STU03053,Feamle,21,ECE,Day Scholar,73989,51.5,5.9,26,0,70.5,0,5,1,0,13,0,1,0
STU03054,Feamle,22,ECE,Hosteler,133333,69.6,7.45,86,0,84.9,1,5,0,0,14,0,1,0
STU03055,Male,18,CSE,Day Scholar,88748,53.1,7.68,62,1,94.3,0,6,0,1,8,0,0,0
STU03056,Male,22,ECE,Hosteler,116080,66.2,8.31,10,0,95.6,0,4,0,0,13,0,0,0
STU03057,Male,19,AIML,Day Scholar,117601,88.8,9.81,41,0,46.1,0,3,0,0,7,0,0,0
STU03058,Feamle,22,ECE,Day Scholar,198769,93.5,6.31,84,1,63.8,0,5,0,0,3,0,0,0
STU03059,Male,20,CSE,Day Scholar,112601,78.2,7.29,85,1,64.7,0,2,0,0,3,0,0,0
STU03060,Feamle,19,ECE,Day Scholar,42694,66.4,5.1,91,0,75.5,0,3,0,0,12,0,0,0
STU03061,Feamle,18,CSE,Hosteler,157114,98.8,8.0,37,0,94.1,0,3,0,0,3,0,0,0
STU03062,Feamle,19,CSE,Hosteler,159085,66.2,7.28,69,0,84.7,0,3,0,1,4,3,0,0
STU03063,Feamle,20,ECE,Day Scholar,51285,58.0,6.73,88,0,97.5,0,4,0,0,10,0,0,0
STU03064,Feamle,18,CSE,Day Scholar,62446,85.4,6.07,61,1,100.0,0,7,0,0,10,0,0,0
STU03065,Feamle,21,CSE,Day Scholar,72679,81.9,6.48,3,2,80.4,0,3,0,0,14,0,0,0
STU03066,Feamle,20,MC,Hosteler,110184,66.9,7.35,33,1,84.9,1,5,0,0,7,1,0,0
STU03067,Male,18,AIML,Day Scholar,23754,76.5,5.55,25,0,100.0,0,4,1,0,7,1,0,0
STU03068,Male,24,CSE,Day Scholar,31187,81.6,6.54,53,0,60.3,1,5,0,0,0,0,1,0
STU03069,Feamle,22,AIML,Day Scholar,188205,78.1,7.03,26,0,89.5,1,6,0,0,8,2,0,0
STU03070,Feamle,19,MC,Day Scholar,134311,81.9,4.69,38,1,80.4,3,7,0,0,13,0,0,0
STU03071,Male,18,MC,Day Scholar,86082,67.4,5.42,84,0,50.6,0,7,0,0,0,1,0,0
STU03072,Feamle,19,MC,Day Scholar,187569,82.9,6.01,20,1,99.5,3,5,0,1,5,0,1,0
STU03073,Male,22,MC,Day Scholar,125654,75.3,9.35,53,0,100.0,1,0,0,0,7,0,0,0
STU03074,Male,18,AIML,Hosteler,131693,67.9,5.75,55,0,98.7,1,4,1,0,6,0,0,0
STU03075,Male,21,ECE,Day Scholar,199527,71.3,6.92,92,0,65.1,0,6,0,0,11,1,0,0
STU03076,Feamle,24,ECE,Day Scholar,120272,73.5,5.44,97,0,100.0,1,6,0,1,14,0,0,0
STU03077,Feamle,24,AIML,Day Scholar,24516,53.3,5.84,62,0,100.0,1,5,0,0,14,1,0,1
STU03078,Male,20,CSE,Day Scholar,86795,65.5,4.84,90,0,94.1,0,7,0,0,7,0,0,0
STU03079,Male,18,AIML,Day Scholar,43376,76.0,8.01,41,0,98.7,1,4,0,0,6,0,0,0
STU03080,Male,22,CSE,Day Scholar,109676,54.7,5.01,25,0,91.8,3,5,0,0,0,1,0,1
STU03081,Male,18,CSE,Day Scholar,104853,65.7,8.36,68,0,74.8,0,3,1,0,7,0,0,0
STU03082,Male,19,ECE,Day Scholar,88045,100.0,7.7,19,0,89.4,0,3,0,1,4,1,0,0
STU03083,Feamle,23,MC,Day Scholar,64968,58.1,6.89,71,1,93.3,0,6,0,0,2,0,0,0
STU03084,Male,18,ECE,Hosteler,163336,69.2,8.41,81,0,81.9,1,9,0,1,1,2,0,0
STU03085,Feamle,24,ECE,Day Scholar,147560,62.5,10.0,52,1,65.4,0,1,0,0,0,0,1,0
STU03086,Male,24,AIML,Day Scholar,169018,73.2,7.72,68,0,84.2,0,3,0,0,14,0,1,0
STU03087,Feamle,24,AIML,Hosteler,182707,62.8,5.32,67,1,99.5,0,2,0,0,4,0,1,0
STU03088,Feamle,21,CSE,Hosteler,46365,71.4,9.23,4,0,80.0,1,4,1,0,4,2,1,0
STU03089,Feamle,18,AIML,Day Scholar,175531,64.2,7.28,15,0,100.0,0,5,0,0,8,0,1,0
STU03090,Feamle,20,CSE,Day Scholar,83913,90.8,10.0,8,0,74.4,0,7,1,0,0,0,0,0
STU03091,Feamle,18,CSE,Day Scholar,116100,76.2,6.24,24,0,79.5,0,2,0,1,1,0,0,0
STU03092,Feamle,23,MC,Hosteler,76350,60.0,8.92,56,0,45.4,1,12,0,1,12,1,1,0
STU03093,Male,24,MC,Hosteler,36588,87.6,7.0,37,0,88.5,0,2,0,1,11,0,0,0
STU03094,Feamle,19,ECE,Day Scholar,166112,60.6,10.0,7,1,39.1,1,6,0,0,9,1,0,0
STU03095,Male,24,MC,Hosteler,168197,51.5,6.58,64,0,81.5,0,7,0,0,5,0,1,1
STU03096,Feamle,18,CSE,Hosteler,150804,75.0,10.0,30,0,86.8,3,5,0,0,1,0,0,0
STU03097,Feamle,21,AIML,Hosteler,181831,100.0,7.66,32,0,80.7,0,2,1,0,5,0,0,0
STU03098,Male,22,MC,Hosteler,113606,47.6,8.27,54,0,53.9,2,8,1,0,1,0,1,0
STU03099,Feamle,18,MC,Hosteler,92585,55.0,9.55,68,2,96.7,1,1,0,0,1,0,0,0
STU03100,Male,18,MC,Day Scholar,188103,86.3,5.82,81,0,100.0,0,2,0,0,3,0,1,0
STU03101,Male,20,MC,Hosteler,76989,65.4,8.45,35,2,100.0,0,6,0,0,5,0,1,0
STU03102,Male,21,CSE,Day Scholar,24737,84.2,6.56,83,1,80.5,0,7,0,1,8,0,0,0
STU03103,Male,23,CSE,Day Scholar,70257,62.4,7.23,23,0,75.4,0,4,1,0,3,0,1,0
STU03104,Feamle,22,ECE,Day Scholar,101563,77.1,7.12,60,1,55.5,2,7,1,0,2,1,1,0
STU03105,Feamle,24,AIML,Day Scholar,30015,100.0,7.86,82,1,89.7,2,2,0,0,4,0,0,0
STU03106,Male,19,ECE,Day Scholar,79991,57.1,7.8,27,1,100.0,1,8,1,0,5,0,0,0
STU03107,Feamle,18,ECE,Day Scholar,56965,90.4,6.14,59,1,77.6,0,7,0,0,14,1,0,0
STU03108,Feamle,23,MC,Day Scholar,166167,85.2,7.19,93,0,97.6,1,3,1,0,14,1,1,0
STU03109,Male,22,AIML,Day Scholar,166125,52.7,3.5,78,1,26.5,0,4,0,0,12,3,0,1
STU03110,Feamle,19,MC,Day Scholar,134776,83.4,8.49,72,1,60.7,0,2,1,0,11,0,0,0
STU03111,Male,23,CSE,Day Scholar,182591,76.1,9.54,38,1,91.3,1,5,0,0,5,2,0,0
STU03112,Male,21,ECE,Hosteler,83386,76.4,7.29,30,1,49.7,0,9,1,0,14,0,0,0
STU03113,Feamle,21,AIML,Day Scholar,147583,80.0,4.59,0,2,64.1,2,3,0,1,9,0,0,0
STU03114,Feamle,22,CSE,Day Scholar,128702,69.7,8.11,12,1,66.0,0,4,0,0,14,0,0,0
STU03115,Feamle,24,ECE,Day Scholar,72337,76.1,5.85,99,2,90.9,0,6,0,0,0,1,1,0
STU03116,Male,19,AIML,Hosteler,174135,78.6,7.27,65,1,83.0,2,8,1,0,6,1,0,0
STU03117,Male,21,ECE,Hosteler,32573,86.2,8.03,41,2,69.1,0,5,1,0,12,0,0,0
STU03118,Feamle,22,AIML,Day Scholar,37248,52.1,7.82,36,2,69.8,1,2,1,1,3,0,1,0
STU03119,Feamle,21,ECE,Hosteler,126550,94.4,8.62,56,0,59.2,0,7,1,0,13,0,0,0
STU03120,Feamle,21,MC,Day Scholar,139359,57.7,7.22,34,0,81.1,0,4,1,0,3,2,0,0
STU03121,Feamle,23,ECE,Day Scholar,112192,86.4,7.26,36,0,89.9,0,7,0,1,10,0,0,0
STU03122,Male,23,ECE,Day Scholar,36941,76.2,8.11,74,1,96.3,1,6,1,1,0,0,1,0
STU03123,Feamle,21,AIML,Day Scholar,98554,55.8,6.89,81,2,100.0,0,3,0,0,12,0,0,0
STU03124,Male,20,AIML,Day Scholar,164160,82.9,5.97,19,0,91.4,0,4,0,0,5,0,1,0
STU03125,Male,23,MC,Day Scholar,106211,60.8,7.68,65,0,59.5,1,7,1,1,7,0,0,0
STU03126,Feamle,19,AIML,Day Scholar,36124,91.0,5.31,87,0,91.0,0,7,0,0,6,2,0,0
STU03127,Feamle,22,ECE,Day Scholar,23819,64.3,6.88,79,0,51.9,0,1,0,0,14,0,1,0
STU03128,Feamle,22,AIML,Day Scholar,115822,52.6,4.93,22,0,76.9,0,5,1,0,11,1,0,1
STU03129,Male,24,AIML,Day Scholar,31164,98.0,6.17,54,0,82.1,0,6,0,0,1,0,0,0
STU03130,Feamle,19,AIML,Day Scholar,52701,77.7,6.23,56,0,95.7,0,5,0,0,10,0,0,0
STU03131,Feamle,19,MC,Hosteler,135295,88.0,5.52,49,0,94.8,0,4,0,0,11,1,0,0
STU03132,Male,19,MC,Hosteler,127747,62.2,8.65,37,0,76.1,1,2,1,1,11,0,0,0
STU03133,Feamle,24,CSE,Day Scholar,183941,46.6,8.53,46,1,80.2,2,6,0,0,4,1,0,0
STU03134,Male,19,MC,Hosteler,56603,100.0,8.97,92,1,98.5,1,6,0,0,5,0,1,0
STU03135,Feamle,18,MC,Day Scholar,142857,74.9,6.72,29,0,57.5,0,4,0,0,11,0,0,0
STU03136,Male,24,MC,Hosteler,24235,82.4,6.35,67,1,100.0,1,7,0,0,3,1,1,0
STU03137,Feamle,22,ECE,Day Scholar,144558,84.8,8.21,92,0,89.6,0,6,0,0,1,0,0,0
STU03138,Feamle,18,CSE,Hosteler,32015,70.0,7.19,42,0,42.8,0,5,0,0,8,0,0,0
STU03139,Male,24,ECE,Day Scholar,34601,78.4,7.19,26,0,86.2,1,4,1,0,8,0,1,0
STU03140,Male,21,MC,Hosteler,27509,98.9,3.18,96,0,100.0,1,7,0,0,10,0,0,0
STU03141,Feamle,21,MC,Day Scholar,190556,74.5,8.13,81,1,100.0,0,4,1,0,4,0,0,0
STU03142,Male,22,CSE,Hosteler,167990,89.1,7.94,63,0,69.9,0,4,1,0,3,0,0,0
STU03143,Male,21,CSE,Hosteler,60975,45.1,6.99,5,2,91.0,0,1,0,0,10,0,0,0
STU03144,Male,19,AIML,Day Scholar,61520,91.9,8.22,95,2,91.9,0,7,0,0,1,0,0,0
STU03145,Male,24,MC,Hosteler,55693,52.2,7.9,30,1,91.8,1,5,0,0,13,0,0,0
STU03146,Feamle,18,MC,Hosteler,46959,90.1,5.95,75,2,76.5,0,3,0,0,0,2,0,0
STU03147,Feamle,19,ECE,Day Scholar,20909,80.9,6.67,86,1,79.3,1,3,1,0,14,2,0,0
STU03148,Male,21,AIML,Hosteler,100041,73.6,5.49,28,0,73.5,1,6,0,0,11,0,0,0
STU03149,Male,23,MC,Day Scholar,123312,73.5,9.19,2,2,85.5,0,7,0,1,12,0,0,0
STU03150,Male,18,ECE,Hosteler,151190,71.2,8.47,96,1,91.4,0,3,0,0,6,0,1,0
STU03151,Male,19,CSE,Hosteler,179710,62.7,5.78,91,0,63.7,0,4,1,0,5,0,1,0
STU03152,Feamle,24,ECE,Day Scholar,88649,71.9,7.93,81,0,89.7,0,1,0,0,4,0,0,0
STU03153,Feamle,22,MC,Hosteler,129556,100.0,7.42,85,2,89.1,0,11,0,0,12,0,0,0
STU03154,Male,19,ECE,Day Scholar,124457,94.5,5.97,19,1,81.6,0,7,0,0,2,0,0,0
STU03155,Male,23,ECE,Day Scholar,100301,61.9,7.19,79,1,67.1,3,10,1,1,8,0,0,0
STU03156,Male,21,AIML,Hosteler,38480,79.0,8.29,57,0,58.4,2,3,0,0,5,0,0,0
STU03157,Feamle,18,AIML,Day Scholar,27944,76.4,8.41,56,1,48.3,0,9,0,0,1,1,0,0
STU03158,Male,22,CSE,Hosteler,55022,72.9,10.0,70,1,54.8,0,6,0,0,8,0,0,0
STU03159,Feamle,18,AIML,Hosteler,110625,60.0,7.14,3,0,53.7,1,4,0,1,0,0,0,0
STU03160,Male,22,ECE,Hosteler,68707,81.7,6.64,41,1,92.6,0,1,0,0,4,0,0,0
STU03161,Feamle,24,AIML,Day Scholar,48708,87.7,7.84,33,0,29.3,0,2,0,1,8,0,0,0
STU03162,Male,18,MC,Day Scholar,182009,62.5,6.73,99,1,82.9,0,6,0,0,7,0,1,0
STU03163,Feamle,21,ECE,Hosteler,78823,100.0,6.12,17,1,54.7,0,3,1,0,7,0,0,0
STU03164,Male,24,ECE,Day Scholar,58399,97.8,5.61,96,1,94.2,0,5,0,0,14,1,0,0
STU03165,Male,24,ECE,Day Scholar,144420,83.2,1.86,64,0,100.0,1,8,1,0,5,0,0,0
STU03166,Male,22,MC,Hosteler,138431,56.5,8.1,24,0,87.3,1,3,0,0,0,0,0,0
STU03167,Feamle,20,ECE,Day Scholar,169227,81.0,4.54,44,1,97.6,0,6,0,1,2,0,0,0
STU03168,Male,18,AIML,Day Scholar,40838,79.2,5.68,13,0,90.2,2,4,0,1,8,0,0,0
STU03169,Feamle,18,MC,Hosteler,174226,82.7,7.44,10,0,52.2,3,5,0,1,14,0,0,0
STU03170,Feamle,19,ECE,Hosteler,64035,98.9,6.52,51,0,95.4,2,5,1,0,1,0,0,0
STU03171,Male,22,AIML,Day Scholar,50294,72.4,10.0,7,0,89.9,2,8,1,0,13,1,0,0
STU03172,Male,23,AIML,Day Scholar,148557,100.0,4.74,59,0,89.6,0,2,0,0,13,0,0,0
STU03173,Male,20,CSE,Day Scholar,94233,81.1,10.0,41,0,82.3,0,4,1,0,6,0,0,0
STU03174,Feamle,21,AIML,Hosteler,156700,70.6,9.07,15,3,69.0,1,9,1,0,6,0,0,0
STU03175,Male,19,AIML,Day Scholar,123217,100.0,8.36,38,0,85.5,0,6,0,1,8,0,0,0
STU03176,Feamle,20,CSE,Day Scholar,196921,87.4,9.16,100,1,100.0,1,2,1,1,7,0,1,0
STU03177,Feamle,22,CSE,Day Scholar,176486,68.2,7.61,94,0,64.7,1,6,1,0,12,0,0,0
STU03178,Male,20,MC,Hosteler,130367,76.3,4.45,41,0,77.3,0,3,0,0,11,0,0,0
STU03179,Male,24,AIML,Day Scholar,90254,84.5,7.77,17,0,73.6,2,8,0,0,2,0,0,0
STU03180,Male,18,MC,Hosteler,39060,72.7,4.78,6,0,83.5,0,5,1,1,8,0,1,0
STU03181,Male,24,MC,Day Scholar,151168,77.0,6.21,3,0,95.2,0,4,0,1,0,2,0,0
STU03182,Male,18,ECE,Day Scholar,103883,62.7,6.88,95,1,83.6,0,3,0,0,7,0,0,0
STU03183,Male,19,MC,Day Scholar,115932,49.7,5.63,94,0,100.0,1,2,0,0,14,0,0,0
STU03184,Feamle,22,MC,Hosteler,142455,76.6,8.42,73,0,71.3,0,6,1,0,14,0,0,0
STU03185,Feamle,22,MC,Day Scholar,31058,77.1,6.68,29,1,93.4,0,8,0,0,8,1,0,0
STU03186,Feamle,20,MC,Day Scholar,163290,82.9,7.61,49,0,72.1,0,4,1,0,14,2,0,0
STU03187,Male,19,CSE,Day Scholar,168054,66.4,6.99,98,0,59.8,2,7,1,0,13,0,0,0
STU03188,Feamle,22,AIML,Day Scholar,80325,54.9,7.19,44,2,100.0,0,5,1,0,12,0,0,0
STU03189,Feamle,23,ECE,Hosteler,110540,60.5,5.67,30,0,75.8,1,3,1,0,14,0,0,0
STU03190,Feamle,23,CSE,Day Scholar,66622,90.8,5.24,94,0,64.7,0,5,0,0,12,0,0,0
STU03191,Feamle,24,ECE,Day Scholar,174749,65.0,6.77,45,0,70.9,0,3,0,0,11,0,1,0
STU03192,Feamle,18,ECE,Day Scholar,64741,68.4,5.55,53,0,98.0,0,3,0,0,0,0,0,0
STU03193,Male,20,CSE,Day Scholar,178238,70.3,9.09,45,0,100.0,2,6,0,0,9,1,0,0
STU03194,Male,21,MC,Day Scholar,194446,65.7,4.94,96,0,100.0,2,2,1,1,10,0,0,0
STU03195,Feamle,18,CSE,Day Scholar,66908,64.6,10.0,4,0,72.2,1,7,1,0,3,0,1,0
STU03196,Feamle,19,ECE,Hosteler,136455,61.9,7.45,9,0,77.0,0,7,0,0,14,0,0,0
STU03197,Feamle,22,ECE,Day Scholar,123468,96.0,7.1,22,1,84.3,0,7,0,0,1,2,0,0
STU03198,Male,18,MC,Day Scholar,111628,85.2,6.19,6,0,57.2,2,4,1,0,10,1,1,0
STU03199,Male,21,CSE,Day Scholar,86875,93.7,7.99,57,1,85.1,1,5,0,0,13,0,0,0
STU03200,Feamle,21,AIML,Day Scholar,68316,96.7,6.69,46,0,76.7,0,1,1,0,0,0,0,0
STU03201,Male,23,ECE,Hosteler,163358,39.8,7.45,91,0,100.0,0,2,0,1,9,0,1,0
STU03202,Male,19,CSE,Day Scholar,83539,80.2,8.26,20,0,71.6,1,2,0,1,10,0,0,0
STU03203,Feamle,18,MC,Hosteler,49235,66.2,8.0,30,0,79.4,0,3,0,0,12,0,0,0
STU03204,Male,20,MC,Hosteler,45552,91.8,8.86,26,0,100.0,0,4,0,0,7,0,0,0
STU03205,Male,18,AIML,Hosteler,33629,63.9,7.81,28,0,66.2,1,6,0,0,13,1,0,0
STU03206,Feamle,23,ECE,Day Scholar,66489,59.2,5.57,9,1,83.8,0,6,0,1,14,0,0,0
STU03207,Male,24,AIML,Day Scholar,124770,53.5,3.88,71,1,93.9,0,3,0,0,8,1,0,1
STU03208,Male,21,AIML,Hosteler,115461,70.5,7.32,8,1,70.2,0,3,0,0,14,0,0,0
STU03209,Feamle,19,AIML,Day Scholar,123767,88.7,7.34,10,2,97.5,0,3,0,0,14,0,0,0
STU03210,Male,19,AIML,Day Scholar,189330,78.8,9.89,21,1,75.4,0,6,0,0,14,0,0,0
STU03211,Male,20,MC,Day Scholar,163915,57.0,6.83,89,0,79.1,2,10,0,0,2,0,0,0
STU03212,Feamle,19,ECE,Day Scholar,117571,100.0,7.56,49,0,44.5,0,7,0,0,12,0,1,0
STU03213,Feamle,23,AIML,Day Scholar,43988,84.7,8.17,100,0,83.3,0,7,0,0,3,1,0,0
STU03214,Feamle,23,ECE,Hosteler,135958,86.7,7.77,39,1,64.7,0,5,0,0,1,1,0,0
STU03215,Male,23,MC,Day Scholar,118219,94.3,8.27,65,1,62.1,0,6,1,1,13,0,0,0
STU03216,Feamle,19,MC,Day Scholar,53301,50.4,5.77,62,0,95.8,1,3,0,0,6,1,0,0
STU03217,Male,19,CSE,Day Scholar,100513,61.3,5.54,18,1,89.0,1,3,0,0,4,1,1,0
STU03218,Feamle,23,CSE,Hosteler,159023,87.3,6.58,15,2,58.8,0,2,0,0,13,0,0,0
STU03219,Male,19,ECE,Day Scholar,111607,62.8,3.74,3,0,53.7,0,4,0,0,4,0,1,0
STU03220,Feamle,19,CSE,Day Scholar,95101,70.9,6.94,48,0,41.7,2,4,0,0,7,0,1,0
STU03221,Feamle,21,AIML,Hosteler,48715,73.8,6.01,37,2,100.0,0,8,0,0,6,0,0,0
STU03222,Feamle,18,ECE,Day Scholar,72975,55.8,7.48,6,0,18.0,0,2,0,0,8,2,0,0
STU03223,Feamle,22,MC,Day Scholar,57109,69.6,6.6,54,0,86.7,1,7,0,0,2,1,0,0
STU03224,Male,19,MC,Day Scholar,188922,88.7,5.48,13,0,53.6,0,4,1,0,13,0,0,0
STU03225,Feamle,22,AIML,Day Scholar,197736,85.9,8.97,75,1,100.0,0,3,0,0,0,0,0,0
STU03226,Feamle,24,CSE,Hosteler,96870,91.7,7.12,84,0,98.4,0,4,0,0,13,0,0,0
STU03227,Male,22,ECE,Day Scholar,134372,90.1,8.29,33,1,64.2,0,12,0,0,6,1,0,0
STU03228,Feamle,21,ECE,Day Scholar,145085,81.1,7.28,20,0,68.3,1,4,0,0,9,0,0,0
STU03229,Male,19,AIML,Day Scholar,39369,79.9,7.7,35,0,77.8,1,10,0,0,7,0,0,0
STU03230,Feamle,23,CSE,Day Scholar,130150,78.8,4.96,62,1,67.7,1,2,1,0,9,0,1,0
STU03231,Feamle,22,ECE,Hosteler,80216,65.6,8.92,41,0,98.9,2,8,1,0,10,1,0,0
STU03232,Feamle,19,AIML,Day Scholar,133886,59.6,8.32,48,0,80.4,0,4,0,0,12,0,0,0
STU03233,Male,20,ECE,Day Scholar,171711,64.7,6.97,70,1,99.0,1,8,1,0,11,1,0,0
STU03234,Feamle,24,MC,Hosteler,84305,70.1,7.43,84,0,76.0,1,6,0,0,11,1,1,0
STU03235,Feamle,23,ECE,Day Scholar,38506,65.2,8.5,9,1,100.0,0,8,0,0,0,0,1,0
STU03236,Feamle,20,ECE,Day Scholar,92232,81.2,6.44,20,1,49.3,0,4,1,0,14,0,0,0
STU03237,Male,20,ECE,Day Scholar,23981,78.0,4.63,79,1,71.3,0,1,0,1,6,0,0,0
STU03238,Male,22,CSE,Hosteler,102391,79.6,6.47,62,1,93.4,1,7,0,0,10,0,0,0
STU03239,Feamle,20,CSE,Day Scholar,39789,80.3,7.23,88,0,63.8,0,6,0,0,1,0,1,0
STU03240,Male,21,AIML,Day Scholar,151380,92.9,6.95,76,1,56.8,0,4,1,1,7,0,0,0
STU03241,Feamle,21,CSE,Hosteler,113046,74.9,8.98,49,0,45.4,0,2,0,0,3,0,0,0
STU03242,Feamle,22,ECE,Day Scholar,114908,90.1,5.56,26,1,86.2,0,4,1,1,6,1,1,0
STU03243,Feamle,19,ECE,Hosteler,186887,82.7,5.75,100,0,98.5,0,3,1,0,5,0,1,0
STU03244,Feamle,18,CSE,Day Scholar,46497,91.9,5.41,7,0,73.0,1,7,0,0,9,0,0,0
STU03245,Feamle,19,CSE,Hosteler,116060,99.2,7.64,29,0,91.8,0,4,1,0,0,0,0,0
STU03246,Feamle,19,ECE,Hosteler,195031,83.6,4.71,94,1,100.0,0,9,1,0,10,1,0,0
STU03247,Feamle,19,ECE,Hosteler,185857,76.6,8.12,70,2,98.6,0,5,0,0,14,0,0,0
STU03248,Male,19,MC,Day Scholar,164438,76.5,5.6,29,0,96.4,0,5,1,1,11,0,0,0
STU03249,Male,23,AIML,Day Scholar,57649,67.9,5.84,17,0,71.2,1,8,0,0,11,1,0,0
STU03250,Male,18,CSE,Day Scholar,178000,67.4,9.66,22,1,72.1,1,3,1,1,3,0,1,0
STU03251,Male,23,AIML,Hosteler,106117,88.5,8.85,37,0,87.2,0,5,0,0,10,1,0,0
STU03252,Male,20,ECE,Day Scholar,44105,60.5,7.18,29,0,79.5,2,5,0,0,11,1,0,0
STU03253,Male,24,AIML,Day Scholar,39843,99.2,5.03,29,1,89.4,1,4,1,1,7,0,0,0
STU03254,Male,19,CSE,Hosteler,130250,72.7,10.0,71,1,27.4,0,2,0,0,9,0,0,0
STU03255,Feamle,24,CSE,Day Scholar,146000,100.0,6.71,75,0,68.2,0,3,1,0,0,0,0,0
STU03256,Feamle,21,AIML,Day Scholar,184411,64.6,7.37,73,0,100.0,0,5,0,1,9,0,1,0
STU03257,Feamle,22,CSE,Day Scholar,126643,78.8,8.37,70,2,42.8,0,4,0,0,2,0,1,0
STU03258,Feamle,22,MC,Hosteler,140606,69.7,4.06,38,1,64.7,0,4,0,0,4,0,1,0
STU03259,Male,23,ECE,Hosteler,150258,63.1,6.04,16,0,75.2,1,5,1,0,2,0,0,0
STU03260,Male,23,ECE,Day Scholar,41457,91.0,6.9,95,0,43.5,0,10,0,0,1,0,1,0
STU03261,Feamle,21,CSE,Day Scholar,70222,58.4,7.2,68,0,91.7,0,5,0,0,9,0,0,0
STU03262,Feamle,19,ECE,Hosteler,113857,64.9,5.04,84,0,87.8,0,5,0,0,2,0,0,0
STU03263,Male,24,MC,Hosteler,106245,83.8,7.49,94,1,40.3,1,3,0,0,14,0,1,0
STU03264,Feamle,24,CSE,Day Scholar,88907,86.2,7.05,51,1,73.4,1,3,0,0,6,1,0,0
STU03265,Feamle,18,MC,Day Scholar,20157,54.1,9.5,78,0,74.9,0,8,0,0,14,0,0,0
STU03266,Feamle,20,MC,Day Scholar,101568,83.7,8.5,12,0,92.9,1,3,1,0,12,1,1,0
STU03267,Feamle,22,ECE,Hosteler,78266,76.9,6.6,6,1,94.7,0,2,1,0,12,0,0,0
STU03268,Male,20,ECE,Day Scholar,154390,61.2,6.71,87,1,96.2,0,4,0,0,2,0,0,0
STU03269,Feamle,18,AIML,Hosteler,141399,63.2,8.52,67,0,100.0,0,5,0,0,8,0,1,0
STU03270,Feamle,23,MC,Hosteler,125525,44.5,7.43,59,3,84.2,0,6,0,0,11,0,0,0
STU03271,Male,24,ECE,Hosteler,94493,100.0,4.94,82,1,100.0,1,2,1,1,3,0,0,0
STU03272,Male,22,MC,Day Scholar,88148,90.2,10.0,45,0,91.7,1,1,1,0,7,2,0,0
STU03273,Feamle,20,AIML,Day Scholar,172018,55.7,5.52,34,2,79.2,1,7,1,1,10,2,0,0
STU03274,Male,23,MC,Day Scholar,163092,87.0,10.0,28,0,100.0,0,5,0,1,3,1,0,0
STU03275,Feamle,18,CSE,Hosteler,98309,66.4,7.64,99,1,65.0,0,3,0,0,5,0,0,0
STU03276,Feamle,20,AIML,Hosteler,50247,88.7,6.05,33,2,82.1,0,4,0,0,10,3,0,0
STU03277,Male,24,AIML,Hosteler,20443,67.6,3.45,7,0,84.3,0,11,0,0,4,0,0,0
STU03278,Feamle,19,MC,Hosteler,58741,69.5,8.17,65,1,90.4,0,7,0,1,14,0,0,0
STU03279,Feamle,23,MC,Day Scholar,168360,70.7,4.67,3,1,70.8,0,5,0,0,5,0,0,0
STU03280,Feamle,18,ECE,Hosteler,22910,65.1,7.54,65,0,67.5,0,7,0,1,1,0,0,0
STU03281,Feamle,20,CSE,Hosteler,64169,96.0,9.9,93,0,100.0,0,2,0,0,5,1,0,0
STU03282,Male,24,AIML,Hosteler,120105,88.5,5.29,56,0,57.1,0,8,1,0,2,2,0,0
STU03283,Male,19,AIML,Hosteler,37309,76.6,8.11,92,0,100.0,0,4,0,0,10,0,1,0
STU03284,Feamle,19,AIML,Day Scholar,165337,90.4,5.78,3,2,78.3,0,6,1,1,11,0,0,0
STU03285,Male,18,ECE,Day Scholar,114499,50.6,8.7,84,0,85.0,0,8,0,0,13,1,0,1
STU03286,Feamle,21,CSE,Day Scholar,115441,56.6,7.1,72,0,70.0,0,8,1,0,13,0,1,1
STU03287,Feamle,24,AIML,Day Scholar,175307,82.1,6.97,65,1,75.8,0,8,0,0,4,0,0,0
STU03288,Feamle,24,AIML,Hosteler,134360,86.0,8.81,19,0,100.0,0,8,0,0,10,0,1,0
STU03289,Feamle,22,ECE,Hosteler,78095,79.2,7.94,96,2,70.9,0,3,1,1,3,0,0,0
STU03290,Feamle,18,MC,Day Scholar,22922,46.8,5.79,54,0,44.7,0,7,0,0,5,1,0,0
STU03291,Male,19,AIML,Day Scholar,78006,59.1,9.68,5,1,81.0,1,6,0,0,6,0,0,0
STU03292,Feamle,19,CSE,Hosteler,191395,81.2,4.7,28,0,65.1,0,4,1,0,10,0,0,0
STU03293,Male,18,CSE,Hosteler,47771,100.0,7.41,79,2,61.4,1,4,1,1,10,0,0,0
STU03294,Male,21,CSE,Hosteler,160848,93.3,5.77,99,0,66.8,0,6,1,0,4,0,0,0
STU03295,Feamle,22,CSE,Hosteler,57772,98.7,4.77,4,0,100.0,0,3,0,0,9,1,0,0
STU03296,Feamle,20,ECE,Hosteler,73371,80.1,5.3,36,1,76.3,0,3,0,0,1,1,0,0
STU03297,Feamle,18,AIML,Hosteler,142947,80.0,6.93,8,0,70.3,0,7,0,0,11,0,1,0
STU03298,Feamle,22,ECE,Day Scholar,172026,59.5,7.52,95,0,96.9,1,2,0,0,5,1,0,0
STU03299,Feamle,24,CSE,Hosteler,171909,89.3,8.59,36,0,90.9,0,7,0,0,7,1,0,0
STU03300,Male,22,CSE,Hosteler,95494,73.9,9.21,97,1,100.0,1,6,0,0,12,0,1,0
STU03301,Feamle,23,CSE,Day Scholar,156647,85.4,7.42,38,4,100.0,1,5,0,0,12,0,0,0
STU03302,Feamle,19,ECE,Day Scholar,148345,75.5,6.34,62,1,100.0,0,3,1,0,12,0,0,0
STU03303,Male,20,CSE,Day Scholar,71105,79.2,8.56,56,1,65.2,0,7,0,0,4,0,1,0
STU03304,Male,18,AIML,Hosteler,71720,73.7,6.08,39,1,99.6,0,2,0,0,12,1,0,0
STU03305,Feamle,19,CSE,Day Scholar,132498,78.4,4.61,92,0,65.7,1,7,0,0,7,0,0,0
STU03306,Male,23,AIML,Hosteler,74080,90.0,8.41,63,1,76.3,0,2,0,0,14,0,1,0
STU03307,Feamle,23,AIML,Day Scholar,101393,56.0,8.99,94,1,90.6,0,3,0,0,14,0,0,0
STU03308,Male,19,CSE,Hosteler,52309,52.6,5.77,2,1,81.5,0,2,0,1,2,0,1,1
STU03309,Male,21,ECE,Hosteler,174026,81.4,9.94,42,0,87.1,0,7,0,1,2,1,0,0
STU03310,Feamle,22,MC,Day Scholar,147984,96.6,7.87,24,0,76.4,1,3,0,0,6,0,0,0
STU03311,Male,18,MC,Day Scholar,53368,100.0,7.65,54,1,62.0,0,6,0,0,11,0,1,0
STU03312,Male,18,AIML,Day Scholar,113278,56.6,6.22,35,1,95.5,1,6,0,0,8,1,1,1
STU03313,Male,18,ECE,Hosteler,97670,69.0,8.53,57,0,56.4,1,8,1,0,5,0,0,0
STU03314,Male,19,MC,Hosteler,145689,52.8,4.71,76,1,100.0,1,5,0,0,7,0,1,1
STU03315,Male,24,CSE,Day Scholar,148450,66.7,6.49,18,0,79.1,2,2,1,0,10,0,0,0
STU03316,Male,21,CSE,Day Scholar,31580,91.8,5.9,58,0,100.0,1,4,0,0,13,0,1,0
STU03317,Feamle,20,AIML,Day Scholar,40966,74.8,5.04,15,0,100.0,1,5,0,0,10,1,0,0
STU03318,Feamle,23,ECE,Day Scholar,104615,69.4,8.29,93,0,84.0,1,5,0,0,0,1,0,0
STU03319,Male,19,ECE,Hosteler,35231,83.2,7.51,98,0,59.1,2,8,1,0,5,2,0,0
STU03320,Feamle,24,MC,Day Scholar,162912,63.1,8.21,1,0,100.0,0,6,0,0,13,0,0,0
STU03321,Feamle,20,MC,Hosteler,153124,98.9,6.58,64,1,75.2,1,3,0,0,7,1,0,0
STU03322,Feamle,23,CSE,Hosteler,53399,75.1,8.48,58,0,56.4,1,6,0,1,8,1,0,0
STU03323,Male,23,AIML,Day Scholar,152826,69.0,7.12,47,0,99.0,0,9,0,0,0,1,0,0
STU03324,Feamle,21,ECE,Day Scholar,141708,83.8,6.29,2,1,92.3,0,3,0,0,8,0,0,0
STU03325,Male,22,MC,Hosteler,95306,89.1,6.04,25,1,83.5,1,9,0,1,4,3,0,0
STU03326,Feamle,18,MC,Hosteler,151097,98.9,4.03,91,1,63.7,0,7,0,0,8,0,0,0
STU03327,Male,20,AIML,Day Scholar,161473,71.9,8.75,90,2,100.0,0,2,1,0,1,0,0,0
STU03328,Male,19,AIML,Day Scholar,133172,91.3,8.58,13,0,100.0,2,10,0,1,11,0,0,0
STU03329,Feamle,20,CSE,Hosteler,26553,76.5,10.0,23,0,79.5,0,3,1,0,0,0,0,0
STU03330,Feamle,22,AIML,Hosteler,91295,65.8,6.5,34,0,100.0,0,6,1,0,14,0,0,0
STU03331,Male,18,CSE,Hosteler,27755,63.3,6.0,97,1,99.6,1,6,0,0,2,0,0,0
STU03332,Feamle,20,CSE,Day Scholar,184969,58.5,4.45,87,1,66.2,0,9,0,0,12,3,0,1
STU03333,Feamle,22,AIML,Day Scholar,123300,63.9,8.44,5,0,70.6,0,3,0,0,11,0,0,0
STU03334,Feamle,19,AIML,Day Scholar,196136,91.7,8.09,61,0,87.1,0,4,0,0,1,1,1,0
STU03335,Male,21,AIML,Day Scholar,117910,85.6,9.33,94,0,76.7,0,4,1,0,13,0,0,0
STU03336,Male,24,AIML,Day Scholar,58409,56.4,5.63,92,0,84.7,0,8,1,0,9,0,0,0
STU03337,Feamle,23,AIML,Hosteler,117904,48.8,8.07,35,1,59.8,0,9,1,0,9,0,0,0
STU03338,Feamle,19,CSE,Hosteler,75049,58.3,6.22,28,0,66.2,0,4,0,0,12,1,0,0
STU03339,Feamle,18,MC,Day Scholar,66669,63.3,9.02,12,0,81.5,0,3,0,0,1,1,0,0
STU03340,Male,23,ECE,Day Scholar,165443,70.5,7.8,7,0,85.1,0,7,1,0,14,0,0,0
STU03341,Male,24,ECE,Day Scholar,92905,92.6,4.67,14,2,84.3,0,2,0,0,0,2,1,1
STU03342,Feamle,19,CSE,Day Scholar,155869,66.8,6.8,32,0,54.4,0,6,1,0,11,0,0,0
STU03343,Feamle,19,CSE,Day Scholar,196881,100.0,4.08,88,0,83.2,2,6,0,1,13,0,0,0
STU03344,Feamle,19,MC,Hosteler,150216,49.8,5.26,15,0,100.0,0,6,0,0,14,0,0,1
STU03345,Feamle,19,AIML,Hosteler,98053,69.8,5.35,84,1,71.9,1,7,0,1,12,0,0,0
STU03346,Feamle,23,CSE,Hosteler,36943,86.8,6.04,51,0,66.0,0,7,0,0,13,0,1,0
STU03347,Feamle,18,ECE,Hosteler,128374,87.7,6.61,100,0,71.2,2,2,0,0,14,1,1,0
STU03348,Male,24,AIML,Day Scholar,46831,70.0,7.25,80,0,73.6,0,2,1,0,14,0,1,0
STU03349,Feamle,22,CSE,Hosteler,62044,90.0,7.17,33,1,100.0,0,6,0,0,7,0,0,0
STU03350,Male,20,AIML,Hosteler,138602,87.2,6.96,76,0,54.7,3,4,0,0,12,1,0,0
STU03351,Feamle,21,ECE,Day Scholar,44814,64.8,7.5,33,1,60.0,1,4,0,0,1,0,0,0
STU03352,Feamle,24,AIML,Hosteler,93586,79.7,5.13,42,1,38.1,1,5,0,1,3,1,0,0
STU03353,Male,20,CSE,Day Scholar,79439,85.6,7.11,60,0,100.0,0,2,1,0,1,0,1,0
STU03354,Male,20,CSE,Day Scholar,58355,65.8,9.15,78,0,86.1,1,10,0,1,12,1,1,0
STU03355,Male,21,ECE,Day Scholar,79389,100.0,6.75,21,1,55.2,0,4,0,1,6,0,0,0
STU03356,Male,24,MC,Day Scholar,35784,62.5,7.74,50,0,75.6,2,5,0,0,9,0,1,0
STU03357,Feamle,23,MC,Hosteler,154755,77.2,7.6,3,0,89.0,0,5,0,0,0,0,0,0
STU03358,Male,18,AIML,Hosteler,93932,56.3,8.29,48,0,91.8,0,5,1,0,3,0,0,0
STU03359,Feamle,21,CSE,Day Scholar,158419,76.6,7.43,38,0,100.0,0,0,0,0,11,0,0,0
STU03360,Male,18,CSE,Day Scholar,105520,59.0,8.27,86,3,47.6,0,4,0,1,12,0,0,0
STU03361,Feamle,23,ECE,Day Scholar,194169,70.6,7.76,76,0,100.0,0,3,0,0,5,0,0,0
STU03362,Feamle,20,ECE,Hosteler,108563,51.2,7.99,71,0,46.1,1,4,0,0,6,0,1,0
STU03363,Feamle,18,CSE,Day Scholar,103133,87.0,7.66,0,1,99.4,0,1,0,0,10,0,0,0
STU03364,Feamle,23,ECE,Day Scholar,76499,80.3,5.49,40,0,97.2,1,6,0,0,8,0,0,0
STU03365,Feamle,23,MC,Day Scholar,34072,91.3,5.24,49,1,100.0,2,2,0,0,1,0,0,0
STU03366,Feamle,22,MC,Hosteler,32026,69.8,6.47,80,0,72.0,0,4,0,0,4,0,0,0
STU03367,Male,21,AIML,Day Scholar,72832,92.0,9.33,16,0,65.2,0,1,1,0,5,0,0,0
STU03368,Feamle,22,ECE,Day Scholar,144559,75.6,6.74,7,0,85.9,0,7,0,0,8,1,1,0
STU03369,Male,20,AIML,Day Scholar,60966,76.7,7.46,66,0,83.3,0,6,0,0,10,1,1,0
STU03370,Male,21,ECE,Hosteler,51041,100.0,4.05,92,0,100.0,1,2,0,0,11,1,0,0
STU03371,Feamle,20,ECE,Day Scholar,116523,67.7,7.29,85,0,51.8,0,3,0,0,0,0,0,0
STU03372,Male,22,MC,Hosteler,183328,93.4,7.13,65,3,65.6,0,2,0,1,12,0,0,0
STU03373,Feamle,24,CSE,Hosteler,165977,82.2,2.99,1,0,58.9,1,5,0,1,11,0,1,0
STU03374,Male,23,ECE,Day Scholar,123810,66.4,7.44,16,0,88.7,0,4,0,1,10,0,0,0
STU03375,Feamle,20,ECE,Hosteler,87673,55.3,4.52,72,1,70.8,0,9,0,0,3,2,0,1
STU03376,Male,21,ECE,Day Scholar,142343,59.5,5.91,32,0,88.7,0,2,0,1,14,1,0,0
STU03377,Feamle,21,CSE,Day Scholar,110044,92.0,8.49,92,0,92.9,0,6,0,0,4,0,0,0
STU03378,Feamle,20,AIML,Hosteler,74100,100.0,7.24,92,0,91.0,1,6,1,1,5,0,0,0
STU03379,Feamle,21,AIML,Day Scholar,101156,76.4,6.33,53,0,78.8,0,3,0,0,13,2,0,0
STU03380,Feamle,23,ECE,Day Scholar,100359,77.2,6.2,69,2,94.1,0,6,1,1,3,0,0,0
STU03381,Male,24,ECE,Hosteler,122169,86.6,6.37,5,0,83.7,0,8,0,1,8,0,0,0
STU03382,Feamle,23,AIML,Day Scholar,140136,76.1,7.24,51,0,71.0,1,5,0,1,8,0,0,0
STU03383,Male,21,AIML,Hosteler,122800,91.5,5.2,100,0,70.0,0,3,1,0,7,1,0,0
STU03384,Male,20,MC,Day Scholar,139140,79.4,8.69,44,0,74.7,0,5,1,0,10,1,0,0
STU03385,Male,22,ECE,Hosteler,190738,77.0,5.28,0,1,100.0,0,1,0,0,6,2,1,1
STU03386,Feamle,21,AIML,Hosteler,120850,64.5,4.41,79,0,80.7,1,6,1,1,13,0,0,0
STU03387,Male,21,MC,Hosteler,110230,60.8,8.49,50,0,82.1,0,4,0,0,1,2,0,0
STU03388,Male,21,CSE,Day Scholar,92750,27.6,6.34,10,1,78.4,0,1,0,0,4,0,0,0
STU03389,Male,21,ECE,Day Scholar,164382,93.5,7.11,21,1,59.8,0,4,0,1,2,1,0,0
STU03390,Feamle,20,AIML,Day Scholar,120699,72.8,7.98,33,0,47.2,0,2,1,0,2,1,0,0
STU03391,Feamle,22,ECE,Hosteler,109591,69.0,5.92,0,0,87.1,0,3,0,1,0,1,0,0
STU03392,Male,22,MC,Day Scholar,179015,45.7,7.21,76,1,62.0,1,7,0,0,9,1,0,0
STU03393,Feamle,18,AIML,Hosteler,182989,65.4,7.97,48,1,89.2,0,6,0,1,8,0,0,0
STU03394,Feamle,21,CSE,Hosteler,152774,63.4,9.46,48,0,79.9,1,3,1,1,3,0,0,0
STU03395,Male,21,CSE,Day Scholar,77873,63.1,6.23,41,0,100.0,0,4,0,0,8,1,1,0
STU03396,Male,18,MC,Hosteler,171130,80.0,6.31,91,0,95.9,0,6,0,1,8,0,1,0
STU03397,Feamle,22,CSE,Hosteler,192334,76.8,7.84,48,0,92.8,1,5,0,1,10,2,0,0
STU03398,Male,19,CSE,Day Scholar,34537,54.6,7.31,12,1,62.0,0,3,0,1,12,2,0,1
STU03399,Feamle,23,CSE,Day Scholar,101428,55.5,6.79,93,1,38.0,0,5,0,0,9,2,0,0
STU03400,Feamle,19,CSE,Hosteler,171707,55.5,9.39,99,1,100.0,0,4,0,0,13,0,0,0
STU03401,Feamle,22,CSE,Hosteler,48544,100.0,4.48,67,0,81.6,0,2,0,1,3,0,1,0
STU03402,Feamle,24,CSE,Hosteler,85549,97.4,4.87,13,0,77.8,0,2,0,0,3,0,0,0
STU03403,Feamle,21,CSE,Day Scholar,141875,62.2,4.49,35,0,75.2,2,5,1,0,4,0,1,0
STU03404,Feamle,19,AIML,Day Scholar,71955,45.4,8.8,55,0,90.8,0,6,1,0,3,0,0,0
STU03405,Male,20,CSE,Day Scholar,130024,76.9,7.77,86,1,100.0,0,1,0,0,5,0,0,0
STU03406,Male,20,AIML,Day Scholar,188380,75.7,4.94,68,2,68.9,0,2,1,1,12,0,1,0
STU03407,Feamle,18,ECE,Day Scholar,22169,79.8,6.82,45,1,47.5,2,4,1,0,4,0,0,0
STU03408,Feamle,22,MC,Day Scholar,130064,86.1,6.96,14,1,100.0,1,8,0,1,2,0,0,0
STU03409,Feamle,22,CSE,Hosteler,30423,81.8,3.69,86,1,87.8,0,7,0,0,3,0,0,0
STU03410,Male,19,MC,Hosteler,193875,58.3,7.28,7,1,89.0,0,8,0,0,8,0,0,0
STU03411,Feamle,21,CSE,Day Scholar,113988,79.4,5.23,55,0,27.9,0,3,0,1,10,0,1,0
STU03412,Male,22,AIML,Hosteler,28017,87.8,8.06,10,0,85.5,0,8,0,1,4,1,0,0
STU03413,Feamle,19,CSE,Day Scholar,194750,64.1,5.28,70,1,40.4,0,4,0,0,7,0,1,0
STU03414,Feamle,19,ECE,Hosteler,52948,79.5,7.33,22,0,74.0,0,6,0,0,1,0,0,0
STU03415,Male,23,MC,Day Scholar,111529,66.7,8.94,44,0,93.9,1,4,0,1,0,1,1,0
STU03416,Male,23,MC,Hosteler,121768,100.0,8.46,26,0,86.4,0,6,0,1,14,0,0,0
STU03417,Feamle,22,ECE,Hosteler,97147,55.1,7.76,30,0,94.1,1,6,0,0,2,1,0,0
STU03418,Feamle,19,AIML,Day Scholar,52219,92.3,6.88,46,0,69.2,0,2,0,0,0,0,0,0
STU03419,Feamle,18,AIML,Day Scholar,181932,49.9,4.75,65,2,61.7,0,4,0,1,4,1,0,1
STU03420,Male,18,ECE,Day Scholar,135217,100.0,6.34,94,0,73.1,0,6,1,0,13,0,1,0
STU03421,Male,23,MC,Day Scholar,172135,57.9,6.66,60,0,79.5,0,10,0,0,7,0,0,0
STU03422,Male,22,CSE,Day Scholar,198646,77.8,6.55,7,1,68.5,0,7,0,0,9,0,0,0
STU03423,Male,21,AIML,Day Scholar,99601,50.6,4.7,64,0,78.0,0,3,0,0,0,2,0,1
STU03424,Male,24,CSE,Hosteler,175396,54.8,7.65,24,0,80.3,1,5,0,0,4,0,1,1
STU03425,Male,18,MC,Hosteler,120494,88.5,5.23,16,3,85.2,0,5,0,1,4,1,1,1
STU03426,Feamle,18,CSE,Hosteler,192738,90.4,9.32,29,1,100.0,0,4,1,0,11,1,0,0
STU03427,Feamle,23,ECE,Day Scholar,129713,78.6,7.22,23,1,60.6,1,5,1,0,13,0,0,0
STU03428,Male,23,AIML,Hosteler,44869,86.1,8.47,94,0,94.0,1,9,1,0,8,0,1,0
STU03429,Feamle,22,AIML,Day Scholar,91164,90.7,8.44,51,1,80.6,1,3,0,0,1,0,0,0
STU03430,Feamle,23,ECE,Day Scholar,49093,64.7,10.0,62,0,100.0,1,3,0,0,6,1,1,0
STU03431,Male,20,ECE,Day Scholar,197722,54.0,7.27,60,1,62.7,0,6,0,0,5,1,0,1
STU03432,Feamle,24,AIML,Hosteler,137299,74.8,6.41,76,1,75.5,0,6,1,0,6,0,0,0
STU03433,Male,19,AIML,Hosteler,199088,66.3,6.44,57,0,72.7,0,8,1,0,4,0,0,0
STU03434,Male,18,AIML,Day Scholar,170634,80.8,9.24,78,0,38.9,1,10,0,0,14,1,0,0
STU03435,Feamle,20,MC,Hosteler,88925,83.2,5.02,89,0,80.1,0,6,0,0,0,0,0,0
STU03436,Male,21,MC,Hosteler,121367,64.8,5.68,31,0,82.4,0,3,0,0,11,0,0,0
STU03437,Male,20,MC,Hosteler,75553,85.6,7.36,34,0,67.3,2,4,1,0,1,0,1,0
STU03438,Male,22,CSE,Hosteler,77279,84.8,6.77,15,0,38.2,0,7,0,0,5,0,0,0
STU03439,Male,21,MC,Hosteler,55608,85.8,8.45,8,0,97.8,0,1,0,0,1,2,0,0
STU03440,Male,21,AIML,Day Scholar,80840,68.9,4.99,18,0,100.0,1,8,0,0,8,0,0,0
STU03441,Male,23,MC,Day Scholar,30770,86.7,6.9,39,0,100.0,0,0,0,1,7,0,1,0
STU03442,Male,20,AIML,Day Scholar,75461,82.8,6.72,39,1,80.7,0,6,0,1,7,1,0,0
STU03443,Male,22,ECE,Hosteler,46627,84.6,5.39,45,1,77.2,0,1,1,0,14,0,0,0
STU03444,Feamle,18,CSE,Day Scholar,26146,100.0,8.32,2,1,100.0,1,6,0,0,10,0,1,0
STU03445,Feamle,24,CSE,Day Scholar,108481,79.9,6.86,25,1,100.0,0,5,0,1,3,0,0,0
STU03446,Feamle,23,ECE,Hosteler,79753,65.9,6.8,100,2,83.9,1,6,0,0,1,0,1,0
STU03447,Male,20,AIML,Hosteler,110480,58.3,5.76,71,0,81.5,0,9,0,0,13,2,1,1
STU03448,Male,18,CSE,Hosteler,72079,91.9,6.45,69,0,93.1,1,4,0,0,13,0,0,0
STU03449,Feamle,20,MC,Day Scholar,137081,80.4,5.47,4,0,83.9,0,6,1,0,5,0,0,0
STU03450,Feamle,23,AIML,Day Scholar,78074,100.0,8.3,84,0,100.0,1,7,0,0,0,0,0,0
STU03451,Feamle,18,CSE,Day Scholar,102816,44.6,8.55,26,0,91.4,0,3,0,1,4,1,0,0
STU03452,Male,23,ECE,Hosteler,174323,88.7,9.52,43,0,94.2,0,4,0,0,11,3,1,0
STU03453,Feamle,20,AIML,Day Scholar,114771,71.1,7.65,37,0,93.4,0,3,1,0,0,0,0,0
STU03454,Feamle,21,CSE,Hosteler,182968,69.7,6.49,71,1,78.2,0,5,0,0,5,0,0,0
STU03455,Male,24,ECE,Hosteler,190185,63.5,6.3,85,0,100.0,0,1,1,1,10,0,0,0
STU03456,Feamle,19,AIML,Day Scholar,33322,88.5,7.74,86,0,78.3,0,2,0,1,9,0,0,0
STU03457,Male,24,MC,Hosteler,27747,84.2,7.3,88,0,76.5,0,2,1,0,8,0,0,0
STU03458,Male,21,AIML,Day Scholar,137068,57.9,6.74,70,0,75.0,0,3,0,0,8,0,0,0
STU03459,Male,23,MC,Day Scholar,117748,77.5,6.61,77,0,100.0,1,3,0,0,13,0,0,0
STU03460,Feamle,24,AIML,Day Scholar,134702,85.6,8.76,40,0,46.6,1,4,1,0,1,0,0,0
STU03461,Feamle,23,ECE,Hosteler,78697,77.7,6.35,57,0,67.8,0,7,0,0,10,0,0,0
STU03462,Male,23,MC,Day Scholar,55903,91.6,9.02,28,3,94.4,0,8,0,0,10,1,1,0
STU03463,Feamle,18,MC,Day Scholar,192042,70.6,7.27,80,0,87.1,0,7,0,0,11,1,1,0
STU03464,Feamle,22,AIML,Day Scholar,62207,41.2,6.45,50,2,85.0,1,6,0,0,2,0,0,0
STU03465,Feamle,23,CSE,Day Scholar,132352,77.8,5.82,69,3,88.9,0,11,0,0,8,0,0,0
STU03466,Feamle,24,MC,Day Scholar,70812,77.7,6.77,95,0,100.0,0,5,1,0,0,0,0,0
STU03467,Male,24,AIML,Day Scholar,183475,79.7,7.76,62,0,84.7,0,7,1,0,0,0,0,0
STU03468,Feamle,24,ECE,Hosteler,54531,91.6,6.43,18,1,83.9,1,6,0,0,3,0,0,0
STU03469,Male,21,AIML,Day Scholar,166485,45.7,8.28,26,2,100.0,0,4,1,0,12,2,0,1
STU03470,Male,19,AIML,Day Scholar,191705,71.4,6.36,93,0,84.8,1,2,1,0,1,0,0,0
STU03471,Feamle,23,MC,Day Scholar,80032,61.2,6.81,52,0,94.7,0,4,0,0,9,0,0,0
STU03472,Male,23,CSE,Day Scholar,186457,56.9,5.07,96,1,28.3,0,5,0,0,12,0,1,1
STU03473,Feamle,23,ECE,Hosteler,121058,73.9,7.84,100,1,71.4,0,3,0,0,10,1,0,0
STU03474,Feamle,18,MC,Day Scholar,111040,85.5,6.6,44,1,66.2,0,5,0,1,10,0,0,0
STU03475,Male,23,MC,Day Scholar,93637,79.5,9.37,10,0,65.5,0,7,0,0,6,0,0,0
STU03476,Male,21,MC,Hosteler,70578,64.7,8.06,9,1,73.1,2,4,1,0,8,0,0,0
STU03477,Male,20,ECE,Hosteler,179307,72.8,7.13,92,0,72.5,0,5,0,0,0,3,0,0
STU03478,Male,22,CSE,Day Scholar,90744,88.9,8.84,85,1,97.8,2,5,0,0,11,1,0,0
STU03479,Feamle,24,ECE,Hosteler,95961,85.2,7.61,19,0,65.0,0,4,1,0,0,0,1,0
STU03480,Feamle,23,ECE,Hosteler,48485,66.7,8.51,18,0,99.1,0,2,0,0,9,0,0,0
STU03481,Feamle,18,CSE,Hosteler,118059,65.7,5.71,87,1,95.5,0,1,0,0,8,3,0,0
STU03482,Male,21,ECE,Day Scholar,164254,49.3,7.69,91,0,59.0,1,4,0,0,4,0,0,0
STU03483,Male,23,AIML,Hosteler,34480,68.6,7.75,1,0,51.1,1,3,0,1,8,0,0,0
STU03484,Male,18,ECE,Day Scholar,83094,49.0,4.68,39,1,74.2,0,5,0,0,7,0,0,1
STU03485,Feamle,20,MC,Day Scholar,196129,100.0,9.26,17,0,100.0,0,3,0,0,4,0,0,0
STU03486,Male,19,ECE,Day Scholar,121107,62.2,5.26,81,0,86.2,0,1,1,0,6,0,0,0
STU03487,Feamle,23,MC,Day Scholar,124513,91.6,5.05,1,0,100.0,1,4,1,0,12,2,1,1
STU03488,Male,21,ECE,Day Scholar,55061,100.0,2.73,46,0,51.7,1,6,1,1,11,0,0,0
STU03489,Feamle,18,MC,Day Scholar,103545,78.2,7.71,48,1,54.7,0,8,0,0,7,0,0,0
STU03490,Feamle,18,MC,Hosteler,35789,73.5,4.54,22,0,57.5,1,8,1,0,0,0,0,0
STU03491,Male,23,MC,Day Scholar,140497,55.2,6.22,46,0,94.2,0,4,0,0,6,0,0,0
STU03492,Male,18,CSE,Day Scholar,118875,67.4,8.26,78,0,93.7,1,3,1,0,13,0,0,0
STU03493,Feamle,19,ECE,Hosteler,180179,99.1,7.29,88,0,90.1,0,1,0,1,2,0,1,0
STU03494,Feamle,18,ECE,Day Scholar,46287,80.3,6.06,44,1,85.8,0,3,0,0,6,0,1,0
STU03495,Male,24,AIML,Hosteler,35014,75.4,4.61,81,0,100.0,2,4,0,1,10,0,0,0
STU03496,Male,22,AIML,Day Scholar,159646,94.7,6.84,20,0,79.5,0,4,0,0,14,2,0,0
STU03497,Feamle,24,AIML,Hosteler,189669,85.4,8.28,46,0,100.0,1,4,0,0,6,1,0,0
STU03498,Male,22,ECE,Day Scholar,37467,72.8,8.05,31,0,100.0,0,8,1,0,12,0,0,0
STU03499,Feamle,18,CSE,Hosteler,194549,78.2,9.68,18,0,66.9,0,4,0,0,9,0,1,0
STU03500,Feamle,23,MC,Hosteler,107450,63.5,6.02,17,1,70.8,0,2,0,0,10,0,0,0
STU03501,Male,22,ECE,Day Scholar,97897,66.6,5.02,23,1,41.8,2,6,1,0,13,0,0,0
STU03502,Male,21,CSE,Day Scholar,140118,71.9,7.46,46,1,93.9,0,6,0,0,12,0,1,0
STU03503,Male,22,CSE,Day Scholar,105417,83.4,7.32,29,0,73.6,2,9,0,0,6,1,0,0
STU03504,Male,24,ECE,Hosteler,41880,56.3,6.99,92,0,78.5,0,8,0,0,2,0,0,0
STU03505,Male,18,MC,Hosteler,139618,76.1,5.88,84,0,100.0,1,4,0,0,9,1,1,0
STU03506,Feamle,23,CSE,Day Scholar,178323,69.2,3.02,20,0,92.6,1,5,0,1,12,0,0,0
STU03507,Feamle,20,ECE,Day Scholar,72546,61.5,5.49,47,0,63.2,1,8,0,0,0,1,0,0
STU03508,Male,23,MC,Hosteler,144083,69.2,7.84,65,0,72.4,1,4,0,0,8,0,1,0
STU03509,Male,23,AIML,Day Scholar,135461,40.2,7.43,44,1,65.7,1,1,0,0,12,0,0,0
STU03510,Male,23,CSE,Hosteler,64016,63.6,8.45,0,0,87.9,0,3,0,1,14,1,1,0
STU03511,Feamle,21,CSE,Hosteler,177961,58.5,7.52,21,0,83.8,3,6,0,0,5,1,0,0
STU03512,Male,19,ECE,Hosteler,45979,70.8,8.1,55,0,100.0,0,4,1,0,1,1,0,0
STU03513,Male,24,ECE,Day Scholar,81516,40.8,8.15,39,1,87.2,0,6,0,0,9,0,0,0
STU03514,Feamle,18,MC,Day Scholar,68741,77.9,7.03,37,0,75.3,1,9,1,0,12,0,0,0
STU03515,Feamle,19,AIML,Day Scholar,77133,88.6,7.04,18,0,85.9,1,6,0,0,4,0,0,0
STU03516,Male,20,AIML,Day Scholar,33360,73.2,2.64,18,1,59.1,0,7,1,0,11,0,1,0
STU03517,Male,19,ECE,Hosteler,86939,82.5,6.02,65,2,71.7,1,7,0,0,13,0,0,0
STU03518,Male,18,ECE,Day Scholar,56088,67.3,6.08,92,1,82.1,2,6,0,0,2,0,0,0
STU03519,Feamle,24,MC,Day Scholar,100318,51.7,6.84,86,0,100.0,0,9,0,0,10,0,0,0
STU03520,Male,24,ECE,Day Scholar,165092,75.0,5.6,46,0,97.7,2,8,0,0,10,0,1,0
STU03521,Male,18,MC,Hosteler,158492,85.2,8.41,57,1,85.2,3,4,0,0,3,0,0,0
STU03522,Male,20,MC,Day Scholar,109059,55.1,5.68,56,1,90.3,0,5,0,0,13,0,0,0
STU03523,Feamle,18,AIML,Day Scholar,53637,68.0,8.65,47,0,100.0,0,4,0,0,1,0,0,0
STU03524,Feamle,20,MC,Day Scholar,190282,71.3,5.56,90,1,79.0,0,6,0,0,14,2,0,0
STU03525,Male,20,AIML,Day Scholar,51453,100.0,6.09,44,3,99.0,1,5,0,0,7,2,0,0
STU03526,Male,18,AIML,Day Scholar,160347,78.4,5.98,86,1,72.2,1,5,1,0,4,2,1,0
STU03527,Feamle,22,AIML,Hosteler,181124,46.4,6.26,91,0,86.6,0,7,0,0,9,0,0,0
STU03528,Feamle,24,ECE,Day Scholar,184813,42.7,8.77,27,0,100.0,0,6,1,1,4,2,1,1
STU03529,Feamle,20,AIML,Day Scholar,182685,86.0,6.51,59,0,100.0,0,8,1,0,12,0,0,0
STU03530,Feamle,18,MC,Day Scholar,111337,100.0,6.55,4,0,45.1,1,7,1,0,0,0,0,0
STU03531,Feamle,22,ECE,Day Scholar,68162,70.8,5.89,17,0,85.0,1,7,0,1,2,0,0,0
STU03532,Feamle,24,MC,Hosteler,52199,69.9,6.61,93,3,94.9,0,6,0,0,2,3,0,0
STU03533,Feamle,20,ECE,Day Scholar,37572,81.5,7.32,87,0,71.0,0,6,0,0,9,0,0,0
STU03534,Feamle,24,MC,Hosteler,156219,63.0,6.68,36,0,99.6,0,5,1,0,0,2,0,0
STU03535,Feamle,22,CSE,Hosteler,23443,36.8,6.77,79,2,59.7,0,3,1,0,5,0,0,0
STU03536,Male,24,CSE,Day Scholar,114521,90.6,8.52,92,1,62.7,0,7,0,0,8,0,0,0
STU03537,Male,21,CSE,Hosteler,91220,65.8,7.41,93,0,24.1,0,4,0,0,14,1,0,0
STU03538,Male,23,MC,Hosteler,33595,90.8,5.27,24,0,72.8,0,4,0,0,1,1,0,0
STU03539,Feamle,21,ECE,Hosteler,86857,63.6,6.87,37,0,37.1,0,2,1,0,10,0,0,0
STU03540,Male,22,AIML,Day Scholar,34810,76.8,6.19,0,2,100.0,0,7,0,0,3,0,0,0
STU03541,Feamle,20,AIML,Day Scholar,157812,87.8,7.78,39,1,100.0,0,6,0,0,8,0,0,0
STU03542,Feamle,18,MC,Hosteler,52712,91.1,7.15,54,1,61.5,0,5,1,1,6,0,0,0
STU03543,Male,19,MC,Hosteler,25468,78.5,8.7,94,0,76.3,0,3,0,0,13,1,0,0
STU03544,Feamle,18,MC,Day Scholar,147611,77.7,5.89,38,1,82.1,1,2,0,0,5,0,0,0
STU03545,Male,24,MC,Day Scholar,149468,84.3,6.71,94,0,63.0,1,9,0,1,5,0,0,0
STU03546,Male,19,AIML,Hosteler,99054,82.0,5.4,96,1,88.2,0,9,0,0,10,1,0,0
STU03547,Male,19,ECE,Day Scholar,32704,55.6,6.94,75,2,76.6,1,3,0,0,1,0,0,0
STU03548,Feamle,24,AIML,Day Scholar,85974,55.9,4.7,24,0,52.9,0,4,0,0,10,2,0,1
STU03549,Male,24,MC,Day Scholar,85700,43.4,7.48,22,0,88.2,0,6,1,0,11,1,0,0
STU03550,Feamle,20,CSE,Day Scholar,156750,86.5,6.92,42,0,90.4,0,6,0,1,2,0,1,0
STU03551,Male,22,AIML,Day Scholar,149443,69.1,7.23,47,0,39.0,1,4,0,0,8,0,0,0
STU03552,Male,18,CSE,Hosteler,84882,87.3,8.18,91,0,79.7,1,7,1,0,8,1,0,0
STU03553,Male,22,CSE,Hosteler,187177,81.1,7.34,96,1,71.5,1,5,1,0,5,0,0,0
STU03554,Feamle,21,MC,Hosteler,121654,60.0,5.08,37,0,85.5,1,3,0,1,2,0,0,0
STU03555,Feamle,20,AIML,Day Scholar,168443,73.2,6.17,89,1,100.0,1,4,1,0,5,0,1,0
STU03556,Feamle,20,ECE,Day Scholar,55297,68.2,6.88,23,2,100.0,0,5,0,0,10,0,0,0
STU03557,Male,21,AIML,Day Scholar,48753,65.9,6.51,4,1,100.0,1,3,0,0,14,0,0,0
STU03558,Male,18,ECE,Hosteler,130710,88.7,6.69,59,1,82.9,0,6,0,0,2,1,0,0
STU03559,Feamle,23,ECE,Day Scholar,105765,100.0,9.43,16,0,74.7,0,5,1,0,1,1,0,0
STU03560,Feamle,21,MC,Day Scholar,156828,91.7,7.15,36,1,39.0,1,5,0,0,7,0,0,0
STU03561,Feamle,18,ECE,Day Scholar,191945,74.6,7.57,14,0,96.1,0,9,0,0,10,0,0,0
STU03562,Feamle,19,AIML,Day Scholar,80630,93.9,3.99,65,1,99.2,1,3,0,0,8,0,0,0
STU03563,Feamle,24,AIML,Day Scholar,175675,100.0,8.12,97,0,46.6,0,4,0,0,8,0,0,0
STU03564,Feamle,20,CSE,Day Scholar,174380,54.1,10.0,19,0,89.2,1,4,0,0,7,0,0,0
STU03565,Male,18,ECE,Day Scholar,122897,93.4,9.02,29,1,100.0,0,7,0,0,13,1,0,0
STU03566,Feamle,22,MC,Day Scholar,51256,86.5,6.34,15,0,62.5,1,6,0,0,5,0,1,0
STU03567,Male,24,MC,Hosteler,75814,92.8,10.0,43,0,95.9,0,3,0,0,3,2,0,0
STU03568,Male,22,AIML,Day Scholar,52961,87.2,7.04,58,0,56.9,0,4,0,0,2,0,0,0
STU03569,Feamle,24,ECE,Day Scholar,177505,71.6,7.46,3,0,70.8,0,6,0,0,10,0,0,0
STU03570,Feamle,20,MC,Day Scholar,49731,100.0,6.6,30,1,56.6,0,4,1,0,13,0,0,0
STU03571,Male,21,ECE,Day Scholar,26401,80.1,6.56,25,0,96.3,1,6,1,0,13,0,0,0
STU03572,Feamle,23,ECE,Day Scholar,142992,68.5,3.63,40,0,96.2,0,6,0,0,5,0,1,0
STU03573,Feamle,21,CSE,Day Scholar,144197,82.6,8.18,75,2,69.4,0,6,1,0,8,0,0,0
STU03574,Male,18,MC,Day Scholar,120041,89.6,6.55,1,0,55.0,1,4,0,1,0,0,0,0
STU03575,Male,21,CSE,Hosteler,169517,76.4,6.72,7,1,100.0,0,13,0,0,1,0,1,0
STU03576,Male,20,MC,Day Scholar,81012,80.9,7.41,77,0,81.5,0,7,0,0,11,1,0,0
STU03577,Feamle,18,ECE,Day Scholar,177042,76.3,6.38,23,1,79.0,0,6,1,0,7,0,0,0
STU03578,Male,19,MC,Hosteler,162432,65.1,7.4,39,0,64.2,0,9,0,0,0,0,0,0
STU03579,Feamle,21,AIML,Day Scholar,84357,62.7,8.8,24,0,60.5,0,4,0,1,9,2,0,0
STU03580,Male,21,ECE,Day Scholar,52235,54.0,7.61,61,0,90.7,1,5,0,0,10,0,0,0
STU03581,Male,23,MC,Day Scholar,101395,97.8,6.77,57,2,87.1,0,6,1,0,10,0,0,0
STU03582,Male,18,CSE,Day Scholar,30428,71.6,6.81,70,0,69.6,0,2,0,0,1,0,0,0
STU03583,Feamle,22,CSE,Hosteler,198257,23.6,7.3,31,0,96.7,0,8,0,0,7,0,0,0
STU03584,Feamle,21,ECE,Day Scholar,105171,80.9,5.75,86,0,75.7,0,5,0,1,7,0,0,0
STU03585,Male,20,CSE,Day Scholar,188893,80.6,7.31,45,0,92.7,0,9,0,0,0,0,0,0
STU03586,Male,21,ECE,Hosteler,199073,47.0,8.03,25,0,87.9,0,4,0,0,9,0,0,0
STU03587,Male,23,ECE,Hosteler,97660,62.5,7.13,41,0,76.9,0,7,0,0,7,0,0,0
STU03588,Feamle,19,ECE,Day Scholar,133020,61.9,6.36,6,0,95.0,0,5,1,0,5,1,0,0
STU03589,Male,23,MC,Day Scholar,59633,63.9,6.57,55,1,100.0,1,6,0,0,7,0,0,0
STU03590,Feamle,21,ECE,Day Scholar,142104,93.2,7.98,46,1,100.0,0,8,0,1,2,0,0,0
STU03591,Male,22,CSE,Day Scholar,34407,72.8,5.35,49,0,50.8,0,8,0,1,13,0,0,0
STU03592,Male,24,AIML,Hosteler,169152,68.6,5.78,44,0,100.0,2,9,0,0,6,0,1,0
STU03593,Male,21,MC,Hosteler,93860,91.8,4.59,67,0,90.0,0,2,1,1,5,0,0,0
STU03594,Male,18,CSE,Hosteler,27407,82.4,7.05,43,0,92.3,1,7,0,0,14,0,0,0
STU03595,Male,21,ECE,Day Scholar,191085,48.9,8.29,24,1,37.8,1,1,0,0,7,0,0,0
STU03596,Male,22,ECE,Hosteler,57433,65.8,9.0,51,0,50.7,0,3,0,0,0,0,1,0
STU03597,Feamle,18,AIML,Day Scholar,24220,79.8,9.32,17,0,75.1,0,2,0,1,5,0,0,0
STU03598,Male,20,CSE,Day Scholar,97267,61.0,5.96,6,0,43.9,1,5,1,1,9,2,1,0
STU03599,Feamle,18,MC,Day Scholar,142262,100.0,7.38,21,0,100.0,0,4,1,0,2,0,0,0
STU03600,Male,23,CSE,Day Scholar,42554,76.7,6.4,3,0,62.9,1,4,0,0,5,1,0,0
STU03601,Male,19,ECE,Day Scholar,97021,63.7,9.47,28,0,56.4,2,1,1,0,3,0,0,0
STU03602,Feamle,23,MC,Hosteler,85847,58.2,8.96,87,0,71.9,0,6,1,0,2,1,0,0
STU03603,Male,24,ECE,Hosteler,112541,88.9,7.25,39,0,75.6,0,7,0,1,13,1,0,0
STU03604,Feamle,18,ECE,Hosteler,177433,65.3,6.07,51,1,85.1,0,3,0,0,13,1,0,0
STU03605,Feamle,20,CSE,Day Scholar,123738,80.7,1.83,59,1,34.6,1,4,1,0,11,0,0,0
STU03606,Male,21,AIML,Hosteler,101103,57.7,4.85,40,0,53.5,1,5,0,1,2,1,1,1
STU03607,Feamle,18,ECE,Day Scholar,167052,76.1,4.22,75,0,68.5,1,8,0,1,13,1,0,0
STU03608,Feamle,23,CSE,Hosteler,70748,65.5,4.83,72,1,91.2,0,0,0,0,7,0,0,0
STU03609,Male,18,MC,Hosteler,53518,70.3,9.82,14,1,75.0,0,2,1,0,6,0,0,0
STU03610,Feamle,18,AIML,Hosteler,69257,63.1,5.06,76,0,83.4,1,5,0,0,0,0,0,0
STU03611,Male,18,ECE,Day Scholar,26934,90.4,5.41,56,0,100.0,1,7,0,0,8,0,0,0
STU03612,Male,20,ECE,Day Scholar,94787,67.6,5.62,93,0,78.4,0,2,0,0,13,0,0,0
STU03613,Male,22,MC,Day Scholar,115781,72.8,10.0,98,0,89.5,1,8,0,1,12,1,0,0
STU03614,Male,22,CSE,Day Scholar,97895,73.6,6.91,34,0,78.2,0,4,0,0,4,1,0,0
STU03615,Feamle,18,ECE,Day Scholar,163927,99.2,8.49,89,1,100.0,0,6,0,0,3,0,0,0
STU03616,Male,20,MC,Day Scholar,137926,88.4,7.26,18,1,93.5,0,4,0,1,3,0,0,0
STU03617,Male,20,ECE,Day Scholar,37628,86.9,4.02,20,0,24.6,1,7,0,0,7,1,1,1
STU03618,Feamle,24,CSE,Day Scholar,43249,51.3,9.3,84,0,87.8,0,2,0,0,9,0,0,0
STU03619,Male,18,AIML,Day Scholar,187122,65.2,7.6,12,0,100.0,1,5,1,0,1,2,0,0
STU03620,Male,23,CSE,Day Scholar,153347,92.8,6.82,20,0,100.0,0,2,0,1,9,0,0,0
STU03621,Feamle,23,CSE,Day Scholar,143332,57.4,9.64,87,0,70.3,0,3,0,0,6,0,1,0
STU03622,Feamle,19,CSE,Day Scholar,20765,76.3,6.48,25,0,95.6,0,6,0,0,7,1,1,0
STU03623,Feamle,18,MC,Day Scholar,103417,59.0,6.78,55,1,62.3,0,6,0,0,13,0,0,0
STU03624,Feamle,19,ECE,Hosteler,137526,60.5,6.48,30,0,76.1,1,5,0,0,5,0,0,0
STU03625,Feamle,23,AIML,Day Scholar,188906,100.0,8.61,29,1,65.7,0,6,0,0,10,1,0,0
STU03626,Feamle,23,MC,Hosteler,118793,85.8,8.22,23,0,82.7,1,7,1,0,13,0,0,0
STU03627,Feamle,18,CSE,Day Scholar,46999,89.7,7.42,95,0,100.0,0,7,1,0,3,0,0,0
STU03628,Male,19,AIML,Day Scholar,190214,86.8,5.42,29,1,46.6,0,3,1,0,1,3,0,0
STU03629,Feamle,19,CSE,Day Scholar,129792,72.9,6.44,25,0,94.4,1,5,0,0,11,0,0,0
STU03630,Feamle,18,CSE,Hosteler,160367,64.6,5.42,81,2,65.8,0,3,0,0,10,0,0,0
STU03631,Feamle,24,CSE,Hosteler,142500,69.0,8.74,53,0,62.4,0,6,0,0,0,1,0,0
STU03632,Male,19,AIML,Hosteler,148685,72.1,4.64,75,0,88.7,0,3,0,1,10,0,1,0
STU03633,Male,24,ECE,Hosteler,144479,100.0,9.39,20,1,80.6,0,4,0,0,10,0,0,0
STU03634,Feamle,21,CSE,Day Scholar,113393,55.0,8.93,22,0,86.8,0,5,0,0,13,0,1,1
STU03635,Feamle,23,ECE,Day Scholar,125768,66.7,5.62,27,1,79.0,2,4,0,0,1,1,1,0
STU03636,Feamle,22,AIML,Day Scholar,49867,61.3,6.38,80,0,76.9,0,4,0,0,5,0,0,0
STU03637,Male,24,AIML,Day Scholar,146040,90.8,5.93,78,0,81.9,1,6,1,0,6,0,0,0
STU03638,Male,24,CSE,Hosteler,130441,100.0,7.65,22,0,78.1,1,4,0,1,13,0,1,0
STU03639,Feamle,24,ECE,Hosteler,143105,79.6,9.12,58,0,75.3,0,2,0,0,2,0,0,0
STU03640,Male,20,ECE,Hosteler,26286,80.9,8.78,52,1,81.2,1,7,1,0,14,2,1,0
STU03641,Feamle,19,CSE,Day Scholar,131299,76.4,6.35,52,0,70.0,1,4,0,0,10,0,0,0
STU03642,Male,19,MC,Day Scholar,177362,81.6,8.88,33,2,100.0,1,8,0,0,7,0,1,0
STU03643,Male,20,MC,Day Scholar,155221,86.6,8.76,91,0,47.7,0,5,0,0,7,0,0,0
STU03644,Feamle,19,AIML,Hosteler,124152,81.4,6.72,67,1,51.4,0,5,1,1,11,1,0,0
STU03645,Feamle,20,AIML,Hosteler,125960,82.5,6.99,11,0,100.0,2,5,0,0,2,0,0,0
STU03646,Feamle,24,MC,Day Scholar,87881,86.6,9.31,1,0,94.3,1,6,0,0,1,0,0,0
STU03647,Feamle,18,MC,Hosteler,173005,48.3,8.59,24,0,55.0,0,10,1,0,7,0,1,0
STU03648,Male,21,MC,Day Scholar,124984,75.0,8.84,87,0,94.3,1,7,0,0,14,0,0,0
STU03649,Male,24,CSE,Hosteler,38082,79.6,10.0,94,0,65.4,0,3,0,0,5,1,1,0
STU03650,Male,21,CSE,Hosteler,131091,81.2,7.82,67,0,88.3,1,4,0,0,5,0,0,0
STU03651,Feamle,23,CSE,Day Scholar,30863,72.4,7.49,43,1,79.5,1,10,1,1,6,0,0,0
STU03652,Male,24,CSE,Hosteler,26984,77.4,9.04,33,0,89.6,0,3,1,0,8,0,0,0
STU03653,Feamle,22,CSE,Day Scholar,147181,64.2,9.98,5,1,83.2,1,1,1,1,5,0,0,0
STU03654,Male,19,CSE,Day Scholar,75189,48.4,6.08,94,1,63.1,1,5,1,0,9,0,0,0
STU03655,Feamle,22,AIML,Day Scholar,113039,89.7,6.7,38,0,69.8,1,6,1,0,12,0,0,0
STU03656,Feamle,18,ECE,Day Scholar,189096,58.0,5.47,49,0,81.7,0,5,0,1,14,0,1,1
STU03657,Male,21,AIML,Day Scholar,124855,72.6,7.51,23,1,51.8,1,3,0,1,9,0,1,0
STU03658,Feamle,24,ECE,Hosteler,69430,63.8,8.33,88,2,67.8,0,6,0,0,6,0,0,0
STU03659,Feamle,18,AIML,Day Scholar,87004,98.8,5.58,4,1,75.6,1,1,0,1,1,0,0,0
STU03660,Male,18,AIML,Day Scholar,147652,73.8,8.7,53,0,80.4,0,4,1,0,3,0,0,0
STU03661,Feamle,19,CSE,Hosteler,160204,70.3,6.32,53,0,67.5,2,1,1,0,14,3,1,0
STU03662,Feamle,18,CSE,Day Scholar,55086,86.2,6.2,9,0,95.0,1,3,0,0,10,0,0,0
STU03663,Feamle,24,ECE,Day Scholar,123651,100.0,8.69,81,0,49.2,0,5,0,0,7,0,0,0
STU03664,Male,24,ECE,Day Scholar,34462,81.1,6.06,92,0,80.4,1,6,0,0,6,0,0,0
STU03665,Male,21,CSE,Day Scholar,197421,69.3,4.89,74,1,91.9,0,3,0,0,1,0,1,0
STU03666,Feamle,24,AIML,Day Scholar,42323,85.4,8.12,93,0,100.0,1,8,1,1,11,0,0,0
STU03667,Male,22,ECE,Day Scholar,38167,51.4,6.8,68,0,53.3,1,3,0,1,0,2,0,0
STU03668,Feamle,21,MC,Day Scholar,30067,75.7,8.8,5,1,40.3,3,1,1,1,11,1,0,0
STU03669,Feamle,19,MC,Day Scholar,81987,100.0,8.25,77,3,99.6,1,4,0,0,11,0,0,0
STU03670,Feamle,21,MC,Day Scholar,23226,77.4,4.38,15,0,88.8,0,3,0,0,5,1,0,0
STU03671,Feamle,20,ECE,Day Scholar,176633,76.6,8.97,59,0,87.0,0,3,1,0,2,0,0,0
STU03672,Feamle,22,CSE,Hosteler,133576,75.3,9.85,13,1,40.6,1,3,1,0,2,0,0,0
STU03673,Male,20,CSE,Day Scholar,121123,69.1,8.55,32,0,75.3,0,6,0,0,10,0,1,0
STU03674,Feamle,20,CSE,Day Scholar,56738,79.7,8.61,100,1,85.0,0,3,0,0,12,2,0,0
STU03675,Male,23,ECE,Day Scholar,95794,86.6,6.63,68,0,52.7,0,9,0,0,3,0,0,0
STU03676,Male,24,ECE,Day Scholar,135112,70.0,6.28,39,0,50.7,1,5,0,0,11,0,1,0
STU03677,Feamle,19,MC,Day Scholar,51655,37.6,7.32,77,0,66.7,0,6,1,0,6,0,0,0
STU03678,Feamle,18,ECE,Hosteler,120409,82.0,8.38,39,0,63.2,0,3,0,0,0,0,0,0
STU03679,Male,20,MC,Hosteler,38854,100.0,8.34,8,0,92.8,0,8,0,0,7,0,1,0
STU03680,Male,21,MC,Day Scholar,199747,69.4,6.34,90,0,69.7,1,6,1,0,9,0,0,0
STU03681,Male,18,CSE,Day Scholar,104811,52.9,6.19,66,2,59.6,0,5,0,0,6,1,0,0
STU03682,Feamle,21,ECE,Day Scholar,195205,85.2,4.76,73,0,100.0,0,6,0,1,0,0,0,0
STU03683,Male,21,CSE,Day Scholar,55915,100.0,7.97,47,0,91.7,1,4,0,1,5,1,0,0
STU03684,Feamle,18,CSE,Day Scholar,97789,82.9,6.42,74,0,88.4,0,7,1,0,14,0,1,0
STU03685,Feamle,18,ECE,Hosteler,48737,100.0,6.55,97,1,60.6,1,8,0,0,3,0,0,0
STU03686,Feamle,24,ECE,Hosteler,158973,86.9,9.59,64,0,58.5,1,7,1,0,6,1,0,0
STU03687,Male,21,AIML,Hosteler,103094,85.6,7.9,9,0,73.6,0,5,0,0,5,0,0,0
STU03688,Feamle,19,MC,Day Scholar,30001,67.2,7.48,5,1,100.0,0,4,0,0,13,0,0,0
STU03689,Feamle,24,AIML,Hosteler,140804,79.3,8.25,71,1,57.1,0,9,0,0,7,0,0,0
STU03690,Feamle,22,MC,Day Scholar,182883,74.6,9.13,61,0,41.4,0,9,1,0,8,0,0,0
STU03691,Feamle,23,MC,Hosteler,118538,74.0,4.57,30,1,47.0,1,5,1,0,12,0,0,0
STU03692,Feamle,22,MC,Day Scholar,142600,71.2,6.15,5,1,42.7,1,5,1,0,5,1,0,0
STU03693,Male,19,CSE,Hosteler,123074,78.4,6.65,94,0,65.6,1,7,0,0,11,0,0,0
STU03694,Feamle,24,CSE,Day Scholar,151018,55.6,5.53,33,0,100.0,0,6,1,1,0,1,1,1
STU03695,Feamle,23,ECE,Day Scholar,79489,87.2,6.6,92,1,41.0,1,4,0,0,2,0,1,0
STU03696,Male,24,MC,Hosteler,57896,61.8,4.67,66,1,78.2,1,4,1,0,4,0,1,0
STU03697,Feamle,18,MC,Day Scholar,60927,71.2,8.38,61,1,66.4,0,3,1,0,2,0,0,0
STU03698,Male,23,MC,Hosteler,183402,80.0,6.22,85,0,76.2,0,7,1,1,11,0,0,0
STU03699,Feamle,21,CSE,Day Scholar,194642,61.1,7.3,11,0,67.5,1,2,0,0,11,0,0,0
STU03700,Male,22,ECE,Day Scholar,177923,45.5,7.08,37,2,36.0,0,8,0,0,7,1,0,0
STU03701,Male,23,CSE,Day Scholar,41185,69.3,7.84,82,1,70.0,0,5,1,1,1,0,0,0
STU03702,Feamle,21,AIML,Day Scholar,146734,53.5,3.31,6,0,98.7,0,9,1,0,3,0,0,1
STU03703,Feamle,24,AIML,Hosteler,90300,85.7,7.68,63,1,83.6,0,2,0,1,6,0,1,0
STU03704,Feamle,19,AIML,Day Scholar,100125,57.7,6.59,86,0,74.4,0,4,0,0,8,0,0,0
STU03705,Male,23,ECE,Day Scholar,30037,97.3,7.61,76,1,94.5,0,4,0,0,14,0,0,0
STU03706,Male,21,AIML,Hosteler,185177,74.9,5.23,3,3,75.7,0,3,0,0,3,0,1,0
STU03707,Male,24,ECE,Day Scholar,156492,75.9,7.62,20,2,65.2,0,5,0,1,10,0,0,0
STU03708,Feamle,24,CSE,Hosteler,120117,45.3,8.95,77,2,63.5,1,6,0,0,2,0,1,1
STU03709,Male,24,CSE,Day Scholar,29779,77.2,7.28,35,0,74.8,0,5,0,0,2,2,0,0
STU03710,Male,19,ECE,Day Scholar,31444,73.8,5.92,6,0,100.0,0,6,0,0,7,0,0,0
STU03711,Feamle,18,CSE,Hosteler,110654,55.5,5.99,76,1,58.8,0,10,0,0,1,0,0,0
STU03712,Male,19,CSE,Hosteler,195599,76.3,7.86,34,0,59.2,0,6,0,1,9,3,0,0
STU03713,Male,19,ECE,Day Scholar,92623,69.0,7.85,48,0,98.3,0,8,0,0,4,1,0,0
STU03714,Feamle,22,AIML,Day Scholar,144149,71.7,7.53,96,1,83.6,0,5,0,0,13,0,0,0
STU03715,Male,24,ECE,Day Scholar,159865,75.4,6.94,10,1,100.0,0,3,0,0,0,0,0,0
STU03716,Feamle,21,MC,Day Scholar,187454,67.9,7.3,88,0,100.0,0,4,0,0,4,0,0,0
STU03717,Feamle,23,CSE,Hosteler,153221,78.7,6.9,23,0,96.7,1,4,0,1,2,2,0,0
STU03718,Feamle,22,ECE,Day Scholar,61347,73.7,6.43,21,0,95.9,0,6,0,0,13,1,0,0
STU03719,Feamle,24,CSE,Day Scholar,150978,82.1,8.14,42,1,81.6,0,6,1,1,4,1,0,0
STU03720,Feamle,20,AIML,Day Scholar,72832,67.1,7.47,50,0,43.7,0,3,0,0,4,0,1,0
STU03721,Male,19,CSE,Day Scholar,170738,59.0,8.94,48,1,62.5,1,4,1,0,7,0,1,0
STU03722,Male,20,ECE,Hosteler,22696,64.4,8.68,21,1,64.6,0,3,0,0,14,1,0,0
STU03723,Feamle,24,AIML,Hosteler,183245,96.6,7.42,78,0,100.0,0,6,0,0,2,0,0,0
STU03724,Feamle,22,AIML,Hosteler,32626,89.3,7.89,17,0,100.0,0,5,1,0,8,0,0,0
STU03725,Male,21,AIML,Day Scholar,198359,93.2,5.56,43,0,80.1,1,10,0,1,6,0,0,0
STU03726,Feamle,22,MC,Day Scholar,73303,94.2,6.88,31,0,84.8,1,2,0,0,2,1,0,0
STU03727,Feamle,21,ECE,Day Scholar,64793,68.0,7.51,57,0,67.9,1,5,0,0,14,0,0,0
STU03728,Feamle,21,ECE,Hosteler,182363,79.4,4.63,55,1,74.8,0,4,0,0,9,2,1,1
STU03729,Male,24,AIML,Hosteler,66207,76.1,7.64,99,1,71.3,1,5,1,0,6,2,0,0
STU03730,Male,18,CSE,Hosteler,53484,84.9,5.56,73,0,100.0,0,5,0,1,10,0,0,0
STU03731,Feamle,24,AIML,Day Scholar,107765,70.7,5.73,8,1,100.0,1,9,0,0,11,0,0,0
STU03732,Feamle,19,MC,Day Scholar,156830,76.4,6.21,62,0,53.3,0,8,0,1,8,0,1,0
STU03733,Male,22,AIML,Hosteler,84495,76.1,6.95,88,1,82.4,1,5,0,0,14,0,0,0
STU03734,Male,21,ECE,Day Scholar,183323,83.0,5.01,3,0,74.6,0,3,0,0,11,0,1,1
STU03735,Feamle,24,AIML,Hosteler,72807,84.8,8.28,37,1,5.7,0,10,1,1,14,2,1,0
STU03736,Feamle,24,CSE,Hosteler,126809,76.4,7.27,99,0,100.0,1,3,0,1,5,0,0,0
STU03737,Male,22,ECE,Hosteler,120584,76.9,9.89,41,0,100.0,0,1,0,0,3,1,1,0
STU03738,Male,22,CSE,Hosteler,71774,78.4,7.45,100,0,99.9,1,4,0,0,11,0,0,0
STU03739,Male,21,AIML,Hosteler,94615,99.7,7.86,6,1,72.6,1,6,0,1,0,0,0,0
STU03740,Feamle,23,ECE,Hosteler,106262,49.1,5.72,41,1,100.0,0,6,0,0,8,1,0,0
STU03741,Male,20,MC,Day Scholar,169378,60.5,5.23,59,0,89.5,0,4,0,0,5,0,0,0
STU03742,Feamle,19,ECE,Day Scholar,77201,85.1,7.93,89,1,100.0,0,6,0,0,1,0,0,0
STU03743,Male,19,CSE,Day Scholar,56797,79.0,5.36,19,2,87.0,0,5,0,1,4,1,0,0
STU03744,Male,23,ECE,Day Scholar,154135,78.9,7.96,62,0,80.0,0,2,1,0,12,0,1,0
STU03745,Male,18,MC,Hosteler,63147,85.0,9.56,20,0,79.0,0,4,1,0,1,0,1,0
STU03746,Male,23,MC,Day Scholar,89428,78.2,8.42,4,1,74.4,0,3,0,1,11,0,0,0
STU03747,Feamle,18,MC,Hosteler,103657,66.6,7.86,29,0,91.1,1,5,0,0,9,2,1,0
STU03748,Feamle,18,MC,Day Scholar,171676,84.4,7.4,62,0,100.0,0,8,0,1,2,0,1,0
STU03749,Male,23,CSE,Day Scholar,46484,75.3,6.42,58,0,58.3,0,4,0,1,13,1,0,0
STU03750,Feamle,19,ECE,Hosteler,193402,68.3,6.83,37,0,96.8,0,5,0,0,4,0,0,0
STU03751,Male,20,AIML,Day Scholar,148593,85.4,6.15,35,2,100.0,0,6,0,0,8,0,0,0
STU03752,Male,19,MC,Hosteler,79321,84.8,5.03,37,1,60.3,2,6,1,0,13,0,1,0
STU03753,Male,24,AIML,Hosteler,120758,78.2,7.05,22,1,98.7,0,6,0,0,13,1,0,0
STU03754,Male,19,AIML,Hosteler,35828,100.0,8.66,22,0,78.0,0,5,0,1,1,0,0,0
STU03755,Feamle,19,ECE,Hosteler,147139,94.9,5.07,57,0,51.4,1,8,1,0,8,0,1,0
STU03756,Male,23,AIML,Hosteler,24957,90.0,9.1,47,0,45.5,2,5,0,1,3,0,0,0
STU03757,Male,23,AIML,Hosteler,38671,100.0,8.83,5,0,94.3,0,5,0,0,0,2,0,0
STU03758,Feamle,24,CSE,Hosteler,142838,72.8,7.6,45,1,54.6,1,6,0,0,4,3,0,0
STU03759,Male,24,AIML,Day Scholar,124596,68.0,7.61,86,0,97.1,1,2,0,0,5,0,0,0
STU03760,Male,23,ECE,Hosteler,146054,87.9,6.72,14,2,82.0,1,4,1,0,2,1,0,0
STU03761,Male,19,AIML,Hosteler,94232,71.2,7.06,0,0,100.0,0,3,1,0,10,1,0,0
STU03762,Feamle,20,ECE,Day Scholar,95495,75.2,6.3,99,1,61.8,0,10,0,1,1,0,0,0
STU03763,Male,18,MC,Day Scholar,149798,60.2,7.05,91,0,59.7,0,4,1,0,10,3,1,0
STU03764,Feamle,22,AIML,Hosteler,35383,84.1,7.21,73,0,100.0,0,4,1,0,8,2,0,0
STU03765,Male,18,AIML,Hosteler,28892,52.9,9.82,32,0,74.3,0,5,0,1,3,0,0,0
STU03766,Male,24,AIML,Day Scholar,47780,73.6,7.85,23,0,98.1,2,5,1,0,7,0,0,0
STU03767,Feamle,24,MC,Hosteler,139801,74.8,6.69,69,0,100.0,1,3,0,1,1,1,1,0
STU03768,Male,18,CSE,Day Scholar,114257,68.5,6.85,13,0,100.0,1,4,1,0,8,1,0,0
STU03769,Male,22,AIML,Hosteler,170461,48.6,5.93,95,0,54.6,0,4,0,1,6,1,0,1
STU03770,Feamle,19,ECE,Day Scholar,139478,48.5,6.18,82,0,73.7,0,6,0,0,14,1,0,0
STU03771,Feamle,20,CSE,Day Scholar,65081,63.8,8.37,69,0,45.3,0,6,1,0,5,0,1,0
STU03772,Feamle,20,CSE,Day Scholar,116905,83.1,6.26,83,0,100.0,0,1,0,1,7,0,0,0
STU03773,Feamle,18,CSE,Hosteler,33095,79.3,6.07,88,1,77.2,1,4,0,0,7,0,0,0
STU03774,Feamle,22,AIML,Day Scholar,46634,74.8,6.11,83,0,32.5,0,1,1,0,14,0,0,0
STU03775,Male,24,MC,Hosteler,199311,61.7,5.91,37,0,100.0,0,1,0,0,5,2,1,0
STU03776,Feamle,21,MC,Day Scholar,154749,80.1,8.69,10,0,98.0,0,4,0,1,12,0,1,0
STU03777,Male,19,AIML,Day Scholar,194851,48.0,7.21,62,0,60.1,0,4,0,1,7,1,0,0
STU03778,Male,18,ECE,Day Scholar,67873,39.1,6.58,31,0,76.2,0,4,0,0,14,1,1,1
STU03779,Male,20,ECE,Day Scholar,111084,71.4,7.04,28,0,92.6,1,9,0,0,12,1,0,0
STU03780,Feamle,24,ECE,Hosteler,195824,66.8,7.33,29,0,100.0,1,4,0,0,7,0,1,0
STU03781,Feamle,23,AIML,Day Scholar,79798,90.2,5.88,28,0,67.7,1,5,0,1,9,2,1,0
STU03782,Male,23,MC,Day Scholar,57932,77.4,4.92,85,1,100.0,0,8,0,0,0,0,0,0
STU03783,Feamle,22,AIML,Hosteler,94569,99.8,9.01,10,1,75.3,0,10,0,0,10,0,1,0
STU03784,Feamle,22,MC,Hosteler,141548,66.8,8.48,48,0,88.2,0,6,0,1,2,0,0,0
STU03785,Feamle,18,CSE,Hosteler,142793,82.3,7.57,83,0,86.3,0,6,0,0,5,0,0,0
STU03786,Feamle,21,AIML,Day Scholar,85820,71.2,8.38,77,0,43.6,1,6,0,0,14,0,0,0
STU03787,Male,20,MC,Day Scholar,123874,95.7,9.87,90,0,65.7,0,6,0,0,3,0,0,0
STU03788,Male,18,CSE,Day Scholar,107651,71.9,6.2,63,0,55.7,0,6,0,0,7,0,1,0
STU03789,Feamle,21,CSE,Day Scholar,76763,87.8,5.32,37,1,63.8,1,4,1,0,8,0,0,0
STU03790,Male,24,AIML,Day Scholar,104355,58.8,7.99,59,0,86.2,0,6,0,1,2,0,0,0
STU03791,Feamle,22,MC,Hosteler,60291,68.8,4.8,67,1,64.4,1,4,0,0,8,0,1,0
STU03792,Feamle,23,CSE,Day Scholar,119333,73.7,7.06,6,0,86.6,1,5,1,0,14,0,0,0
STU03793,Male,19,AIML,Day Scholar,183369,94.0,6.55,93,2,57.8,0,0,0,0,0,0,0,0
STU03794,Male,24,CSE,Day Scholar,181663,42.0,8.01,73,1,73.4,0,4,0,0,0,0,0,0
STU03795,Male,23,ECE,Day Scholar,174040,70.0,6.28,6,0,100.0,1,7,1,1,14,1,0,0
STU03796,Feamle,20,AIML,Day Scholar,44475,69.5,8.8,4,0,63.7,1,5,1,0,4,1,0,0
STU03797,Male,20,CSE,Hosteler,73603,43.8,5.88,67,1,95.5,1,6,0,0,6,1,0,0
STU03798,Feamle,23,AIML,Hosteler,39350,68.0,8.06,46,0,50.7,0,4,0,0,6,1,0,0
STU03799,Male,24,AIML,Day Scholar,93291,51.9,6.0,35,0,96.7,0,5,1,0,6,1,1,0
STU03800,Male,23,MC,Day Scholar,118857,40.0,7.82,14,2,62.4,1,3,1,0,10,0,0,0
STU03801,Feamle,21,MC,Day Scholar,99739,71.1,5.48,38,0,65.7,1,6,0,0,14,0,0,0
STU03802,Feamle,18,CSE,Day Scholar,43519,70.6,6.96,37,0,100.0,0,5,0,0,4,0,0,0
STU03803,Feamle,22,AIML,Hosteler,86776,71.3,8.98,35,0,32.1,0,5,0,0,7,2,0,0
STU03804,Feamle,21,AIML,Day Scholar,89695,78.8,7.17,1,0,76.3,1,4,0,0,8,0,0,0
STU03805,Feamle,19,ECE,Day Scholar,104409,61.8,8.77,14,1,98.8,1,4,0,1,1,0,0,0
STU03806,Feamle,23,AIML,Day Scholar,161852,100.0,6.96,83,0,43.4,1,7,1,0,9,0,0,0
STU03807,Feamle,19,MC,Hosteler,159733,74.5,6.24,54,0,76.9,1,7,1,0,4,0,0,0
STU03808,Feamle,19,AIML,Day Scholar,48512,94.3,7.26,97,0,55.5,0,9,1,0,4,2,1,0
STU03809,Male,21,MC,Day Scholar,38403,49.8,7.93,76,0,66.1,1,2,0,0,11,0,1,0
STU03810,Feamle,22,ECE,Day Scholar,148812,62.5,4.14,59,0,82.0,0,6,1,0,2,0,0,0
STU03811,Feamle,24,CSE,Hosteler,62983,85.3,7.78,24,0,89.7,0,4,0,0,3,0,0,0
STU03812,Male,20,MC,Hosteler,62549,71.6,5.59,13,0,89.4,0,5,0,0,11,0,1,0
STU03813,Feamle,18,CSE,Day Scholar,115085,58.9,5.22,8,0,100.0,1,4,0,0,2,0,0,1
STU03814,Male,20,CSE,Hosteler,68719,47.4,7.81,48,1,75.2,1,5,0,0,11,0,0,0
STU03815,Male,22,CSE,Day Scholar,90849,86.0,9.01,34,1,67.7,0,4,0,1,11,0,0,0
STU03816,Feamle,20,CSE,Day Scholar,133351,84.8,7.32,85,0,88.1,1,7,0,0,8,0,0,0
STU03817,Male,23,MC,Day Scholar,127915,78.6,4.97,4,1,100.0,1,0,0,0,9,0,1,0
STU03818,Feamle,23,ECE,Hosteler,45456,67.6,5.99,100,1,65.9,1,7,0,0,13,0,0,0
STU03819,Male,21,AIML,Hosteler,28461,58.3,6.37,77,0,85.5,0,1,0,0,13,0,0,0
STU03820,Male,19,MC,Day Scholar,179017,74.2,7.29,16,0,88.9,1,7,0,0,12,1,0,0
STU03821,Male,22,ECE,Day Scholar,197762,55.3,6.89,68,0,80.6,0,2,1,0,10,0,0,0
STU03822,Feamle,22,AIML,Hosteler,90363,63.7,7.74,76,0,87.2,1,1,1,0,10,1,0,0
STU03823,Feamle,20,CSE,Hosteler,108907,93.9,8.5,53,0,93.9,1,3,0,1,5,0,0,0
STU03824,Male,21,AIML,Day Scholar,98439,47.2,7.52,46,1,84.9,1,3,0,0,9,1,0,0
STU03825,Male,20,AIML,Hosteler,170959,85.2,8.35,94,0,79.6,0,0,0,0,13,1,0,0
STU03826,Feamle,20,ECE,Day Scholar,181175,97.4,6.6,48,0,77.5,0,6,1,0,12,0,0,0
STU03827,Feamle,22,AIML,Day Scholar,99936,87.2,10.0,73,0,100.0,0,4,1,1,11,0,0,0
STU03828,Male,20,CSE,Day Scholar,142512,81.0,7.83,61,0,87.3,0,5,1,0,12,0,0,0
STU03829,Male,19,MC,Day Scholar,185915,68.0,8.03,22,2,100.0,0,4,1,0,5,0,0,0
STU03830,Feamle,20,MC,Day Scholar,99726,65.3,9.64,92,0,82.3,1,6,0,0,4,2,0,0
STU03831,Feamle,19,ECE,Hosteler,104204,41.3,7.13,15,1,92.9,1,1,0,0,0,0,1,0
STU03832,Feamle,22,CSE,Day Scholar,51869,75.6,6.03,80,0,91.0,0,9,0,0,12,3,0,0
STU03833,Feamle,21,CSE,Day Scholar,143263,69.0,8.96,6,2,68.4,0,3,1,0,0,1,0,0
STU03834,Feamle,23,AIML,Day Scholar,198924,64.5,9.05,42,1,31.4,0,4,0,1,7,0,0,0
STU03835,Male,19,ECE,Day Scholar,65301,74.7,7.23,77,1,47.2,0,3,0,0,0,1,0,0
STU03836,Feamle,21,CSE,Day Scholar,198563,75.9,9.64,43,1,96.8,1,3,0,0,12,0,0,0
STU03837,Male,21,CSE,Hosteler,133568,65.5,6.88,8,1,91.1,0,5,0,0,12,1,0,0
STU03838,Feamle,19,CSE,Day Scholar,134550,99.2,8.4,70,1,80.1,1,6,0,0,14,0,1,0
STU03839,Male,22,MC,Hosteler,67369,86.0,9.27,77,2,84.9,1,7,0,1,9,0,0,0
STU03840,Feamle,18,MC,Hosteler,137496,88.4,7.15,79,0,66.7,2,1,0,0,12,0,0,0
STU03841,Feamle,21,MC,Hosteler,67331,73.5,7.69,59,0,65.5,0,3,0,0,10,1,0,0
STU03842,Male,21,AIML,Hosteler,48911,82.7,8.54,9,1,74.3,2,5,1,0,13,0,0,0
STU03843,Male,22,AIML,Hosteler,143976,61.6,6.45,4,0,96.1,2,7,0,0,1,1,1,0
STU03844,Feamle,22,AIML,Hosteler,26521,85.0,5.78,50,0,100.0,0,6,0,0,9,1,0,0
STU03845,Feamle,20,CSE,Day Scholar,59123,71.9,9.0,6,0,86.6,0,3,1,0,8,0,0,0
STU03846,Feamle,22,MC,Hosteler,51514,59.7,7.46,21,0,82.0,0,4,0,0,2,0,1,1
STU03847,Feamle,21,CSE,Day Scholar,57539,74.7,6.24,23,1,78.9,0,6,1,0,3,0,0,0
STU03848,Feamle,19,CSE,Hosteler,55464,70.6,7.14,41,1,72.2,1,7,0,0,9,1,0,0
STU03849,Male,18,ECE,Day Scholar,65226,100.0,7.76,21,1,40.4,0,8,0,0,1,1,0,0
STU03850,Male,24,CSE,Day Scholar,197303,81.5,4.65,34,0,97.4,0,9,0,0,10,0,0,0
STU03851,Feamle,20,AIML,Day Scholar,91332,98.7,8.07,54,0,93.9,1,5,0,0,5,0,0,0
STU03852,Male,24,MC,Day Scholar,53576,92.0,7.61,2,1,85.9,1,4,1,0,7,0,1,0
STU03853,Male,19,MC,Day Scholar,23293,75.6,9.48,70,0,92.4,1,3,0,0,8,0,0,0
STU03854,Male,18,CSE,Day Scholar,127801,68.3,6.67,18,0,100.0,0,3,0,1,6,0,0,0
STU03855,Feamle,18,AIML,Hosteler,154531,48.9,9.07,41,1,69.8,2,2,1,0,10,0,0,0
STU03856,Male,18,AIML,Day Scholar,38803,61.9,6.93,45,3,86.2,0,2,1,0,11,0,0,0
STU03857,Feamle,23,AIML,Hosteler,89760,84.9,7.21,71,0,55.2,0,9,1,1,8,2,0,0
STU03858,Male,19,MC,Hosteler,27571,70.5,7.42,86,1,100.0,1,3,0,0,2,0,1,0
STU03859,Feamle,20,AIML,Hosteler,45772,80.6,10.0,19,1,81.6,0,2,0,0,14,0,0,0
STU03860,Male,20,AIML,Day Scholar,73719,44.5,5.14,32,0,39.7,1,6,0,1,12,1,0,1
STU03861,Feamle,18,CSE,Day Scholar,34171,81.8,7.74,5,3,72.6,1,2,0,1,1,0,0,0
STU03862,Feamle,19,ECE,Day Scholar,133627,91.4,7.06,14,0,100.0,0,9,1,0,14,3,1,0
STU03863,Male,23,AIML,Day Scholar,138212,48.4,6.96,68,0,94.5,0,6,1,1,3,2,0,0
STU03864,Feamle,18,CSE,Hosteler,125055,80.6,7.87,77,1,100.0,0,4,1,0,7,0,0,0
STU03865,Feamle,22,CSE,Day Scholar,95253,95.2,8.66,72,1,77.8,0,7,1,0,14,0,1,0
STU03866,Feamle,24,AIML,Day Scholar,91773,100.0,7.8,89,0,96.6,1,5,0,0,12,0,0,0
STU03867,Feamle,20,ECE,Day Scholar,160308,67.4,8.85,95,0,87.5,1,12,1,0,10,0,0,0
STU03868,Feamle,24,MC,Day Scholar,194185,86.7,6.62,30,0,87.0,0,8,0,1,0,2,0,0
STU03869,Feamle,21,ECE,Day Scholar,66927,96.4,6.93,5,0,60.5,0,7,1,0,6,1,1,0
STU03870,Feamle,18,AIML,Day Scholar,189159,81.0,5.5,0,1,18.7,1,5,1,0,3,3,0,0
STU03871,Feamle,22,ECE,Hosteler,169323,94.3,9.97,18,0,78.9,1,10,1,0,0,0,0,0
STU03872,Male,20,CSE,Hosteler,119679,74.5,6.72,14,0,38.1,0,5,1,0,8,0,0,0
STU03873,Male,24,CSE,Hosteler,150328,80.9,6.55,33,1,92.0,1,2,1,0,1,0,0,0
STU03874,Feamle,23,ECE,Hosteler,126434,65.7,7.91,63,1,71.6,0,4,0,0,6,1,1,0
STU03875,Feamle,19,MC,Day Scholar,107321,72.5,8.66,82,1,63.3,0,7,0,0,4,0,0,0
STU03876,Male,20,ECE,Day Scholar,125296,81.5,5.96,48,0,62.7,1,5,1,1,2,2,1,0
STU03877,Male,24,AIML,Day Scholar,33850,64.6,8.78,74,0,81.6,0,7,0,0,11,1,0,0
STU03878,Male,19,MC,Day Scholar,105236,71.6,6.55,81,2,99.2,0,2,1,0,7,0,0,0
STU03879,Feamle,24,ECE,Day Scholar,197075,86.4,9.15,87,1,74.1,0,5,0,0,5,0,0,0
STU03880,Male,19,ECE,Hosteler,103518,100.0,6.19,45,0,64.9,0,5,0,0,0,0,0,0
STU03881,Feamle,23,MC,Hosteler,24949,44.3,8.1,50,1,65.1,0,6,0,0,2,0,0,0
STU03882,Feamle,23,ECE,Day Scholar,50581,100.0,7.06,72,0,100.0,1,5,0,0,9,0,0,0
STU03883,Male,18,AIML,Day Scholar,92108,71.1,5.31,10,1,79.1,0,3,0,0,0,0,0,0
STU03884,Feamle,18,CSE,Day Scholar,177625,89.5,4.88,3,1,25.3,0,6,0,0,6,0,0,0
STU03885,Feamle,20,AIML,Hosteler,180805,92.4,5.89,81,0,72.2,0,5,0,0,9,0,1,0
STU03886,Feamle,23,ECE,Day Scholar,69790,98.5,8.49,86,0,51.3,1,5,0,0,10,0,0,0
STU03887,Feamle,22,CSE,Hosteler,151717,64.1,4.09,40,1,67.7,1,5,0,0,8,1,0,0
STU03888,Male,24,MC,Day Scholar,43052,71.6,7.5,100,0,56.5,1,3,0,0,1,0,0,0
STU03889,Male,24,AIML,Day Scholar,97997,74.2,7.37,63,0,100.0,1,6,0,0,9,1,0,0
STU03890,Feamle,24,MC,Hosteler,177646,69.6,4.48,0,0,86.4,0,4,0,0,3,2,0,0
STU03891,Feamle,20,CSE,Hosteler,102009,94.8,5.8,88,0,100.0,1,5,0,0,0,0,1,0
STU03892,Male,24,ECE,Hosteler,198543,73.8,5.8,8,2,100.0,1,3,1,0,3,0,1,0
STU03893,Feamle,21,CSE,Hosteler,198976,50.7,7.08,38,0,85.8,0,6,0,1,14,0,0,0
STU03894,Male,19,CSE,Day Scholar,100957,65.5,9.2,64,2,100.0,1,4,1,0,12,1,1,0
STU03895,Feamle,24,MC,Hosteler,79710,51.3,8.61,16,0,49.4,0,4,0,0,5,0,0,0
STU03896,Feamle,19,AIML,Day Scholar,118854,71.6,6.46,66,0,100.0,0,3,0,0,4,0,0,0
STU03897,Male,18,CSE,Hosteler,142939,85.1,5.76,86,0,83.9,1,5,0,0,4,0,1,0
STU03898,Male,24,ECE,Day Scholar,25224,65.2,4.66,0,1,97.4,0,6,0,0,6,0,0,0
STU03899,Male,22,CSE,Day Scholar,197390,69.0,6.43,23,2,77.1,1,6,1,0,1,1,1,0
STU03900,Male,23,MC,Day Scholar,58349,70.9,5.65,76,0,93.1,0,6,0,1,2,0,0,0
STU03901,Feamle,23,AIML,Day Scholar,81566,77.1,6.95,19,0,88.5,0,3,0,0,9,0,1,0
STU03902,Male,18,ECE,Hosteler,29435,82.7,7.0,63,1,78.1,2,4,1,1,3,0,0,0
STU03903,Feamle,21,MC,Day Scholar,89015,87.1,6.29,19,0,82.9,0,6,0,0,8,0,0,0
STU03904,Male,20,CSE,Hosteler,78984,100.0,6.32,75,0,100.0,0,5,1,0,9,0,0,0
STU03905,Male,20,CSE,Hosteler,124395,76.9,5.96,80,0,65.4,0,10,0,0,5,0,0,0
STU03906,Feamle,22,AIML,Hosteler,55401,86.0,6.23,84,0,100.0,0,7,1,0,0,0,0,0
STU03907,Male,18,MC,Day Scholar,151961,51.2,9.15,39,0,65.0,1,4,0,0,11,1,0,0
STU03908,Male,18,MC,Day Scholar,159837,69.3,7.78,87,0,93.3,0,5,1,0,11,0,0,0
STU03909,Male,21,AIML,Day Scholar,76398,70.9,7.8,29,2,78.9,0,6,0,0,2,0,0,0
STU03910,Male,24,ECE,Day Scholar,165269,59.7,8.52,22,2,92.6,0,6,0,0,10,1,1,1
STU03911,Feamle,20,MC,Hosteler,56928,67.0,8.39,22,0,86.1,0,3,1,0,10,0,0,0
STU03912,Feamle,24,AIML,Day Scholar,187891,73.4,9.14,55,0,90.4,0,2,0,0,2,1,1,0
STU03913,Male,18,MC,Day Scholar,71382,67.4,7.88,46,0,92.7,0,7,0,0,4,2,0,0
STU03914,Male,24,AIML,Day Scholar,74337,100.0,7.31,16,2,83.9,0,5,1,0,8,0,1,0
STU03915,Male,23,CSE,Day Scholar,134531,82.7,6.11,1,0,100.0,0,7,1,1,2,0,0,0
STU03916,Feamle,22,CSE,Hosteler,99068,100.0,5.76,87,0,90.5,1,5,1,0,7,0,0,0
STU03917,Feamle,20,MC,Hosteler,22283,97.4,8.32,32,0,100.0,0,7,0,0,11,0,0,0
STU03918,Feamle,21,MC,Day Scholar,188824,65.4,6.83,14,0,75.6,0,6,0,0,10,0,0,0
STU03919,Feamle,22,CSE,Hosteler,84446,75.6,4.96,31,1,65.3,3,6,1,0,2,0,0,0
STU03920,Male,19,ECE,Hosteler,117259,68.5,3.86,33,0,89.2,0,3,1,1,2,1,0,0
STU03921,Male,23,AIML,Day Scholar,59605,72.6,10.0,59,2,51.4,0,3,0,0,4,2,0,0
STU03922,Male,21,ECE,Day Scholar,66500,60.4,5.52,85,2,100.0,2,5,0,0,14,0,0,0
STU03923,Feamle,22,ECE,Day Scholar,159787,68.4,5.97,30,0,73.0,2,6,0,0,14,0,0,0
STU03924,Male,18,ECE,Day Scholar,121881,80.4,8.84,14,0,98.4,0,4,0,0,12,0,0,0
STU03925,Feamle,19,CSE,Day Scholar,100275,80.0,5.19,19,2,87.3,3,4,0,0,5,0,0,0
STU03926,Feamle,21,MC,Hosteler,173942,78.8,7.8,86,0,79.2,1,5,0,1,13,1,0,0
STU03927,Male,18,ECE,Day Scholar,183413,74.1,9.73,30,1,86.5,0,7,0,0,4,0,0,0
STU03928,Male,23,CSE,Day Scholar,180543,87.9,10.0,1,1,51.4,0,4,0,0,14,0,1,0
STU03929,Male,19,AIML,Hosteler,162662,71.1,6.33,12,0,71.8,0,3,0,0,10,2,0,0
STU03930,Feamle,20,MC,Hosteler,38645,95.9,6.98,95,0,96.1,1,3,0,1,9,0,0,0
STU03931,Feamle,18,AIML,Day Scholar,152095,47.3,6.41,15,4,53.4,0,5,1,0,0,0,0,0
STU03932,Male,22,ECE,Day Scholar,44897,84.9,6.97,14,1,91.8,1,7,0,0,0,1,0,0
STU03933,Male,24,MC,Hosteler,35437,82.3,8.95,24,1,97.3,0,5,0,0,12,0,0,0
STU03934,Feamle,21,ECE,Day Scholar,63791,64.9,4.9,75,0,67.1,1,5,1,0,10,1,0,0
STU03935,Male,19,MC,Day Scholar,182647,69.7,7.97,27,0,100.0,1,4,1,0,8,2,0,0
STU03936,Feamle,18,ECE,Day Scholar,68198,82.0,6.71,11,0,96.2,0,4,1,1,14,0,0,0
STU03937,Feamle,20,AIML,Day Scholar,125539,88.7,9.05,84,1,100.0,0,8,1,0,8,1,0,0
STU03938,Male,24,AIML,Day Scholar,81619,48.8,8.97,75,1,87.4,0,5,1,1,2,0,0,0
STU03939,Male,21,ECE,Day Scholar,161691,84.4,6.39,53,1,71.8,0,8,0,0,5,0,0,0
STU03940,Male,21,MC,Day Scholar,40141,68.1,6.83,57,0,100.0,1,4,1,0,10,0,0,0
STU03941,Male,18,AIML,Hosteler,148680,91.9,8.34,15,0,80.2,1,7,0,0,3,1,0,0
STU03942,Feamle,20,MC,Hosteler,86820,47.4,8.47,61,2,98.8,0,3,1,0,3,0,0,0
STU03943,Feamle,23,MC,Hosteler,48094,100.0,3.29,73,0,71.0,0,6,0,1,14,0,0,0
STU03944,Feamle,24,AIML,Day Scholar,165538,61.7,8.33,9,0,69.1,0,9,1,0,7,0,0,0
STU03945,Male,23,CSE,Day Scholar,189193,96.4,9.47,65,0,65.2,1,9,1,0,0,0,1,0
STU03946,Feamle,19,CSE,Day Scholar,62137,74.0,7.38,90,0,100.0,0,2,1,0,8,0,0,0
STU03947,Male,18,MC,Hosteler,126825,62.7,8.43,51,0,93.1,0,3,0,0,3,0,1,0
STU03948,Male,24,AIML,Hosteler,128385,79.0,8.92,29,0,50.4,1,9,0,0,3,0,0,0
STU03949,Male,19,CSE,Day Scholar,36365,90.4,7.33,96,0,73.8,0,2,0,0,14,0,0,0
STU03950,Male,23,ECE,Day Scholar,107930,51.7,8.22,15,1,84.5,0,3,0,0,2,0,0,0
STU03951,Male,24,MC,Day Scholar,35971,85.5,7.02,9,0,100.0,0,8,0,0,12,0,0,0
STU03952,Male,21,CSE,Day Scholar,149076,74.8,6.92,14,0,74.3,1,6,0,0,0,0,0,0
STU03953,Feamle,19,AIML,Day Scholar,128363,83.7,6.01,25,0,100.0,0,4,0,0,9,1,0,0
STU03954,Male,20,AIML,Hosteler,194547,75.2,7.26,60,0,100.0,1,7,0,0,14,1,0,0
STU03955,Feamle,22,MC,Day Scholar,51359,66.4,9.83,14,0,55.2,1,3,0,0,10,0,0,0
STU03956,Feamle,23,AIML,Day Scholar,53180,58.3,5.65,5,1,81.3,0,7,0,1,5,1,0,0
STU03957,Male,23,ECE,Day Scholar,181284,85.1,7.93,80,0,67.1,0,0,0,0,8,0,1,0
STU03958,Male,20,ECE,Hosteler,71567,85.0,7.48,0,0,100.0,0,5,0,0,9,0,1,0
STU03959,Male,24,CSE,Day Scholar,182428,84.9,9.21,86,0,91.5,1,4,1,1,8,0,0,0
STU03960,Feamle,24,AIML,Day Scholar,173027,81.4,9.49,97,1,71.3,1,7,1,0,1,0,0,0
STU03961,Male,24,ECE,Hosteler,46140,89.2,5.61,34,0,60.5,1,7,0,0,11,2,0,0
STU03962,Feamle,19,MC,Day Scholar,59325,96.1,6.14,88,0,67.5,0,5,0,0,6,0,0,0
STU03963,Male,18,AIML,Day Scholar,96003,46.9,6.22,0,0,61.1,1,1,0,0,12,1,0,0
STU03964,Male,21,CSE,Hosteler,100662,39.9,6.27,88,1,68.9,0,3,1,1,11,0,0,0
STU03965,Feamle,22,MC,Day Scholar,88418,100.0,6.4,37,0,67.6,2,5,1,1,10,1,0,0
STU03966,Feamle,18,MC,Day Scholar,195775,54.9,7.52,79,0,90.8,0,4,0,0,11,0,1,1
STU03967,Male,18,MC,Day Scholar,163877,58.7,5.72,40,0,64.2,0,6,0,1,11,1,0,1
STU03968,Feamle,20,ECE,Day Scholar,24400,70.7,5.93,11,1,90.1,0,2,1,0,2,1,0,0
STU03969,Feamle,19,MC,Hosteler,61614,50.2,5.81,63,0,66.5,0,7,0,0,12,2,0,0
STU03970,Feamle,23,ECE,Hosteler,102100,69.3,7.74,9,0,56.5,0,7,1,1,14,1,0,0
STU03971,Feamle,23,MC,Hosteler,171581,60.8,6.9,26,0,75.0,1,6,0,0,9,0,0,0
STU03972,Feamle,20,ECE,Hosteler,86300,71.5,6.64,38,0,67.4,0,3,0,0,13,0,1,0
STU03973,Male,19,AIML,Day Scholar,171591,79.2,5.74,70,1,57.0,0,6,1,0,8,0,1,0
STU03974,Male,20,ECE,Day Scholar,96094,69.8,4.59,69,1,67.7,2,4,1,0,2,0,0,0
STU03975,Feamle,23,ECE,Hosteler,167247,69.1,9.45,44,1,100.0,2,6,0,1,13,0,0,0
STU03976,Male,18,AIML,Day Scholar,80642,78.9,6.57,10,1,71.8,2,4,1,0,1,0,0,0
STU03977,Male,21,MC,Day Scholar,147867,90.7,10.0,23,0,85.8,1,5,0,0,9,0,0,0
STU03978,Feamle,24,AIML,Hosteler,178019,99.0,8.16,56,0,66.4,0,6,0,0,1,0,0,0
STU03979,Male,19,MC,Day Scholar,165286,71.7,9.74,39,0,95.7,1,4,0,0,13,0,1,0
STU03980,Feamle,22,ECE,Day Scholar,148042,100.0,8.49,88,0,53.7,0,8,0,0,9,0,0,0
STU03981,Feamle,22,MC,Day Scholar,92335,88.2,7.24,36,0,100.0,0,4,1,0,10,0,1,0
STU03982,Male,18,ECE,Hosteler,161046,56.5,6.1,2,0,98.3,0,7,0,0,5,0,0,0
STU03983,Feamle,20,MC,Day Scholar,180428,56.1,5.53,67,1,77.6,0,3,0,0,5,0,0,0
STU03984,Feamle,20,ECE,Day Scholar,169912,66.3,8.68,67,0,100.0,0,4,0,1,13,1,1,0
STU03985,Feamle,23,ECE,Day Scholar,123985,96.7,7.4,0,1,96.0,0,4,0,1,10,0,1,0
STU03986,Feamle,18,CSE,Hosteler,70498,67.5,7.92,93,1,100.0,0,7,1,0,6,0,0,0
STU03987,Feamle,23,MC,Day Scholar,79571,46.6,8.22,78,0,95.5,1,5,0,0,0,0,0,0
STU03988,Male,23,MC,Hosteler,26997,71.6,7.53,44,0,58.1,1,8,0,0,11,0,0,0
STU03989,Male,22,CSE,Day Scholar,56900,45.3,6.29,30,0,67.2,0,6,0,1,13,0,0,0
STU03990,Feamle,23,ECE,Hosteler,22453,59.2,8.52,36,0,98.4,1,6,0,0,5,3,0,0
STU03991,Feamle,24,ECE,Hosteler,20538,66.2,6.7,68,2,50.2,0,2,0,1,11,0,0,0
STU03992,Male,23,CSE,Day Scholar,96151,77.2,7.14,42,0,78.7,0,5,0,0,2,1,1,0
STU03993,Feamle,22,CSE,Hosteler,50593,90.4,8.08,84,2,20.1,2,5,1,0,10,0,0,0
STU03994,Male,24,AIML,Day Scholar,153375,85.4,6.91,98,0,98.8,1,8,1,0,9,0,0,0
STU03995,Feamle,20,ECE,Hosteler,78384,57.3,4.27,3,0,77.8,0,4,0,0,5,0,1,1
STU03996,Feamle,19,AIML,Hosteler,70543,69.4,8.56,70,0,71.4,0,7,1,0,1,1,1,0
STU03997,Feamle,21,MC,Day Scholar,104092,76.1,8.88,28,0,78.4,0,4,0,0,10,0,1,0
STU03998,Feamle,23,AIML,Day Scholar,186099,71.1,4.25,99,0,65.8,0,4,1,0,12,0,0,0
STU03999,Feamle,24,CSE,Hosteler,182540,71.0,5.44,98,2,58.1,2,8,1,0,9,0,0,0
STU04000,Feamle,19,CSE,Day Scholar,94227,49.2,10.0,95,0,80.9,1,6,0,0,6,1,0,0
STU04001,Feamle,22,CSE,Hosteler,83175,57.7,7.35,10,0,71.7,1,5,0,1,2,1,0,0
STU04002,Male,19,CSE,Day Scholar,109268,69.0,7.01,32,0,60.2,0,4,1,0,8,2,0,0
STU04003,Male,21,AIML,Day Scholar,43940,28.6,6.36,52,0,100.0,1,3,0,1,6,0,0,0
STU04004,Male,19,AIML,Hosteler,56481,84.6,5.45,16,0,78.1,1,2,0,0,6,0,0,0
STU04005,Feamle,24,AIML,Day Scholar,89240,54.4,6.71,11,0,71.5,0,7,0,0,2,1,1,1
STU04006,Feamle,19,CSE,Hosteler,53978,85.3,8.46,0,0,79.2,0,7,0,1,11,0,0,0
STU04007,Feamle,19,CSE,Hosteler,165283,84.0,6.98,55,0,78.1,1,1,0,1,0,1,0,0
STU04008,Feamle,19,ECE,Day Scholar,68866,66.8,7.92,22,0,75.8,0,5,0,0,14,0,0,0
STU04009,Feamle,18,ECE,Day Scholar,56513,90.0,9.65,6,0,51.5,0,5,0,0,11,3,0,0
STU04010,Feamle,23,CSE,Day Scholar,95714,86.1,6.13,77,1,100.0,1,6,1,0,0,0,0,0
STU04011,Feamle,22,ECE,Day Scholar,166888,70.4,7.45,40,0,63.6,1,4,0,0,4,1,0,0
STU04012,Male,21,MC,Day Scholar,52441,68.7,8.51,52,0,100.0,2,3,0,1,3,1,0,0
STU04013,Feamle,22,MC,Day Scholar,166692,91.5,5.6,6,1,56.5,0,3,1,0,2,1,1,0
STU04014,Male,18,CSE,Hosteler,42844,78.5,7.27,77,1,98.4,0,9,1,0,5,0,1,0
STU04015,Male,18,AIML,Day Scholar,72200,90.7,9.81,97,2,100.0,1,3,0,0,5,0,0,0
STU04016,Feamle,24,MC,Day Scholar,139607,39.2,6.49,65,0,81.5,2,3,0,0,14,1,1,1
STU04017,Feamle,18,MC,Day Scholar,182661,76.5,8.6,83,0,44.4,1,7,0,0,0,0,0,0
STU04018,Male,23,AIML,Day Scholar,65986,51.3,6.79,80,1,82.2,0,5,0,0,12,0,0,0
STU04019,Male,18,ECE,Hosteler,91646,74.6,9.7,73,0,100.0,0,8,0,0,8,0,0,0
STU04020,Feamle,19,AIML,Day Scholar,114476,85.7,4.53,52,1,52.5,0,5,0,0,1,0,0,0
STU04021,Feamle,22,ECE,Hosteler,54585,100.0,7.1,4,0,72.3,1,9,0,0,13,0,0,0
STU04022,Male,20,ECE,Day Scholar,92149,60.9,4.78,96,2,61.4,0,5,0,0,4,1,0,0
STU04023,Feamle,21,AIML,Day Scholar,57087,67.1,5.95,100,0,90.7,0,6,1,0,8,0,1,0
STU04024,Feamle,18,ECE,Day Scholar,158303,73.6,5.94,35,2,100.0,0,11,0,0,2,2,0,0
STU04025,Feamle,22,MC,Day Scholar,162286,60.4,6.6,43,0,79.9,0,5,0,0,1,0,0,0
STU04026,Male,24,CSE,Day Scholar,88413,89.7,5.22,10,0,65.4,0,9,0,0,4,0,0,0
STU04027,Male,18,ECE,Day Scholar,117743,73.9,6.89,63,0,100.0,0,3,1,0,2,1,1,0
STU04028,Male,23,MC,Day Scholar,152219,76.8,7.69,20,0,84.6,1,4,1,1,10,0,0,0
STU04029,Feamle,18,AIML,Day Scholar,69389,84.3,4.7,3,1,79.4,1,13,1,0,8,0,0,0
STU04030,Feamle,18,ECE,Day Scholar,136810,73.9,6.05,88,0,75.9,1,11,0,0,7,1,0,0
STU04031,Male,18,MC,Hosteler,158681,62.7,10.0,34,0,57.8,1,2,1,1,6,0,0,0
STU04032,Male,24,ECE,Hosteler,139283,74.1,7.49,34,0,93.8,1,5,0,0,13,2,0,0
STU04033,Male,18,AIML,Day Scholar,29737,62.2,4.27,34,0,98.1,2,2,1,0,1,0,0,0
STU04034,Feamle,21,CSE,Day Scholar,56751,76.6,4.9,38,0,74.7,0,9,0,0,5,0,0,0
STU04035,Male,22,ECE,Day Scholar,130859,90.0,7.34,32,0,94.0,1,5,1,0,10,0,0,0
STU04036,Male,23,CSE,Hosteler,60902,57.4,7.15,76,0,37.7,0,4,0,0,5,0,0,0
STU04037,Feamle,18,ECE,Day Scholar,25606,52.0,6.12,67,0,74.7,1,8,0,0,9,3,0,0
STU04038,Feamle,18,ECE,Day Scholar,70775,75.7,10.0,43,0,67.6,0,3,0,1,10,0,0,0
STU04039,Feamle,18,AIML,Hosteler,146001,63.5,10.0,50,0,83.8,0,4,0,0,3,0,0,0
STU04040,Male,18,ECE,Day Scholar,195758,75.5,6.6,37,1,57.7,0,2,0,0,4,0,0,0
STU04041,Feamle,19,MC,Day Scholar,141914,79.8,8.31,41,1,46.1,0,6,0,1,3,2,0,0
STU04042,Feamle,19,MC,Day Scholar,199653,42.8,8.38,44,0,74.2,0,3,0,0,5,0,0,0
STU04043,Male,20,CSE,Hosteler,130397,85.3,8.58,29,0,78.4,1,6,0,0,0,1,0,0
STU04044,Feamle,18,CSE,Hosteler,152167,57.5,6.04,90,1,100.0,2,4,0,1,12,1,0,0
STU04045,Male,20,MC,Hosteler,85262,74.7,9.91,34,0,90.7,1,5,0,1,14,0,1,0
STU04046,Male,21,CSE,Hosteler,102915,65.1,6.9,27,1,94.2,0,3,1,1,0,0,0,0
STU04047,Feamle,20,CSE,Hosteler,42065,66.7,7.63,40,1,41.5,0,5,0,0,9,3,0,0
STU04048,Feamle,22,MC,Day Scholar,68844,100.0,7.0,44,0,100.0,0,5,0,1,9,0,1,0
STU04049,Feamle,19,MC,Hosteler,188501,79.8,6.79,47,1,99.5,1,4,0,0,4,0,0,0
STU04050,Feamle,19,MC,Day Scholar,104703,88.6,7.42,54,0,89.7,0,4,0,0,9,1,0,0
STU04051,Feamle,18,AIML,Day Scholar,143035,77.3,5.22,7,1,26.8,1,7,0,1,13,0,0,0
STU04052,Feamle,18,AIML,Hosteler,161159,84.3,4.04,25,0,82.1,1,5,0,1,2,0,0,0
STU04053,Male,21,MC,Day Scholar,25682,81.3,6.68,97,0,68.1,1,5,0,0,6,2,1,0
STU04054,Male,23,ECE,Day Scholar,144656,78.8,5.68,28,0,72.7,1,3,1,0,0,0,0,0
STU04055,Feamle,21,MC,Day Scholar,58729,91.6,7.82,54,1,64.6,0,7,0,0,11,1,0,0
STU04056,Male,22,AIML,Hosteler,106688,77.3,7.65,65,1,87.1,0,2,0,1,7,0,1,0
STU04057,Feamle,18,CSE,Day Scholar,140448,100.0,7.02,69,1,56.1,0,4,0,0,10,0,0,0
STU04058,Male,18,ECE,Hosteler,123508,89.4,9.22,47,0,82.1,0,5,0,0,13,3,1,0
STU04059,Male,21,ECE,Day Scholar,93088,57.9,6.99,79,0,100.0,1,4,0,0,2,0,0,0
STU04060,Male,21,CSE,Hosteler,145300,72.4,4.81,6,0,69.3,1,2,1,0,5,2,0,0
STU04061,Feamle,21,ECE,Day Scholar,77398,81.0,6.66,74,0,71.8,0,4,0,0,12,2,0,0
STU04062,Male,19,CSE,Hosteler,36468,75.7,8.76,79,0,54.8,0,6,0,1,2,0,0,0
STU04063,Feamle,20,AIML,Hosteler,92620,85.3,4.17,5,0,96.2,0,4,0,0,7,1,1,0
STU04064,Male,20,ECE,Day Scholar,63848,87.0,6.86,36,2,61.2,1,7,0,0,3,0,0,0
STU04065,Male,18,ECE,Day Scholar,170235,54.6,7.86,8,0,66.6,0,3,1,0,3,0,0,0
STU04066,Male,19,CSE,Day Scholar,91591,94.2,10.0,2,1,95.0,1,2,1,0,7,3,0,0
STU04067,Male,21,CSE,Hosteler,88205,67.5,8.81,52,0,88.6,0,2,0,0,1,1,0,0
STU04068,Male,18,AIML,Day Scholar,97564,66.1,7.2,92,1,46.7,0,5,1,0,11,0,0,0
STU04069,Feamle,19,CSE,Day Scholar,86544,66.0,7.78,7,0,90.8,1,5,0,0,9,0,0,0
STU04070,Feamle,22,CSE,Hosteler,71516,87.1,4.15,39,3,74.8,0,6,0,0,10,0,1,0
STU04071,Male,23,AIML,Day Scholar,35523,71.0,5.43,16,0,77.9,1,6,0,0,4,0,0,0
STU04072,Male,19,MC,Day Scholar,141456,65.0,7.98,69,1,100.0,1,5,1,0,13,0,1,0
STU04073,Male,24,MC,Hosteler,196379,68.6,7.24,46,0,97.1,1,2,1,0,9,0,0,0
STU04074,Male,18,CSE,Day Scholar,22199,48.1,7.43,10,0,100.0,0,7,0,0,8,2,0,0
STU04075,Feamle,20,AIML,Day Scholar,187279,62.4,7.05,9,1,60.8,2,2,1,0,0,1,0,0
STU04076,Male,24,MC,Day Scholar,90231,56.4,6.99,60,1,100.0,0,9,0,0,14,0,1,1
STU04077,Feamle,21,AIML,Hosteler,21006,71.0,7.15,1,1,64.2,0,3,0,0,11,0,0,0
STU04078,Male,23,CSE,Day Scholar,27114,85.0,5.42,28,0,65.6,1,6,0,0,11,0,0,0
STU04079,Feamle,22,CSE,Hosteler,129548,83.3,6.66,69,1,78.1,0,4,0,0,8,0,0,0
STU04080,Male,23,AIML,Day Scholar,103063,93.9,5.13,50,0,90.9,1,2,0,0,5,0,0,0
STU04081,Male,23,ECE,Hosteler,165099,90.5,6.07,72,0,100.0,0,3,0,0,4,1,0,0
STU04082,Feamle,19,CSE,Day Scholar,119528,67.1,8.79,65,0,79.0,1,5,1,0,13,1,0,0
STU04083,Male,18,CSE,Day Scholar,122799,75.3,6.73,67,2,100.0,1,3,0,0,0,0,0,0
STU04084,Male,18,CSE,Hosteler,97977,74.5,7.89,56,2,100.0,1,5,0,0,4,0,1,0
STU04085,Male,23,CSE,Day Scholar,181261,42.7,7.17,40,0,56.5,0,7,0,0,9,0,1,0
STU04086,Feamle,21,AIML,Day Scholar,20181,56.7,6.42,93,0,100.0,1,3,0,0,6,0,0,0
STU04087,Male,18,AIML,Hosteler,163884,72.5,5.49,63,0,82.5,0,1,1,1,14,0,0,0
STU04088,Male,23,AIML,Day Scholar,42716,72.4,6.4,3,0,100.0,1,8,1,0,0,1,0,0
STU04089,Feamle,18,AIML,Day Scholar,146995,82.7,7.27,0,0,58.6,2,9,0,0,7,1,0,0
STU04090,Feamle,21,ECE,Hosteler,60218,82.0,7.87,74,0,100.0,1,7,0,1,9,2,0,0
STU04091,Feamle,22,AIML,Day Scholar,46633,48.4,7.18,6,1,69.2,0,5,0,0,10,1,0,0
STU04092,Male,24,AIML,Day Scholar,30939,82.8,7.97,81,1,100.0,0,5,0,1,0,0,0,0
STU04093,Male,23,CSE,Hosteler,30072,77.7,4.72,7,0,79.1,0,2,0,0,1,0,1,0
STU04094,Male,20,ECE,Day Scholar,115534,84.4,8.3,93,0,77.4,0,9,0,0,9,0,0,0
STU04095,Feamle,20,CSE,Hosteler,177847,91.0,5.31,78,0,80.0,0,7,0,0,13,1,0,0
STU04096,Male,23,ECE,Day Scholar,104751,72.9,8.48,57,1,95.0,0,10,0,0,10,0,0,0
STU04097,Male,19,MC,Day Scholar,51619,93.7,7.75,9,0,80.0,0,3,0,0,9,1,1,0
STU04098,Feamle,22,ECE,Hosteler,149729,61.7,4.19,65,1,92.1,1,2,0,0,2,0,1,0
STU04099,Feamle,19,ECE,Day Scholar,127696,60.8,8.11,78,0,80.1,0,4,1,0,2,0,1,0
STU04100,Feamle,24,CSE,Day Scholar,180624,81.4,8.49,21,2,55.7,0,10,0,0,14,0,0,0
STU04101,Feamle,20,ECE,Hosteler,82017,69.5,8.89,51,1,86.5,0,9,0,0,1,0,0,0
STU04102,Feamle,21,ECE,Day Scholar,175957,78.9,5.85,97,0,88.3,0,5,1,0,10,1,0,0
STU04103,Male,23,CSE,Day Scholar,144412,100.0,7.27,48,0,51.7,0,5,0,0,4,0,0,0
STU04104,Feamle,24,MC,Day Scholar,66075,80.9,8.04,66,1,73.5,0,8,0,1,4,0,0,0
STU04105,Male,18,MC,Day Scholar,155722,78.2,8.1,3,0,94.2,0,1,1,0,10,0,0,0
STU04106,Male,20,MC,Hosteler,168705,62.0,7.61,88,3,82.7,0,4,0,0,1,0,0,0
STU04107,Feamle,22,ECE,Hosteler,121287,49.5,6.36,56,0,88.3,0,3,0,0,5,0,0,0
STU04108,Feamle,20,CSE,Day Scholar,57343,73.9,8.48,68,0,71.8,0,8,0,0,7,0,0,0
STU04109,Feamle,22,MC,Day Scholar,174903,91.0,8.49,75,0,66.7,1,7,0,0,10,0,0,0
STU04110,Male,22,MC,Day Scholar,187949,70.2,6.77,52,0,86.6,1,9,0,0,8,0,0,0
STU04111,Feamle,23,MC,Hosteler,198203,81.0,5.82,54,1,19.3,0,5,0,0,8,0,1,0
STU04112,Feamle,22,MC,Day Scholar,65197,96.4,5.91,23,0,89.9,1,7,0,0,13,0,0,0
STU04113,Feamle,19,CSE,Day Scholar,21782,96.0,9.05,82,0,100.0,0,3,0,0,14,0,0,0
STU04114,Feamle,24,MC,Hosteler,193239,81.4,8.43,95,0,94.3,1,3,0,0,14,0,0,0
STU04115,Feamle,21,ECE,Hosteler,24412,77.6,6.97,11,0,80.2,1,4,1,0,4,1,0,0
STU04116,Male,20,ECE,Day Scholar,79687,52.2,6.7,100,0,100.0,0,6,0,0,11,1,0,1
STU04117,Male,21,CSE,Hosteler,133043,65.5,4.35,54,1,100.0,0,4,1,0,0,0,0,0
STU04118,Male,24,AIML,Hosteler,67855,70.8,6.87,46,1,50.1,1,1,0,0,0,0,0,0
STU04119,Feamle,18,MC,Day Scholar,116169,62.2,5.21,26,0,72.2,0,5,1,0,14,0,0,0
STU04120,Feamle,24,MC,Day Scholar,78190,78.7,7.24,17,1,82.0,1,6,0,1,2,0,0,0
STU04121,Feamle,20,ECE,Day Scholar,161688,100.0,8.78,88,1,83.5,1,5,1,0,4,0,0,0
STU04122,Male,21,CSE,Day Scholar,57448,97.8,5.53,50,1,90.8,0,7,1,0,8,0,0,0
STU04123,Feamle,21,AIML,Day Scholar,143678,78.7,7.36,86,0,90.3,0,7,0,0,7,0,0,0
STU04124,Feamle,23,ECE,Day Scholar,184310,86.7,8.5,59,0,83.3,0,5,0,0,0,2,0,0
STU04125,Feamle,23,AIML,Hosteler,32101,64.1,7.33,56,0,92.8,0,9,0,0,0,1,0,0
STU04126,Male,24,CSE,Hosteler,123131,97.0,6.21,66,0,76.5,0,2,1,0,1,0,0,0
STU04127,Feamle,24,CSE,Hosteler,123371,51.6,7.02,1,0,100.0,1,7,1,1,5,0,0,0
STU04128,Male,18,CSE,Hosteler,95822,88.7,8.44,10,1,100.0,0,10,0,0,3,0,0,0
STU04129,Feamle,22,ECE,Hosteler,150965,82.4,7.39,100,0,100.0,0,1,0,0,6,0,1,0
STU04130,Male,20,CSE,Hosteler,70465,63.7,6.99,93,0,94.6,0,5,0,0,9,0,1,0
STU04131,Male,23,ECE,Hosteler,31070,71.9,8.73,12,0,87.2,0,5,1,0,2,0,0,0
STU04132,Male,20,ECE,Hosteler,179163,58.0,7.77,39,1,79.2,0,1,0,0,6,2,1,1
STU04133,Feamle,18,MC,Day Scholar,143927,58.6,5.2,5,0,93.5,0,7,1,0,10,0,0,0
STU04134,Feamle,23,ECE,Hosteler,78431,51.1,7.95,11,0,85.2,1,3,1,1,12,0,0,0
STU04135,Male,23,ECE,Day Scholar,191774,86.5,8.42,42,0,100.0,1,4,1,0,9,0,1,0
STU04136,Male,22,MC,Hosteler,66739,93.1,5.14,71,0,71.3,0,9,0,0,4,2,0,0
STU04137,Feamle,20,AIML,Day Scholar,66707,42.6,3.6,72,0,100.0,0,5,0,1,8,0,0,1
STU04138,Feamle,20,MC,Day Scholar,41742,100.0,5.44,3,0,87.9,0,5,1,0,12,3,0,0
STU04139,Male,20,MC,Day Scholar,53050,74.8,6.85,36,1,91.7,0,1,0,0,3,0,0,0
STU04140,Feamle,22,CSE,Day Scholar,60377,79.3,8.51,35,0,75.1,1,3,1,0,0,1,0,0
STU04141,Feamle,23,CSE,Day Scholar,22733,52.9,5.66,31,0,79.0,1,9,0,1,6,2,0,0
STU04142,Feamle,18,MC,Hosteler,104277,94.8,7.83,56,0,96.1,1,1,1,0,14,0,1,0
STU04143,Feamle,20,CSE,Day Scholar,162199,78.0,2.66,11,0,100.0,1,6,0,1,2,1,0,0
STU04144,Male,21,MC,Day Scholar,163082,92.1,7.27,17,0,42.4,0,5,0,0,5,0,0,0
STU04145,Feamle,22,CSE,Day Scholar,187078,93.3,6.39,60,0,79.6,0,4,0,1,2,1,0,0
STU04146,Feamle,19,ECE,Hosteler,179725,95.0,10.0,30,1,51.4,0,8,0,0,0,0,1,0
STU04147,Male,18,CSE,Day Scholar,44373,65.3,4.16,39,0,74.6,0,6,0,0,7,2,1,0
STU04148,Male,21,CSE,Day Scholar,158282,71.9,6.98,45,0,95.9,1,9,1,0,5,2,0,0
STU04149,Feamle,20,ECE,Day Scholar,86323,65.8,4.15,38,0,94.7,2,2,0,0,0,0,0,0
STU04150,Feamle,19,MC,Day Scholar,134003,88.4,6.18,62,1,100.0,2,8,0,1,14,0,0,0
STU04151,Feamle,18,CSE,Hosteler,175690,80.0,4.45,92,0,84.5,0,3,1,0,9,0,0,0
STU04152,Feamle,22,CSE,Hosteler,35060,91.0,10.0,54,1,46.1,0,3,0,0,2,0,1,0
STU04153,Male,19,ECE,Day Scholar,65256,91.7,6.47,39,1,83.6,0,3,0,0,0,0,1,0
STU04154,Male,23,ECE,Hosteler,173240,49.1,6.68,28,1,100.0,0,1,1,0,2,0,0,0
STU04155,Male,24,ECE,Hosteler,73473,95.3,6.94,90,1,100.0,0,7,0,0,3,1,0,0
STU04156,Feamle,19,AIML,Hosteler,179553,89.3,5.3,10,1,94.5,0,5,0,0,0,0,0,0
STU04157,Feamle,24,ECE,Hosteler,106648,69.5,8.58,96,1,74.6,1,4,0,0,4,2,0,0
STU04158,Feamle,21,MC,Day Scholar,91176,80.2,7.96,38,1,100.0,0,2,0,0,4,1,0,0
STU04159,Feamle,18,CSE,Hosteler,23410,73.1,8.38,81,0,82.7,0,6,0,0,3,1,0,0
STU04160,Male,21,CSE,Day Scholar,185198,84.2,5.17,43,1,53.1,0,5,0,0,2,1,0,0
STU04161,Male,21,AIML,Day Scholar,111316,69.4,8.7,19,2,69.1,0,3,0,1,7,0,1,0
STU04162,Feamle,20,CSE,Day Scholar,130100,82.2,8.53,91,0,88.0,0,9,0,0,1,0,0,0
STU04163,Male,22,CSE,Hosteler,96721,76.0,6.65,85,0,58.1,1,8,0,0,10,0,0,0
STU04164,Feamle,19,MC,Day Scholar,101167,68.5,8.34,95,0,68.9,1,3,0,0,8,0,0,0
STU04165,Feamle,18,CSE,Day Scholar,194273,77.9,7.41,84,1,61.7,1,4,1,1,5,1,0,0
STU04166,Male,23,MC,Day Scholar,167993,100.0,4.61,100,0,87.4,0,2,1,1,3,0,0,0
STU04167,Feamle,22,AIML,Day Scholar,114123,64.7,6.73,26,1,66.8,0,3,0,0,10,0,0,0
STU04168,Feamle,22,MC,Day Scholar,73020,71.3,6.28,37,1,92.7,0,6,0,0,1,2,0,0
STU04169,Male,18,ECE,Day Scholar,57344,65.0,7.13,89,0,80.7,0,4,0,0,9,3,0,0
STU04170,Feamle,22,ECE,Hosteler,150145,66.6,8.53,86,0,38.1,1,8,0,0,13,0,1,0
STU04171,Feamle,20,AIML,Hosteler,171981,87.2,4.54,97,0,79.0,0,5,1,0,11,0,0,0
STU04172,Male,22,CSE,Day Scholar,171039,85.7,6.33,75,1,61.1,2,7,0,0,8,0,0,0
STU04173,Feamle,20,MC,Hosteler,158970,74.9,5.77,10,1,91.2,0,5,0,0,3,0,0,0
STU04174,Male,19,ECE,Hosteler,192976,90.4,5.83,35,1,70.9,1,4,1,1,0,0,0,0
STU04175,Feamle,19,MC,Day Scholar,149934,86.9,5.77,31,1,99.1,0,4,1,1,3,0,0,0
STU04176,Male,21,ECE,Hosteler,99752,72.6,7.1,100,0,100.0,0,9,0,0,11,2,0,0
STU04177,Male,20,MC,Day Scholar,151020,52.0,7.78,61,1,65.8,0,3,0,0,11,2,0,0
STU04178,Male,23,CSE,Day Scholar,177471,87.4,7.52,15,1,99.4,0,6,1,0,10,0,1,0
STU04179,Feamle,19,AIML,Hosteler,48474,77.5,7.28,41,1,63.0,0,6,1,0,4,0,1,0
STU04180,Male,22,CSE,Hosteler,146367,75.3,7.93,30,0,78.1,1,6,1,0,5,0,0,0
STU04181,Male,18,MC,Hosteler,73459,68.0,10.0,69,2,76.0,0,4,0,0,12,2,1,0
STU04182,Male,18,ECE,Hosteler,132298,86.2,7.2,12,1,69.9,0,6,1,0,1,0,0,0
STU04183,Male,24,ECE,Hosteler,39309,80.2,8.53,35,1,87.3,0,4,0,0,2,0,0,0
STU04184,Male,20,AIML,Hosteler,193027,71.4,8.45,74,0,100.0,0,3,0,0,8,0,0,0
STU04185,Feamle,23,CSE,Day Scholar,125018,56.6,9.67,10,2,89.3,0,7,0,0,14,1,0,0
STU04186,Feamle,21,CSE,Hosteler,109117,91.0,7.84,47,1,78.5,0,5,0,1,7,0,1,0
STU04187,Feamle,22,CSE,Day Scholar,183082,84.1,5.73,19,0,53.0,0,5,0,1,6,1,0,0
STU04188,Feamle,20,ECE,Day Scholar,165359,78.8,7.46,28,2,29.8,1,6,0,0,2,0,0,0
STU04189,Feamle,24,AIML,Day Scholar,42390,35.1,7.38,18,1,73.7,0,5,0,1,14,0,0,0
STU04190,Feamle,18,ECE,Day Scholar,28541,74.4,8.22,93,0,47.2,0,8,1,0,11,1,0,0
STU04191,Feamle,20,CSE,Hosteler,168993,71.4,5.69,5,1,57.4,0,5,1,0,8,0,1,0
STU04192,Male,22,MC,Day Scholar,63937,65.7,8.9,55,2,84.6,0,2,1,0,5,0,0,0
STU04193,Feamle,23,ECE,Hosteler,60149,86.3,7.01,80,1,57.8,0,3,0,0,0,1,0,0
STU04194,Male,23,AIML,Hosteler,99030,85.7,8.26,81,0,66.4,3,7,1,1,3,0,0,0
STU04195,Male,19,CSE,Day Scholar,59796,81.6,7.46,99,1,85.0,0,7,0,0,10,1,0,0
STU04196,Feamle,22,MC,Hosteler,194268,90.6,7.18,17,0,85.2,0,5,0,0,13,0,0,0
STU04197,Male,24,ECE,Hosteler,150174,59.7,7.35,75,0,72.3,0,7,1,1,9,0,1,0
STU04198,Male,19,MC,Day Scholar,157113,68.2,8.01,41,0,49.4,0,7,0,0,11,0,0,0
STU04199,Male,19,MC,Day Scholar,105521,76.1,9.94,59,0,71.7,1,2,0,1,10,0,0,0
STU04200,Male,19,AIML,Hosteler,155246,65.7,3.97,55,1,82.8,1,2,0,0,13,0,0,0
STU04201,Feamle,20,ECE,Hosteler,147521,85.9,7.81,2,0,80.6,0,2,0,0,14,1,0,0
STU04202,Feamle,24,AIML,Day Scholar,82933,67.2,7.07,81,0,100.0,0,6,1,1,3,2,0,0
STU04203,Feamle,18,CSE,Day Scholar,53691,94.5,6.73,79,0,69.6,0,7,0,0,1,3,1,0
STU04204,Feamle,23,MC,Hosteler,135306,61.0,3.46,38,1,52.6,0,6,1,0,11,0,1,0
STU04205,Feamle,20,AIML,Day Scholar,139088,100.0,7.87,42,1,73.6,0,7,1,0,0,0,1,0
STU04206,Feamle,18,AIML,Day Scholar,108262,100.0,6.81,27,0,72.6,1,4,0,0,5,2,0,0
STU04207,Feamle,23,CSE,Hosteler,113374,73.6,5.75,41,0,82.3,1,5,1,0,10,1,0,0
STU04208,Feamle,24,ECE,Day Scholar,23303,92.2,7.06,8,1,100.0,1,4,0,0,1,0,1,0
STU04209,Feamle,24,AIML,Day Scholar,66653,69.0,6.56,83,0,58.1,2,6,1,0,7,0,0,0
STU04210,Feamle,22,MC,Hosteler,178249,90.2,4.39,17,0,86.7,0,2,1,0,9,0,1,0
STU04211,Male,23,MC,Day Scholar,29890,72.4,7.13,88,1,88.4,2,8,0,0,2,0,0,0
STU04212,Feamle,23,MC,Hosteler,177878,55.7,7.87,20,0,75.6,0,4,0,0,3,0,0,0
STU04213,Male,24,MC,Day Scholar,93136,22.0,6.18,25,0,81.2,0,9,0,0,0,1,0,0
STU04214,Male,23,AIML,Day Scholar,47230,71.0,7.39,22,2,79.1,0,7,1,1,5,2,1,0
STU04215,Male,21,MC,Hosteler,36466,79.2,7.16,9,1,80.7,0,3,1,0,12,2,0,0
STU04216,Male,22,AIML,Day Scholar,167548,95.0,8.57,43,0,100.0,2,7,0,0,0,1,0,0
STU04217,Feamle,20,ECE,Day Scholar,47732,75.5,6.84,12,1,90.3,0,9,0,0,5,0,0,0
STU04218,Male,20,MC,Hosteler,158447,90.0,8.2,52,0,60.6,0,6,0,0,7,0,0,0
STU04219,Feamle,18,ECE,Hosteler,27837,68.2,6.53,36,1,81.6,1,4,0,0,11,0,0,0
STU04220,Feamle,20,AIML,Hosteler,43108,69.9,9.95,55,0,100.0,0,11,0,0,11,0,0,0
STU04221,Male,19,CSE,Day Scholar,37851,90.8,6.34,58,1,76.6,1,3,0,0,6,1,0,0
STU04222,Feamle,23,ECE,Day Scholar,46600,38.0,5.97,11,0,17.7,0,5,0,1,8,1,0,0
STU04223,Male,20,MC,Day Scholar,35188,75.2,6.85,99,0,65.8,1,4,1,0,2,1,0,0
STU04224,Male,18,CSE,Day Scholar,64777,69.0,5.91,2,0,75.7,0,3,0,0,14,0,0,0
STU04225,Feamle,18,ECE,Day Scholar,156561,95.4,5.13,13,0,76.4,1,5,1,1,5,0,0,0
STU04226,Feamle,19,AIML,Hosteler,104618,67.1,8.09,34,0,100.0,2,4,0,1,10,0,1,0
STU04227,Male,18,AIML,Hosteler,159767,82.7,2.41,97,0,89.5,1,8,1,0,0,0,0,0
STU04228,Feamle,24,AIML,Day Scholar,20230,88.8,5.92,92,1,69.4,0,5,0,1,12,0,1,0
STU04229,Feamle,21,ECE,Day Scholar,183175,52.6,4.99,29,0,88.2,1,6,0,0,3,1,0,1
STU04230,Feamle,24,AIML,Day Scholar,177422,72.9,7.21,70,0,74.7,0,9,0,1,5,0,0,0
STU04231,Male,23,ECE,Day Scholar,171426,68.5,3.72,65,2,75.1,0,6,0,1,3,0,0,0
STU04232,Male,23,MC,Day Scholar,31355,89.2,7.82,17,0,100.0,0,6,1,0,11,1,0,0
STU04233,Feamle,23,MC,Day Scholar,181310,85.1,7.98,25,0,100.0,0,6,0,0,4,1,0,0
STU04234,Feamle,22,ECE,Hosteler,168216,71.5,4.55,80,0,90.8,0,9,0,0,12,0,0,0
STU04235,Feamle,20,ECE,Day Scholar,90779,59.3,7.29,45,1,67.9,0,7,0,0,6,1,0,0
STU04236,Feamle,21,CSE,Day Scholar,105872,90.6,7.77,11,0,100.0,0,8,0,0,8,0,1,0
STU04237,Feamle,20,AIML,Day Scholar,70094,74.0,8.41,57,0,89.2,0,2,0,0,0,1,0,0
STU04238,Male,21,MC,Day Scholar,137383,50.7,4.8,56,0,84.0,0,5,0,0,10,0,0,1
STU04239,Feamle,20,MC,Day Scholar,30594,52.0,4.59,31,1,66.2,1,5,0,1,10,0,0,1
STU04240,Male,19,CSE,Day Scholar,141562,81.6,9.25,92,0,77.0,2,4,1,0,13,0,0,0
STU04241,Feamle,24,ECE,Hosteler,168064,55.9,5.77,63,0,100.0,1,4,1,0,14,2,0,0
STU04242,Male,18,ECE,Day Scholar,119185,100.0,6.21,73,0,41.7,0,7,0,0,4,0,1,0
STU04243,Feamle,18,CSE,Day Scholar,80436,60.9,7.95,99,0,100.0,0,8,0,0,2,0,0,0
STU04244,Male,24,AIML,Hosteler,180965,75.0,5.25,65,3,100.0,1,7,1,0,14,0,0,0
STU04245,Feamle,19,ECE,Hosteler,145039,77.4,6.6,36,1,100.0,1,7,1,0,3,0,0,0
STU04246,Male,21,ECE,Day Scholar,109236,64.1,8.34,13,0,88.4,0,9,0,0,6,2,0,0
STU04247,Male,24,AIML,Hosteler,63388,41.4,4.87,9,0,70.6,1,7,1,0,4,0,1,1
STU04248,Male,22,AIML,Day Scholar,164114,77.9,6.25,64,1,69.9,1,5,0,0,12,0,0,0
STU04249,Male,21,CSE,Day Scholar,47577,63.7,5.31,63,0,54.4,1,5,0,1,4,0,1,0
STU04250,Male,18,CSE,Hosteler,164566,76.7,5.84,40,3,74.2,0,9,1,0,1,0,0,0
STU04251,Male,22,CSE,Day Scholar,106811,73.2,8.78,20,0,75.9,0,6,1,1,14,0,0,0
STU04252,Feamle,20,ECE,Day Scholar,59248,78.9,9.11,68,1,90.0,2,10,0,0,12,1,0,0
STU04253,Male,22,CSE,Day Scholar,109425,98.4,7.39,8,0,54.2,0,7,1,0,1,0,0,0
STU04254,Feamle,21,ECE,Day Scholar,185834,66.8,7.8,8,0,60.5,1,7,0,0,13,0,0,0
STU04255,Feamle,19,MC,Day Scholar,101709,68.0,7.76,17,1,54.6,0,6,1,0,14,0,0,0
STU04256,Feamle,20,AIML,Hosteler,136011,50.0,5.99,68,1,86.8,0,3,1,0,3,1,1,1
STU04257,Feamle,21,AIML,Hosteler,152083,72.1,7.36,61,0,93.4,0,5,0,0,8,0,0,0
STU04258,Feamle,20,MC,Hosteler,56836,81.1,5.06,15,0,100.0,0,4,0,0,13,0,1,0
STU04259,Male,22,CSE,Day Scholar,81557,67.7,5.56,97,0,63.6,0,8,1,1,14,1,1,0
STU04260,Male,18,ECE,Day Scholar,121751,81.2,6.87,3,0,75.4,0,6,0,0,9,0,0,0
STU04261,Male,21,ECE,Day Scholar,44281,72.3,5.41,20,2,61.3,1,10,0,0,0,0,0,0
STU04262,Feamle,19,ECE,Day Scholar,116574,55.5,5.09,100,0,62.8,0,3,0,0,7,0,1,1
STU04263,Male,24,AIML,Hosteler,167020,79.7,5.93,43,0,89.3,0,3,0,0,10,0,0,0
STU04264,Male,22,CSE,Hosteler,174711,71.9,8.72,77,1,100.0,0,11,0,0,4,1,0,0
STU04265,Male,21,ECE,Day Scholar,161308,76.8,9.34,90,1,69.4,0,3,0,0,10,0,1,0
STU04266,Male,19,ECE,Day Scholar,175531,66.5,6.95,75,0,46.5,0,4,0,0,13,0,1,0
STU04267,Male,21,ECE,Day Scholar,84589,65.2,7.87,26,0,100.0,0,5,1,0,7,0,0,0
STU04268,Feamle,22,MC,Hosteler,176872,77.4,6.15,33,1,46.5,1,4,0,1,9,0,0,0
STU04269,Male,21,ECE,Day Scholar,50271,71.5,3.9,3,1,73.1,0,6,0,0,12,0,1,1
STU04270,Feamle,20,MC,Day Scholar,123427,100.0,5.66,50,2,80.8,0,6,0,1,14,0,0,0
STU04271,Feamle,22,ECE,Day Scholar,115157,87.0,6.54,1,1,99.6,1,2,0,0,9,2,0,0
STU04272,Feamle,21,ECE,Hosteler,155250,83.2,7.21,31,1,100.0,1,4,0,0,4,0,0,0
STU04273,Feamle,24,ECE,Day Scholar,117984,72.3,6.85,1,0,75.0,1,4,0,0,2,1,0,0
STU04274,Feamle,18,MC,Day Scholar,164348,44.6,6.58,57,1,100.0,0,7,0,1,4,0,0,0
STU04275,Male,21,ECE,Day Scholar,165900,62.9,6.14,21,0,75.6,0,3,1,1,3,0,0,0
STU04276,Male,20,CSE,Hosteler,26149,65.3,7.52,18,0,53.4,0,3,0,0,12,2,0,0
STU04277,Male,19,ECE,Hosteler,112864,70.9,4.95,89,0,78.7,0,6,0,0,10,2,0,0
STU04278,Feamle,24,MC,Day Scholar,180090,74.5,8.2,19,0,74.7,0,2,0,0,7,0,0,0
STU04279,Male,19,MC,Hosteler,73781,84.8,6.12,99,0,70.8,1,5,0,0,5,1,0,0
STU04280,Male,24,CSE,Day Scholar,182448,79.1,10.0,17,0,99.4,2,5,0,1,6,0,0,0
STU04281,Feamle,19,AIML,Hosteler,195034,92.4,6.53,49,1,49.4,1,2,0,0,2,0,0,0
STU04282,Feamle,18,CSE,Hosteler,155618,70.3,6.28,13,0,91.7,2,5,0,0,10,0,0,0
STU04283,Feamle,20,CSE,Day Scholar,80560,78.9,6.16,19,2,81.3,0,6,0,0,1,1,0,0
STU04284,Feamle,22,MC,Day Scholar,166433,80.2,6.29,44,0,57.7,0,4,0,0,8,0,0,0
STU04285,Male,19,ECE,Day Scholar,88895,78.7,7.91,87,1,83.1,1,3,0,0,0,0,0,0
STU04286,Feamle,24,ECE,Day Scholar,74165,94.2,6.94,46,1,100.0,1,8,0,0,4,1,0,0
STU04287,Feamle,20,AIML,Hosteler,97670,87.1,8.48,56,0,92.5,0,2,0,0,3,3,0,0
STU04288,Male,21,AIML,Day Scholar,60372,55.2,7.7,30,1,68.6,1,5,0,0,7,0,0,0
STU04289,Male,18,AIML,Hosteler,130805,73.3,7.05,51,0,96.9,0,1,1,1,6,0,0,0
STU04290,Feamle,20,AIML,Day Scholar,187854,74.8,7.56,99,2,54.1,0,6,1,0,10,0,0,0
STU04291,Male,20,CSE,Hosteler,151971,100.0,8.79,78,0,89.2,2,6,0,0,14,0,0,0
STU04292,Feamle,22,CSE,Hosteler,116628,70.1,7.99,45,1,100.0,0,6,0,1,13,0,0,0
STU04293,Feamle,20,ECE,Hosteler,118956,60.3,7.42,6,2,54.8,1,3,0,0,5,0,0,0
STU04294,Male,22,CSE,Hosteler,142684,81.6,7.63,48,0,99.8,0,4,1,0,13,0,1,0
STU04295,Male,18,ECE,Day Scholar,152054,82.5,5.27,22,0,59.0,0,6,0,0,10,1,0,0
STU04296,Feamle,18,ECE,Day Scholar,118879,73.9,10.0,92,1,79.1,0,5,1,0,5,0,0,0
STU04297,Feamle,21,ECE,Day Scholar,94060,71.7,7.79,40,1,49.3,0,5,0,0,7,0,0,0
STU04298,Feamle,22,ECE,Day Scholar,89843,89.2,7.94,3,0,100.0,0,3,1,0,14,0,0,0
STU04299,Male,22,MC,Hosteler,143168,62.2,6.96,94,0,57.4,0,4,1,1,11,0,0,0
STU04300,Feamle,19,ECE,Hosteler,194245,69.9,3.55,81,0,74.8,1,1,0,0,9,0,0,0
STU04301,Feamle,19,CSE,Hosteler,128669,67.2,6.6,30,1,100.0,2,7,0,0,1,2,0,0
STU04302,Feamle,21,CSE,Hosteler,130329,91.4,7.11,46,0,91.0,0,3,0,1,8,1,0,0
STU04303,Feamle,18,CSE,Day Scholar,191580,79.3,5.77,99,0,98.3,0,6,0,0,1,0,0,0
STU04304,Feamle,23,CSE,Day Scholar,58794,59.0,5.75,17,0,100.0,0,4,1,0,5,1,0,0
STU04305,Male,19,MC,Hosteler,40753,60.5,6.49,73,1,88.1,2,4,0,0,0,0,0,0
STU04306,Feamle,20,AIML,Hosteler,133684,100.0,8.16,6,0,100.0,1,9,0,0,6,1,0,0
STU04307,Feamle,18,AIML,Hosteler,171283,91.2,8.88,37,0,91.2,1,4,1,1,14,0,1,0
STU04308,Feamle,23,ECE,Hosteler,47238,87.6,7.26,44,1,76.9,0,6,0,1,14,0,0,0
STU04309,Feamle,20,ECE,Hosteler,104243,75.2,6.15,27,1,74.0,1,9,0,1,0,0,0,0
STU04310,Male,24,CSE,Day Scholar,66086,97.6,6.46,58,1,73.5,0,2,0,0,5,0,1,0
STU04311,Male,22,CSE,Hosteler,47639,58.4,7.15,17,0,78.8,0,6,1,0,0,0,0,0
STU04312,Male,18,AIML,Day Scholar,138058,86.3,7.33,94,0,98.7,1,6,0,0,8,0,0,0
STU04313,Feamle,24,AIML,Hosteler,189244,68.4,7.65,8,1,53.3,0,1,1,0,9,1,0,0
STU04314,Feamle,21,CSE,Hosteler,189132,71.3,6.34,15,0,41.8,1,3,0,0,2,0,0,0
STU04315,Male,22,ECE,Day Scholar,128748,85.9,7.79,61,1,43.8,1,4,0,0,8,1,0,0
STU04316,Male,22,MC,Day Scholar,73350,72.8,7.68,39,0,61.4,1,5,0,0,5,0,0,0
STU04317,Male,20,MC,Hosteler,96779,68.5,6.41,88,1,80.7,0,3,1,0,0,0,0,0
STU04318,Feamle,24,AIML,Day Scholar,72848,67.6,4.42,100,0,100.0,1,5,0,0,8,0,0,0
STU04319,Feamle,22,AIML,Hosteler,131546,45.2,5.67,93,1,80.2,0,6,0,0,12,0,1,1
STU04320,Male,19,AIML,Hosteler,128903,86.4,9.35,57,0,85.3,1,9,0,1,9,2,0,0
STU04321,Male,18,MC,Day Scholar,105122,59.9,4.46,65,2,91.4,1,3,0,1,9,2,0,1
STU04322,Male,19,MC,Day Scholar,36690,100.0,8.98,68,0,94.8,1,5,1,0,4,0,0,0
STU04323,Feamle,20,CSE,Hosteler,135571,70.7,4.41,93,0,100.0,0,7,1,1,7,0,0,0
STU04324,Feamle,23,ECE,Hosteler,157735,94.6,5.84,18,0,70.9,2,8,0,0,7,0,0,0
STU04325,Feamle,20,AIML,Day Scholar,26189,47.9,6.44,77,0,72.0,0,3,0,0,7,1,0,0
STU04326,Male,18,CSE,Hosteler,171745,86.0,9.67,26,0,70.7,0,3,0,0,6,0,0,0
STU04327,Male,22,MC,Hosteler,154661,89.8,7.04,29,0,100.0,1,3,0,0,1,1,0,0
STU04328,Feamle,24,CSE,Day Scholar,121945,94.6,6.68,44,0,96.7,3,8,1,0,7,1,0,0
STU04329,Male,24,MC,Day Scholar,191176,52.1,5.6,77,0,82.9,1,7,1,1,4,0,0,0
STU04330,Feamle,21,ECE,Hosteler,101017,64.5,7.78,30,0,100.0,0,5,0,0,8,0,1,0
STU04331,Male,20,MC,Day Scholar,147224,83.6,6.23,35,0,73.2,0,3,0,0,10,0,0,0
STU04332,Male,18,CSE,Day Scholar,107028,77.2,6.66,38,0,60.6,1,6,0,0,1,0,0,0
STU04333,Male,21,ECE,Day Scholar,198382,79.4,6.46,49,0,52.7,0,7,0,0,14,1,1,0
STU04334,Male,22,MC,Day Scholar,153234,69.6,8.08,93,0,90.4,0,3,0,0,6,0,1,0
STU04335,Feamle,23,AIML,Day Scholar,100110,98.3,8.14,37,0,54.6,0,7,0,0,6,0,0,0
STU04336,Male,20,MC,Hosteler,174165,100.0,5.66,10,0,93.2,0,8,0,0,0,1,0,0
STU04337,Feamle,23,ECE,Hosteler,115400,76.6,6.06,80,1,74.2,0,3,0,1,10,0,0,0
STU04338,Feamle,18,CSE,Day Scholar,25167,81.8,5.91,73,0,66.8,0,2,0,0,1,0,1,0
STU04339,Feamle,23,ECE,Day Scholar,63743,75.8,7.28,15,2,96.5,1,4,1,0,14,0,0,0
STU04340,Male,23,CSE,Day Scholar,39525,94.3,8.36,50,2,67.9,1,4,0,0,4,0,0,0
STU04341,Feamle,18,MC,Day Scholar,140819,87.4,7.29,74,1,65.2,0,3,1,0,2,0,0,0
STU04342,Feamle,18,MC,Day Scholar,172059,59.0,3.71,38,1,79.4,1,6,0,0,9,0,1,1
STU04343,Feamle,20,ECE,Day Scholar,102074,65.8,8.14,91,1,68.3,0,1,0,0,8,1,0,0
STU04344,Male,23,AIML,Day Scholar,89166,59.9,4.98,84,0,96.0,0,8,0,1,10,0,0,1
STU04345,Male,21,MC,Day Scholar,159724,100.0,5.93,91,1,100.0,0,8,0,0,12,0,0,0
STU04346,Feamle,18,AIML,Hosteler,136084,84.5,7.3,22,1,100.0,0,10,0,0,1,0,0,0
STU04347,Male,22,AIML,Day Scholar,110902,66.1,6.87,64,1,71.2,0,5,0,0,10,1,1,0
STU04348,Feamle,23,ECE,Day Scholar,131817,64.9,8.31,48,0,67.1,1,3,0,0,5,0,0,0
STU04349,Feamle,18,MC,Day Scholar,177336,87.1,6.08,60,1,51.7,0,4,0,1,9,0,0,0
STU04350,Male,21,AIML,Day Scholar,151648,88.6,5.55,53,0,87.7,0,5,0,0,13,0,0,0
STU04351,Feamle,24,MC,Hosteler,92799,87.0,6.53,12,0,100.0,2,6,1,1,5,1,0,0
STU04352,Male,20,CSE,Day Scholar,23764,68.6,8.47,71,0,54.6,2,3,0,0,6,1,1,0
STU04353,Male,23,AIML,Day Scholar,79887,79.6,7.94,82,1,50.7,1,9,0,0,10,0,0,0
STU04354,Feamle,24,ECE,Day Scholar,176009,76.7,7.13,23,0,100.0,1,6,1,0,4,1,0,0
STU04355,Male,18,ECE,Day Scholar,184296,61.0,8.99,48,0,53.9,1,6,0,0,8,1,0,0
STU04356,Male,18,AIML,Hosteler,55878,61.1,8.72,36,0,66.0,1,3,0,0,0,0,0,0
STU04357,Feamle,22,MC,Day Scholar,138217,81.2,8.18,88,1,34.8,1,5,0,1,0,0,0,0
STU04358,Feamle,22,CSE,Day Scholar,188747,77.9,5.23,25,0,25.3,0,6,0,0,6,1,1,1
STU04359,Male,23,CSE,Day Scholar,110461,83.3,8.17,41,0,75.8,0,9,0,1,2,1,0,0
STU04360,Male,24,ECE,Day Scholar,34202,86.9,6.7,90,1,100.0,0,3,0,0,5,2,0,0
STU04361,Feamle,24,ECE,Day Scholar,172003,97.5,6.41,95,0,79.7,0,3,0,0,12,0,0,0
STU04362,Male,18,MC,Hosteler,89619,63.4,5.98,2,0,37.7,0,6,1,0,13,1,0,0
STU04363,Male,23,ECE,Day Scholar,167564,84.5,6.74,60,0,78.7,0,5,1,0,5,1,1,0
STU04364,Male,18,MC,Hosteler,86767,86.2,6.06,42,0,46.3,2,4,0,0,13,0,0,0
STU04365,Male,22,AIML,Day Scholar,118880,70.3,7.25,72,0,59.0,0,3,0,1,2,1,0,0
STU04366,Male,21,CSE,Hosteler,161902,76.8,6.74,64,0,81.6,1,2,0,0,5,1,0,0
STU04367,Male,19,AIML,Hosteler,68215,70.7,7.33,17,0,76.9,0,4,0,0,12,0,0,0
STU04368,Male,19,ECE,Day Scholar,46617,100.0,7.83,66,1,84.8,0,5,0,0,7,0,0,0
STU04369,Feamle,18,CSE,Day Scholar,99109,76.6,6.56,13,0,100.0,0,3,0,0,7,0,0,0
STU04370,Feamle,24,CSE,Day Scholar,75873,81.8,5.89,63,0,79.1,1,5,1,0,13,1,0,0
STU04371,Feamle,22,AIML,Day Scholar,177800,71.0,3.99,31,0,64.5,0,2,0,0,13,0,0,0
STU04372,Feamle,20,MC,Day Scholar,134785,67.8,8.16,67,0,91.3,0,3,0,0,14,0,0,0
STU04373,Feamle,20,CSE,Day Scholar,147071,55.5,7.12,59,1,46.3,0,3,0,0,0,0,0,0
STU04374,Male,19,MC,Day Scholar,62908,91.5,6.74,100,0,81.0,1,9,0,0,2,0,0,0
STU04375,Male,21,AIML,Day Scholar,60924,86.5,8.76,20,0,100.0,0,3,1,1,9,0,0,0
STU04376,Male,19,AIML,Day Scholar,46071,70.5,5.07,26,0,66.1,1,2,0,0,13,0,0,0
STU04377,Male,18,MC,Day Scholar,38839,61.5,7.08,4,0,67.9,0,0,1,0,2,3,0,0
STU04378,Feamle,21,AIML,Day Scholar,170902,77.7,5.55,66,1,100.0,0,7,0,0,12,1,0,0
STU04379,Male,20,CSE,Hosteler,193437,67.5,7.98,85,1,84.6,2,3,1,0,3,1,0,0
STU04380,Male,24,AIML,Day Scholar,123115,71.7,3.66,83,1,82.1,1,5,1,0,14,0,0,0
STU04381,Feamle,22,AIML,Hosteler,93363,56.0,8.21,40,0,85.5,1,5,0,0,6,0,0,0
STU04382,Male,22,CSE,Hosteler,137379,78.3,8.14,1,0,61.3,1,5,0,1,9,0,0,0
STU04383,Male,18,MC,Hosteler,135660,78.6,5.62,42,1,100.0,1,7,0,0,6,1,0,0
STU04384,Feamle,19,AIML,Day Scholar,178396,91.4,7.1,0,1,100.0,2,6,0,0,11,0,1,0
STU04385,Male,18,MC,Hosteler,46088,72.7,5.65,22,1,74.3,0,5,0,0,10,0,0,0
STU04386,Male,22,CSE,Day Scholar,126110,70.0,7.64,62,0,88.2,0,6,1,1,4,0,0,0
STU04387,Male,20,MC,Day Scholar,88459,51.6,8.23,47,0,99.3,1,3,1,0,8,1,0,0
STU04388,Male,22,MC,Day Scholar,123305,91.5,5.49,24,0,100.0,1,2,0,0,1,1,0,0
STU04389,Male,21,ECE,Day Scholar,125780,88.4,5.05,89,2,100.0,0,3,0,0,1,1,0,0
STU04390,Feamle,24,ECE,Day Scholar,82406,75.4,8.64,66,0,50.5,1,9,0,0,3,0,0,0
STU04391,Feamle,24,AIML,Day Scholar,116888,55.1,9.91,94,1,93.6,0,4,0,0,3,0,1,0
STU04392,Feamle,23,ECE,Day Scholar,58703,56.8,7.74,90,0,100.0,0,4,0,0,11,0,0,0
STU04393,Feamle,22,ECE,Day Scholar,85422,66.8,7.85,76,0,91.8,1,5,0,0,12,0,1,0
STU04394,Feamle,22,ECE,Day Scholar,40614,89.5,6.5,46,0,100.0,1,5,0,0,8,1,0,0
STU04395,Feamle,24,MC,Day Scholar,167783,79.4,7.27,96,1,79.9,1,4,0,0,8,0,0,0
STU04396,Male,23,MC,Hosteler,114406,52.6,7.53,88,0,87.6,0,5,0,0,6,1,1,1
STU04397,Feamle,21,ECE,Day Scholar,168138,81.1,6.73,55,0,79.3,1,5,0,0,5,0,0,0
STU04398,Feamle,19,CSE,Hosteler,195363,62.4,9.02,58,0,90.7,0,6,1,0,2,0,0,0
STU04399,Male,22,ECE,Hosteler,52891,67.2,7.27,15,0,95.9,0,6,1,0,4,0,1,0
STU04400,Male,24,CSE,Day Scholar,151825,89.6,7.46,46,0,56.3,0,3,1,0,3,0,0,0
STU04401,Feamle,18,MC,Day Scholar,60882,86.5,6.76,89,2,81.5,0,4,0,0,8,0,0,0
STU04402,Male,22,CSE,Day Scholar,185446,91.4,6.91,53,1,80.6,1,1,0,1,4,0,0,0
STU04403,Feamle,18,MC,Day Scholar,59293,74.7,8.83,46,0,69.1,0,7,1,1,0,0,0,0
STU04404,Male,21,CSE,Day Scholar,154650,88.2,7.22,51,0,86.4,0,13,0,0,4,0,0,0
STU04405,Feamle,22,MC,Hosteler,106586,66.2,7.25,17,0,62.4,0,7,0,0,14,0,1,0
STU04406,Male,24,MC,Day Scholar,141896,71.1,7.27,80,1,62.3,0,1,0,1,12,0,1,0
STU04407,Male,21,ECE,Hosteler,170301,70.1,6.45,45,1,67.1,2,7,0,0,6,1,0,0
STU04408,Feamle,21,AIML,Hosteler,88474,75.4,4.89,88,2,55.2,0,3,1,0,0,0,0,0
STU04409,Feamle,19,AIML,Day Scholar,134461,55.7,9.36,25,0,65.8,0,6,1,0,11,0,0,0
STU04410,Feamle,22,MC,Hosteler,193958,71.6,8.6,17,2,100.0,1,3,0,0,6,0,0,0
STU04411,Feamle,18,ECE,Hosteler,164947,96.8,8.87,48,1,57.8,0,4,0,0,8,1,0,0
STU04412,Feamle,18,AIML,Day Scholar,141007,58.6,5.39,64,0,61.9,1,6,0,0,12,2,0,1
STU04413,Male,22,AIML,Hosteler,82742,55.1,9.17,6,0,82.6,1,8,0,0,4,1,1,0
STU04414,Feamle,23,ECE,Hosteler,120731,56.3,9.95,29,0,59.0,1,7,0,0,4,0,1,0
STU04415,Feamle,19,ECE,Hosteler,110276,100.0,8.57,96,0,62.0,0,6,1,0,9,0,1,0
STU04416,Male,19,AIML,Hosteler,99686,82.0,9.47,24,0,55.7,1,3,0,0,13,0,0,0
STU04417,Male,19,AIML,Hosteler,160773,70.9,8.2,24,2,80.3,2,4,1,0,9,1,0,0
STU04418,Feamle,18,CSE,Day Scholar,43291,76.0,5.73,26,0,75.3,1,3,1,0,1,0,1,0
STU04419,Male,21,CSE,Hosteler,44116,78.4,7.76,34,1,89.0,0,5,0,0,5,0,1,0
STU04420,Male,24,MC,Day Scholar,25886,65.4,5.47,81,0,84.1,0,3,1,0,3,0,1,0
STU04421,Feamle,23,AIML,Hosteler,33672,67.2,6.1,29,0,100.0,0,2,1,1,5,1,0,0
STU04422,Male,19,ECE,Day Scholar,34508,72.6,7.47,13,0,69.3,2,6,1,0,14,0,0,0
STU04423,Male,18,ECE,Day Scholar,114204,64.1,7.27,34,0,56.6,0,5,0,0,2,0,0,0
STU04424,Feamle,18,AIML,Day Scholar,129306,69.0,7.69,33,2,63.0,1,6,0,0,6,0,1,0
STU04425,Feamle,21,MC,Day Scholar,189008,80.3,4.31,83,0,100.0,0,8,0,1,12,0,0,0
STU04426,Male,22,ECE,Day Scholar,197262,60.0,6.77,14,1,40.0,0,4,1,0,6,0,0,0
STU04427,Male,22,AIML,Hosteler,23281,100.0,7.82,6,0,100.0,1,5,0,0,10,0,1,0
STU04428,Feamle,24,AIML,Day Scholar,148686,86.3,8.12,12,0,100.0,0,6,0,1,1,0,0,0
STU04429,Male,24,MC,Day Scholar,123258,55.9,8.22,99,0,85.3,0,7,0,0,11,1,1,1
STU04430,Male,19,AIML,Hosteler,115386,37.8,7.38,39,1,61.8,0,4,1,0,3,0,0,0
STU04431,Male,24,ECE,Hosteler,198731,64.7,6.43,59,0,90.5,0,5,0,0,9,2,0,0
STU04432,Feamle,19,CSE,Hosteler,136294,85.3,7.75,33,0,63.5,0,7,0,0,4,2,0,0
STU04433,Male,23,MC,Day Scholar,163996,82.4,6.55,12,0,70.2,1,4,1,0,3,1,0,0
STU04434,Male,24,AIML,Hosteler,150363,73.3,8.35,3,1,84.5,2,5,0,0,12,0,0,0
STU04435,Feamle,21,MC,Hosteler,179540,66.0,7.64,12,0,69.9,2,3,1,0,14,3,0,0
STU04436,Male,19,AIML,Day Scholar,179451,61.4,6.91,47,1,58.0,2,5,0,0,12,0,1,0
STU04437,Male,21,CSE,Day Scholar,111465,69.0,5.85,12,0,76.1,2,5,0,1,1,0,0,0
STU04438,Feamle,18,MC,Hosteler,122543,59.8,8.68,86,1,90.0,0,8,1,0,1,0,0,0
STU04439,Feamle,19,AIML,Hosteler,77962,69.0,7.84,92,0,100.0,1,5,1,0,13,1,0,0
STU04440,Feamle,18,CSE,Day Scholar,167736,95.0,10.0,32,0,93.3,0,4,0,1,1,0,1,0
STU04441,Feamle,20,ECE,Day Scholar,33633,63.4,7.79,22,3,100.0,3,9,0,0,1,0,0,0
STU04442,Male,21,AIML,Day Scholar,64337,84.2,7.91,66,1,85.0,0,6,0,1,3,1,0,0
STU04443,Male,20,CSE,Day Scholar,24932,86.5,4.8,31,1,76.3,1,5,0,1,14,0,1,1
STU04444,Feamle,19,CSE,Hosteler,36205,58.8,7.47,54,1,100.0,0,1,1,1,9,2,0,0
STU04445,Feamle,18,MC,Hosteler,105470,62.3,6.53,2,1,72.4,0,5,1,0,1,1,0,0
STU04446,Male,19,AIML,Day Scholar,71111,91.0,8.24,11,0,97.5,0,8,1,1,5,0,1,0
STU04447,Feamle,20,ECE,Day Scholar,69541,61.1,7.5,55,1,100.0,0,7,0,0,2,1,0,0
STU04448,Male,19,AIML,Day Scholar,90719,74.1,8.48,67,2,33.0,0,7,1,0,10,1,0,0
STU04449,Feamle,23,CSE,Day Scholar,105787,100.0,10.0,32,0,80.9,1,5,0,0,1,0,0,0
STU04450,Male,22,ECE,Day Scholar,171816,89.7,5.8,31,4,58.0,1,4,0,0,12,1,1,1
STU04451,Feamle,20,CSE,Hosteler,153125,76.3,8.42,16,0,56.8,0,7,0,0,1,0,1,0
STU04452,Feamle,19,MC,Hosteler,151060,87.6,8.03,51,0,63.3,1,6,0,1,10,2,1,0
STU04453,Male,18,AIML,Hosteler,123312,74.2,9.97,72,0,43.8,3,11,0,0,8,0,0,0
STU04454,Feamle,19,CSE,Hosteler,159431,90.3,8.06,4,0,96.3,0,4,0,0,14,0,1,0
STU04455,Male,18,CSE,Hosteler,132994,44.3,7.9,20,1,74.5,0,5,0,1,9,0,0,0
STU04456,Male,22,AIML,Day Scholar,141004,72.9,8.28,2,0,100.0,0,6,0,0,13,0,0,0
STU04457,Male,19,ECE,Hosteler,131441,43.7,8.38,66,1,85.7,0,8,0,0,0,0,0,0
STU04458,Male,24,CSE,Hosteler,54934,77.4,9.18,36,0,79.0,1,8,0,0,14,0,0,0
STU04459,Male,24,AIML,Hosteler,60874,71.5,5.77,34,0,62.8,0,6,0,1,6,1,0,0
STU04460,Feamle,22,MC,Day Scholar,84737,95.4,6.41,32,1,72.6,0,8,1,0,0,0,0,0
STU04461,Feamle,20,MC,Day Scholar,163533,85.7,9.6,53,0,88.1,1,4,1,0,11,0,0,0
STU04462,Male,18,AIML,Day Scholar,129502,67.1,4.06,2,0,74.2,0,8,0,0,2,2,0,0
STU04463,Feamle,24,CSE,Day Scholar,41566,68.9,6.87,47,0,67.9,0,6,0,1,2,0,0,0
STU04464,Male,23,AIML,Day Scholar,65006,80.7,7.22,17,0,79.9,1,5,0,0,14,0,0,0
STU04465,Feamle,20,AIML,Hosteler,113052,66.4,6.73,2,0,100.0,1,5,0,0,7,0,0,0
STU04466,Feamle,18,CSE,Hosteler,78641,74.5,9.37,92,0,83.3,0,6,0,0,6,2,1,0
STU04467,Feamle,22,ECE,Hosteler,120949,94.8,7.71,100,0,100.0,0,6,1,0,13,0,1,0
STU04468,Feamle,24,ECE,Day Scholar,132849,62.6,6.42,4,1,36.5,0,4,1,0,14,0,1,0
STU04469,Male,21,MC,Hosteler,66064,68.3,6.05,8,0,82.4,1,3,1,0,2,0,0,0
STU04470,Male,19,ECE,Hosteler,70368,70.4,7.42,75,1,77.5,0,7,1,1,3,0,0,0
STU04471,Feamle,22,AIML,Day Scholar,117005,100.0,8.75,15,1,61.5,1,4,0,0,5,1,0,0
STU04472,Feamle,18,CSE,Day Scholar,162263,84.1,7.21,90,0,83.5,0,5,0,0,11,0,0,0
STU04473,Male,18,MC,Day Scholar,119509,92.0,6.8,72,0,96.3,0,3,0,0,0,0,1,0
STU04474,Feamle,18,ECE,Hosteler,92239,86.5,5.96,49,0,81.8,2,5,1,0,3,0,0,0
STU04475,Male,18,AIML,Day Scholar,102147,87.5,7.56,56,0,55.1,0,5,0,0,0,0,0,0
STU04476,Male,19,MC,Day Scholar,54904,82.1,7.48,56,0,89.3,0,4,0,1,0,0,0,0
STU04477,Male,20,CSE,Hosteler,174767,80.5,5.91,85,0,100.0,1,2,0,0,11,0,1,0
STU04478,Feamle,23,ECE,Day Scholar,130227,53.2,8.54,16,1,83.1,1,6,0,0,0,0,0,0
STU04479,Male,21,AIML,Day Scholar,158030,80.4,9.56,64,2,78.8,2,2,0,0,0,0,0,0
STU04480,Feamle,19,CSE,Hosteler,102169,73.4,7.07,56,0,66.4,1,5,0,1,4,1,0,0
STU04481,Male,18,AIML,Hosteler,153344,83.2,7.45,62,1,87.6,0,6,0,0,3,0,0,0
STU04482,Feamle,19,AIML,Day Scholar,107958,73.9,5.34,66,1,72.7,2,7,1,0,11,0,0,0
STU04483,Feamle,22,AIML,Hosteler,23018,86.4,8.11,4,2,100.0,0,3,0,0,2,0,1,0
STU04484,Feamle,23,CSE,Day Scholar,103716,89.1,7.7,21,1,100.0,1,3,0,0,1,1,1,0
STU04485,Male,18,MC,Hosteler,170700,31.3,6.51,0,0,85.2,0,5,1,1,6,0,0,0
STU04486,Male,21,AIML,Day Scholar,20296,68.5,5.88,46,2,89.5,0,3,0,1,13,0,0,0
STU04487,Feamle,18,MC,Day Scholar,34578,47.1,9.77,48,1,77.2,1,3,1,0,1,0,0,0
STU04488,Feamle,23,MC,Day Scholar,164626,78.6,7.57,3,0,89.3,1,3,1,1,11,0,0,0
STU04489,Feamle,21,ECE,Hosteler,41585,70.5,5.62,21,0,91.9,0,3,0,0,13,0,0,0
STU04490,Male,23,ECE,Hosteler,54225,95.3,8.28,87,1,64.2,2,4,1,0,2,1,0,0
STU04491,Male,21,MC,Hosteler,154618,78.1,7.34,54,0,75.0,1,4,0,0,8,3,0,0
STU04492,Male,20,ECE,Hosteler,66622,67.7,7.09,31,1,86.4,0,4,0,0,9,1,0,0
STU04493,Male,24,ECE,Hosteler,125665,89.1,8.47,65,0,88.3,0,3,1,0,4,0,1,0
STU04494,Feamle,20,MC,Day Scholar,178775,70.2,3.08,99,1,74.8,1,5,1,0,14,0,1,0
STU04495,Feamle,19,CSE,Hosteler,145188,67.5,4.29,68,0,71.9,0,6,1,0,13,0,0,0
STU04496,Male,19,ECE,Day Scholar,154736,80.9,9.07,70,1,91.6,0,9,1,0,10,2,0,0
STU04497,Male,21,ECE,Day Scholar,111701,99.2,6.81,99,1,91.1,0,4,0,0,14,0,1,0
STU04498,Feamle,18,CSE,Day Scholar,182171,87.8,6.36,7,2,71.1,0,4,1,0,7,0,0,0
STU04499,Male,24,CSE,Day Scholar,102015,83.5,4.99,35,0,38.4,0,1,1,0,5,0,0,0
STU04500,Male,22,CSE,Hosteler,73084,100.0,7.29,11,0,91.8,0,12,0,0,3,1,0,0
STU04501,Male,22,MC,Day Scholar,193391,64.0,7.48,27,0,97.5,1,2,1,0,0,0,1,0
STU04502,Male,18,CSE,Day Scholar,141600,63.7,9.16,1,1,92.1,0,6,0,1,8,0,0,0
STU04503,Male,18,MC,Day Scholar,26140,77.2,7.56,77,0,100.0,0,5,0,0,12,2,0,0
STU04504,Male,20,AIML,Day Scholar,139612,97.7,6.55,18,0,96.3,2,4,0,0,1,0,0,0
STU04505,Feamle,22,AIML,Day Scholar,42141,60.9,7.61,84,1,85.2,0,3,0,0,7,0,0,0
STU04506,Male,21,CSE,Hosteler,41628,100.0,8.66,93,0,61.7,1,3,0,1,0,0,0,0
STU04507,Male,23,CSE,Hosteler,132398,53.4,8.34,48,2,78.6,0,6,1,0,9,0,0,0
STU04508,Feamle,19,AIML,Day Scholar,178315,73.2,7.93,36,1,75.9,0,4,0,0,1,0,0,0
STU04509,Feamle,23,MC,Day Scholar,83747,77.6,7.41,51,0,84.7,0,7,0,0,9,0,0,0
STU04510,Feamle,20,MC,Day Scholar,103525,61.8,6.13,84,0,55.0,0,9,0,0,12,1,0,0
STU04511,Male,22,CSE,Hosteler,85198,65.7,5.45,91,1,91.2,0,8,0,0,6,0,0,0
STU04512,Feamle,24,CSE,Day Scholar,145627,86.9,5.21,59,0,68.1,0,2,0,1,13,1,0,0
STU04513,Male,18,CSE,Day Scholar,64770,96.6,7.59,96,0,86.6,0,3,0,0,8,0,0,0
STU04514,Male,24,AIML,Hosteler,159009,43.3,7.75,41,2,70.2,0,10,1,0,2,0,0,0
STU04515,Male,24,ECE,Hosteler,65618,77.7,8.64,6,0,77.4,2,8,0,0,7,1,0,0
STU04516,Feamle,22,CSE,Hosteler,124820,73.3,7.84,41,1,61.8,1,6,0,0,10,0,0,0
STU04517,Feamle,21,MC,Day Scholar,73103,76.6,8.58,56,0,63.0,0,4,0,0,0,1,0,0
STU04518,Feamle,20,ECE,Day Scholar,26493,70.2,6.8,15,1,90.0,1,6,1,0,6,1,0,0
STU04519,Feamle,18,MC,Hosteler,118038,55.6,8.16,100,0,98.5,2,6,1,0,10,1,0,0
STU04520,Feamle,23,ECE,Hosteler,45957,98.1,5.5,24,0,78.9,1,6,0,0,14,0,0,0
STU04521,Male,21,AIML,Day Scholar,155189,92.4,6.91,37,0,100.0,1,5,0,0,7,1,0,0
STU04522,Male,23,ECE,Day Scholar,119057,73.4,4.25,43,1,100.0,1,5,1,0,11,0,0,0
STU04523,Male,19,MC,Day Scholar,32501,67.7,7.05,37,0,84.8,1,3,0,1,13,3,0,0
STU04524,Male,20,ECE,Day Scholar,152260,65.9,8.84,44,1,60.2,0,5,1,0,7,0,0,0
STU04525,Feamle,21,AIML,Hosteler,198315,36.2,7.11,29,1,85.0,1,3,0,0,10,0,0,0
STU04526,Feamle,21,MC,Day Scholar,183185,80.3,8.08,80,0,87.0,0,7,1,0,13,1,0,0
STU04527,Male,23,CSE,Hosteler,76639,86.7,7.41,15,1,90.7,0,4,0,0,9,2,0,0
STU04528,Feamle,18,ECE,Day Scholar,86332,77.1,6.14,3,0,72.8,0,5,1,0,9,1,0,0
STU04529,Feamle,19,MC,Hosteler,90681,73.7,6.72,93,0,65.8,3,5,0,0,1,1,0,0
STU04530,Male,23,ECE,Day Scholar,122475,77.0,8.77,83,0,47.1,1,1,0,0,2,0,0,0
STU04531,Male,21,AIML,Hosteler,87050,62.2,8.08,34,0,82.3,2,5,0,0,9,0,0,0
STU04532,Feamle,20,MC,Day Scholar,35451,67.5,6.07,60,0,78.1,1,4,0,0,14,1,1,0
STU04533,Feamle,21,CSE,Hosteler,123240,72.5,4.92,4,2,100.0,1,6,0,0,1,0,1,0
STU04534,Male,22,CSE,Day Scholar,72086,85.5,7.31,77,0,60.3,1,11,0,0,4,0,0,0
STU04535,Male,20,ECE,Day Scholar,68393,95.7,6.13,40,0,79.3,1,5,1,1,7,0,0,0
STU04536,Male,20,AIML,Hosteler,144463,71.6,6.73,40,0,58.2,1,5,0,0,4,0,0,0
STU04537,Feamle,21,AIML,Day Scholar,96969,59.3,4.82,27,0,100.0,0,4,1,0,14,0,1,1
STU04538,Male,18,ECE,Day Scholar,21369,75.5,8.56,9,1,72.8,1,7,0,0,7,0,1,0
STU04539,Male,20,MC,Day Scholar,34068,100.0,6.85,51,0,52.4,1,5,0,0,8,0,0,0
STU04540,Feamle,22,MC,Day Scholar,144131,60.6,7.08,93,0,81.0,0,5,1,1,11,0,0,0
STU04541,Feamle,23,ECE,Day Scholar,192730,88.3,5.75,31,1,83.6,2,7,0,0,2,0,0,0
STU04542,Feamle,18,MC,Day Scholar,28116,95.0,6.58,75,1,67.2,2,5,0,0,9,0,0,0
STU04543,Feamle,18,MC,Day Scholar,194759,69.6,7.18,44,0,79.6,2,3,0,0,9,1,0,0
STU04544,Feamle,18,MC,Hosteler,63453,64.5,6.08,15,0,59.7,1,1,0,1,8,0,0,0
STU04545,Male,20,ECE,Hosteler,182309,83.6,6.68,89,0,68.9,1,6,0,1,12,0,0,0
STU04546,Male,18,CSE,Day Scholar,156436,80.3,9.08,63,1,68.8,1,1,0,0,2,0,0,0
STU04547,Feamle,21,AIML,Hosteler,97622,85.4,4.37,34,1,100.0,0,7,1,0,1,0,1,0
STU04548,Feamle,18,CSE,Day Scholar,96925,100.0,7.28,79,1,100.0,0,4,1,0,11,0,0,0
STU04549,Feamle,22,MC,Hosteler,167927,77.5,5.82,16,1,80.0,0,4,0,0,9,2,0,0
STU04550,Feamle,19,ECE,Day Scholar,112920,57.1,9.0,86,0,76.7,2,5,0,1,7,0,0,0
STU04551,Feamle,22,AIML,Day Scholar,152183,76.0,6.73,41,1,100.0,1,7,0,1,0,0,0,0
STU04552,Male,20,MC,Day Scholar,78251,78.6,5.43,21,0,100.0,1,2,0,0,14,0,0,0
STU04553,Male,18,AIML,Day Scholar,162480,94.0,6.68,49,1,73.1,1,6,0,0,12,0,0,0
STU04554,Male,18,AIML,Day Scholar,175074,72.0,7.52,20,0,100.0,0,3,1,1,11,0,1,0
STU04555,Male,21,CSE,Hosteler,103274,68.9,10.0,97,1,73.1,0,7,1,0,6,0,0,0
STU04556,Feamle,23,MC,Hosteler,126181,54.4,3.84,45,0,74.5,0,4,0,0,7,0,0,1
STU04557,Male,18,AIML,Hosteler,97674,83.2,5.2,56,0,91.3,0,3,0,0,6,0,0,0
STU04558,Feamle,24,CSE,Day Scholar,96963,100.0,8.96,4,1,82.8,0,3,0,0,6,2,0,0
STU04559,Feamle,22,ECE,Hosteler,87925,71.7,4.74,51,0,69.6,1,7,0,1,7,0,0,0
STU04560,Feamle,20,AIML,Hosteler,35360,81.8,7.01,30,0,74.2,0,4,1,0,8,0,0,0
STU04561,Male,19,MC,Day Scholar,122379,66.8,6.27,32,0,67.6,1,2,0,1,8,0,1,0
STU04562,Feamle,18,ECE,Day Scholar,150167,55.8,6.04,46,0,81.5,0,8,1,0,3,0,1,0
STU04563,Male,19,AIML,Hosteler,167919,81.5,6.74,2,0,76.6,0,8,0,0,0,1,0,0
STU04564,Male,18,AIML,Hosteler,146818,75.4,6.5,52,0,89.0,0,4,1,0,0,0,1,0
STU04565,Feamle,20,MC,Day Scholar,67565,39.2,8.59,82,1,85.2,0,8,0,0,12,0,0,0
STU04566,Feamle,23,AIML,Day Scholar,37456,99.2,8.99,55,0,62.5,1,4,0,0,10,0,1,0
STU04567,Feamle,22,MC,Hosteler,90982,81.2,7.64,17,0,70.3,0,7,0,1,13,0,0,0
STU04568,Male,20,MC,Day Scholar,119242,76.1,6.65,27,0,100.0,0,1,0,0,2,0,0,0
STU04569,Feamle,19,MC,Day Scholar,100239,68.7,7.39,14,3,77.9,1,4,0,0,5,0,0,0
STU04570,Male,18,MC,Day Scholar,59959,81.1,8.21,49,2,59.8,0,4,0,0,2,0,0,0
STU04571,Feamle,19,AIML,Day Scholar,35058,81.8,8.5,32,0,74.6,0,6,0,0,11,1,0,0
STU04572,Feamle,22,ECE,Day Scholar,72672,81.0,7.56,27,1,79.9,1,7,1,0,11,0,1,0
STU04573,Male,24,ECE,Day Scholar,98391,91.0,9.29,45,1,100.0,1,4,0,0,12,2,0,0
STU04574,Male,20,CSE,Hosteler,76849,94.4,6.08,71,0,72.5,0,5,0,0,4,0,0,0
STU04575,Male,19,MC,Hosteler,174560,100.0,8.71,93,0,73.4,0,4,1,1,2,0,0,0
STU04576,Male,19,AIML,Day Scholar,118563,62.4,8.06,0,0,84.4,0,6,0,1,12,0,0,0
STU04577,Male,22,AIML,Day Scholar,87192,66.4,6.08,70,0,93.2,1,5,0,1,7,3,0,0
STU04578,Male,24,CSE,Day Scholar,114391,80.4,7.35,54,0,100.0,0,6,0,1,5,0,1,0
STU04579,Feamle,18,ECE,Hosteler,129615,63.3,7.45,57,1,75.1,1,4,0,1,0,0,0,0
STU04580,Feamle,24,AIML,Day Scholar,124594,65.7,6.79,77,1,76.0,0,3,1,0,3,0,0,0
STU04581,Male,19,CSE,Hosteler,93509,82.1,6.77,20,0,56.3,1,4,0,1,7,2,0,0
STU04582,Feamle,22,ECE,Day Scholar,168047,88.5,4.71,55,0,54.7,1,5,0,0,4,1,0,0
STU04583,Male,18,AIML,Hosteler,140555,94.1,5.97,69,0,80.6,1,6,0,0,2,1,0,0
STU04584,Feamle,24,MC,Day Scholar,62392,72.1,6.64,16,0,62.4,0,3,1,0,7,0,1,0
STU04585,Feamle,24,CSE,Day Scholar,33305,81.9,6.14,77,0,49.0,1,7,0,0,9,0,1,0
STU04586,Male,24,AIML,Hosteler,96215,78.6,5.72,6,1,65.2,0,4,0,0,8,0,0,0
STU04587,Male,23,CSE,Hosteler,173033,75.3,8.59,78,2,55.5,0,6,0,0,0,2,0,0
STU04588,Male,18,CSE,Day Scholar,20228,62.8,6.84,71,1,78.7,0,5,0,0,2,0,0,0
STU04589,Feamle,24,CSE,Day Scholar,101179,60.9,10.0,59,1,54.7,1,1,0,0,11,0,0,0
STU04590,Male,23,MC,Hosteler,127864,85.0,7.33,47,0,72.3,1,5,0,0,9,0,1,0
STU04591,Feamle,20,ECE,Hosteler,103544,62.5,8.56,9,1,89.5,1,7,0,1,14,0,0,0
STU04592,Male,22,ECE,Hosteler,174546,48.3,6.69,92,1,75.6,0,5,0,0,4,0,0,0
STU04593,Feamle,24,AIML,Day Scholar,23979,74.5,6.01,40,0,78.2,0,10,0,0,8,0,1,0
STU04594,Feamle,18,MC,Hosteler,66343,96.8,7.39,18,0,56.4,0,4,0,0,11,0,1,0
STU04595,Male,23,ECE,Hosteler,20739,33.1,8.94,61,1,92.4,2,5,0,0,12,2,0,0
STU04596,Feamle,23,AIML,Day Scholar,170630,70.7,6.87,65,2,84.8,1,4,1,0,14,0,0,0
STU04597,Feamle,20,AIML,Day Scholar,57817,85.1,7.67,7,1,77.5,0,7,0,0,11,1,0,0
STU04598,Male,21,CSE,Hosteler,141124,47.6,7.39,29,0,84.1,1,7,0,1,0,0,0,0
STU04599,Feamle,22,MC,Day Scholar,58154,71.8,6.85,35,0,76.7,2,5,1,1,8,2,0,0
STU04600,Male,21,ECE,Day Scholar,183344,57.9,6.93,49,0,88.6,1,7,0,1,0,1,0,0
STU04601,Male,18,MC,Day Scholar,57339,59.9,5.5,81,0,94.3,1,3,0,0,12,0,0,0
STU04602,Male,22,MC,Hosteler,133591,69.0,6.98,1,0,72.3,0,4,1,0,7,0,0,0
STU04603,Male,20,ECE,Day Scholar,157666,58.2,7.98,4,0,70.9,0,9,1,0,7,1,0,0
STU04604,Feamle,18,ECE,Hosteler,33185,56.9,7.44,45,0,68.7,0,5,1,0,12,0,0,0
STU04605,Feamle,22,MC,Hosteler,144914,74.1,7.28,76,0,65.9,0,3,0,1,13,0,0,0
STU04606,Feamle,22,AIML,Hosteler,163644,100.0,8.09,39,1,62.2,0,8,0,0,2,0,1,0
STU04607,Male,21,MC,Day Scholar,125784,86.4,7.29,56,1,79.0,0,3,0,0,3,1,0,0
STU04608,Feamle,18,ECE,Day Scholar,168641,90.2,7.02,10,1,73.7,2,8,1,0,10,0,1,0
STU04609,Feamle,20,MC,Day Scholar,89753,87.0,8.1,71,1,79.1,1,4,0,0,11,0,0,0
STU04610,Male,20,ECE,Hosteler,168591,64.5,7.2,37,0,88.2,1,3,1,1,5,0,0,0
STU04611,Male,18,AIML,Day Scholar,51953,79.7,6.65,16,1,85.9,1,5,1,0,11,0,1,0
STU04612,Feamle,18,MC,Day Scholar,39804,91.5,7.7,74,0,100.0,0,7,1,0,6,0,0,0
STU04613,Male,23,AIML,Hosteler,96286,87.4,6.95,25,1,80.8,0,6,1,1,9,2,0,0
STU04614,Male,19,MC,Day Scholar,37275,77.9,6.58,38,0,75.2,0,3,0,1,12,0,0,0
STU04615,Male,21,MC,Hosteler,82068,82.8,7.23,97,0,81.5,1,6,1,1,11,0,1,0
STU04616,Male,18,ECE,Day Scholar,83344,100.0,7.25,66,0,92.9,0,5,0,0,10,0,0,0
STU04617,Feamle,18,CSE,Hosteler,98284,87.6,5.34,24,2,100.0,0,6,1,0,2,1,1,0
STU04618,Male,19,ECE,Day Scholar,142750,70.3,7.5,87,1,86.7,1,5,1,0,12,0,0,0
STU04619,Male,19,MC,Day Scholar,52601,73.9,9.77,86,1,83.7,0,3,0,1,7,0,0,0
STU04620,Male,22,CSE,Day Scholar,178647,59.2,5.53,29,0,100.0,1,6,1,1,10,0,1,0
STU04621,Male,24,CSE,Hosteler,72705,100.0,6.25,45,0,70.6,0,5,0,1,1,0,0,0
STU04622,Male,20,AIML,Day Scholar,75221,99.1,10.0,40,0,78.1,0,6,1,0,6,0,0,0
STU04623,Male,21,MC,Hosteler,183441,76.2,5.77,90,0,86.1,0,2,0,0,0,0,0,0
STU04624,Male,22,ECE,Day Scholar,64617,100.0,8.93,49,1,64.0,1,5,0,1,6,0,0,0
STU04625,Male,18,CSE,Day Scholar,78315,84.5,6.66,43,0,52.9,0,2,0,1,14,0,0,0
STU04626,Feamle,19,CSE,Hosteler,148240,68.5,7.09,9,1,92.4,0,5,0,0,6,0,1,0
STU04627,Male,23,ECE,Hosteler,35317,88.6,6.8,72,1,60.4,1,4,0,0,9,0,0,0
STU04628,Feamle,20,ECE,Day Scholar,76109,81.0,7.64,1,1,99.5,0,2,0,1,12,0,0,0
STU04629,Male,22,CSE,Day Scholar,179390,87.6,4.63,20,2,72.6,0,6,0,0,0,0,0,0
STU04630,Male,23,ECE,Hosteler,61239,54.5,7.28,74,1,76.7,0,7,0,0,13,2,0,1
STU04631,Male,20,AIML,Hosteler,38082,62.8,6.39,73,0,44.6,0,6,0,1,13,0,0,0
STU04632,Male,24,CSE,Hosteler,82520,97.3,4.21,24,0,88.4,0,9,1,1,0,0,1,0
STU04633,Feamle,24,AIML,Day Scholar,162151,100.0,8.68,68,0,89.9,0,7,1,0,8,1,1,0
STU04634,Male,23,MC,Day Scholar,22884,96.2,3.84,21,2,90.5,1,5,0,0,4,0,0,0
STU04635,Male,19,AIML,Day Scholar,187419,100.0,10.0,68,0,95.9,0,6,0,0,3,1,0,0
STU04636,Feamle,22,ECE,Day Scholar,87787,83.7,7.93,72,0,44.8,1,1,0,0,0,0,0,0
STU04637,Feamle,22,CSE,Day Scholar,169812,82.6,4.96,10,0,54.8,0,4,0,0,14,0,0,0
STU04638,Male,24,AIML,Day Scholar,134297,61.3,9.01,43,0,53.5,0,8,0,0,8,3,0,0
STU04639,Feamle,20,ECE,Hosteler,32815,66.3,5.87,4,0,72.0,0,5,0,0,3,1,0,0
STU04640,Feamle,23,ECE,Day Scholar,85177,45.2,5.94,5,0,62.4,0,2,0,0,14,0,1,1
STU04641,Feamle,19,AIML,Hosteler,193963,70.2,4.3,96,1,86.8,1,7,0,0,13,1,0,0
STU04642,Male,18,CSE,Hosteler,72566,44.1,5.7,15,0,79.6,0,3,0,1,1,0,0,0
STU04643,Male,22,AIML,Day Scholar,61968,91.2,5.88,45,1,88.7,0,6,1,0,2,0,0,0
STU04644,Male,18,MC,Hosteler,180985,80.8,8.23,23,0,90.1,1,9,1,0,6,0,0,0
STU04645,Feamle,19,AIML,Day Scholar,98440,44.6,8.75,13,0,39.9,0,1,0,0,4,0,0,0
STU04646,Male,24,AIML,Day Scholar,74860,72.2,5.14,23,0,97.2,0,5,0,0,14,0,0,0
STU04647,Feamle,22,CSE,Day Scholar,150134,100.0,7.41,75,0,72.1,0,2,0,1,7,1,0,0
STU04648,Male,22,AIML,Hosteler,38462,73.1,4.24,22,0,98.5,0,8,0,0,2,1,0,0
STU04649,Male,23,ECE,Hosteler,186554,60.0,7.41,38,0,49.8,0,8,0,0,0,0,0,0
STU04650,Feamle,18,CSE,Hosteler,152410,48.2,10.0,5,0,91.5,0,5,0,0,9,1,0,0
STU04651,Male,24,ECE,Day Scholar,163854,48.7,4.33,20,1,81.6,0,3,1,0,8,1,0,1
STU04652,Feamle,23,CSE,Day Scholar,105609,83.0,5.48,72,2,100.0,0,4,1,0,12,0,1,0
STU04653,Feamle,21,MC,Day Scholar,26614,68.5,8.09,45,1,83.2,2,10,0,0,12,0,0,0
STU04654,Male,18,MC,Day Scholar,151813,69.7,8.27,99,1,98.5,0,5,0,0,9,0,1,0
STU04655,Feamle,18,MC,Day Scholar,181282,68.6,5.59,40,0,46.6,0,4,0,0,8,0,0,0
STU04656,Male,21,AIML,Day Scholar,86269,72.9,9.21,58,0,80.3,2,5,1,0,11,0,0,0
STU04657,Male,19,MC,Day Scholar,33944,56.6,5.78,68,1,64.3,1,3,0,0,14,0,1,1
STU04658,Feamle,19,CSE,Hosteler,21806,79.7,9.51,41,1,72.9,0,6,0,0,2,0,0,0
STU04659,Male,22,MC,Day Scholar,164357,53.7,7.7,94,0,78.2,0,2,0,0,14,0,0,0
STU04660,Feamle,20,CSE,Day Scholar,128874,63.7,8.91,58,0,64.4,0,6,0,0,13,0,0,0
STU04661,Male,23,ECE,Hosteler,96993,90.2,7.56,34,3,92.3,0,4,1,0,11,0,1,0
STU04662,Male,20,AIML,Hosteler,60126,80.6,7.99,40,0,98.0,2,10,1,0,7,0,0,0
STU04663,Male,22,ECE,Hosteler,100123,85.3,8.07,66,1,60.6,2,2,0,0,4,0,1,0
STU04664,Male,20,ECE,Day Scholar,156929,100.0,8.72,82,0,84.7,0,8,0,0,3,0,0,0
STU04665,Male,18,MC,Hosteler,53792,74.1,6.95,82,1,42.6,0,6,0,1,0,0,1,0
STU04666,Feamle,18,MC,Day Scholar,127978,75.3,5.65,64,1,99.1,0,4,1,1,12,0,0,0
STU04667,Feamle,21,MC,Day Scholar,107684,71.0,6.88,85,0,81.5,1,6,0,0,14,2,0,0
STU04668,Feamle,21,ECE,Day Scholar,74361,68.3,6.0,18,0,78.0,1,5,1,1,11,0,0,0
STU04669,Feamle,22,AIML,Hosteler,56322,59.8,6.1,89,1,100.0,0,6,1,0,10,0,0,0
STU04670,Feamle,22,AIML,Hosteler,162980,76.3,9.48,78,1,86.2,2,3,1,0,3,0,0,0
STU04671,Feamle,24,ECE,Hosteler,84627,80.3,7.93,18,1,100.0,0,5,0,0,3,0,1,0
STU04672,Male,22,AIML,Hosteler,172274,81.2,7.87,24,1,58.2,0,7,0,0,1,0,1,0
STU04673,Male,18,ECE,Day Scholar,112228,76.0,8.61,38,1,60.3,0,3,1,0,12,0,0,0
STU04674,Feamle,20,ECE,Hosteler,90102,88.9,7.93,94,1,96.6,1,6,0,0,6,0,0,0
STU04675,Feamle,23,AIML,Day Scholar,79883,75.4,9.8,93,0,74.8,0,9,1,0,11,0,0,0
STU04676,Male,24,CSE,Hosteler,116555,68.9,3.86,32,1,100.0,1,5,0,0,10,0,0,0
STU04677,Male,24,CSE,Day Scholar,150191,61.1,5.5,79,1,60.0,1,2,0,0,14,2,0,0
STU04678,Male,24,MC,Day Scholar,99558,51.8,5.95,39,0,100.0,1,1,0,0,1,0,0,0
STU04679,Feamle,22,AIML,Day Scholar,129461,96.9,4.94,11,1,78.7,0,8,0,0,12,2,0,0
STU04680,Feamle,22,MC,Day Scholar,194792,64.5,7.17,91,0,80.6,0,4,0,0,13,0,0,0
STU04681,Feamle,18,ECE,Hosteler,59662,61.1,7.24,29,0,55.1,0,6,1,1,14,0,0,0
STU04682,Male,23,CSE,Day Scholar,47030,68.7,9.96,69,0,100.0,0,9,0,1,8,0,0,0
STU04683,Male,18,AIML,Day Scholar,59850,70.8,8.36,41,1,89.2,0,11,0,1,8,0,0,0
STU04684,Feamle,23,AIML,Day Scholar,149603,99.6,6.24,13,1,91.8,0,3,0,0,14,0,0,0
STU04685,Feamle,18,AIML,Day Scholar,144825,70.1,7.74,4,1,52.3,0,3,1,1,7,0,1,0
STU04686,Male,20,CSE,Day Scholar,105288,100.0,4.26,35,0,75.7,0,3,0,0,11,0,0,0
STU04687,Male,22,MC,Day Scholar,55397,76.0,7.21,58,0,79.0,2,10,1,1,6,1,0,0
STU04688,Male,19,CSE,Day Scholar,76094,100.0,7.13,56,0,53.7,0,5,0,0,10,0,0,0
STU04689,Male,19,MC,Day Scholar,110640,88.4,5.65,86,0,94.1,0,5,0,1,6,1,0,0
STU04690,Feamle,22,ECE,Hosteler,171688,80.4,6.7,59,0,98.6,0,6,0,0,3,0,0,0
STU04691,Male,24,ECE,Day Scholar,157733,98.7,5.96,95,0,51.0,0,5,0,0,10,0,1,0
STU04692,Male,22,MC,Day Scholar,177119,91.8,5.6,94,0,79.4,1,2,0,0,14,1,1,0
STU04693,Male,22,ECE,Day Scholar,190115,84.5,8.01,77,0,97.5,0,6,0,1,2,0,0,0
STU04694,Feamle,22,ECE,Day Scholar,197514,100.0,8.55,95,1,100.0,1,4,0,1,11,0,1,0
STU04695,Feamle,24,AIML,Hosteler,81378,67.5,7.76,62,0,96.5,0,3,0,1,2,2,0,0
STU04696,Male,23,AIML,Day Scholar,45943,60.1,6.34,48,0,59.9,0,5,0,0,5,1,0,0
STU04697,Male,20,CSE,Day Scholar,54487,64.9,6.01,90,0,61.6,0,8,0,0,8,0,0,0
STU04698,Male,19,CSE,Day Scholar,94769,100.0,6.39,64,1,85.5,1,6,0,0,12,0,0,0
STU04699,Feamle,21,CSE,Hosteler,89023,96.8,6.67,51,0,94.2,0,2,1,0,1,0,1,0
STU04700,Feamle,19,AIML,Day Scholar,175631,67.1,5.69,8,1,80.0,0,4,0,0,13,0,0,0
STU04701,Feamle,19,CSE,Day Scholar,91380,39.7,8.58,15,0,70.8,1,7,0,0,10,2,0,0
STU04702,Male,24,CSE,Day Scholar,192591,71.9,6.7,34,0,96.1,0,6,0,0,5,0,0,0
STU04703,Feamle,18,AIML,Day Scholar,31416,59.8,8.15,73,0,100.0,0,4,0,0,8,0,0,0
STU04704,Male,22,MC,Day Scholar,42859,67.6,4.9,15,0,73.8,1,4,0,0,13,1,1,1
STU04705,Male,22,AIML,Day Scholar,107789,59.2,5.97,93,0,80.0,0,4,0,0,10,2,0,0
STU04706,Male,22,MC,Day Scholar,124766,50.9,8.29,32,0,93.3,0,5,0,0,5,0,1,0
STU04707,Feamle,18,AIML,Hosteler,38184,100.0,8.31,50,0,72.3,0,3,0,0,4,1,1,0
STU04708,Male,24,CSE,Hosteler,47846,64.7,5.2,60,0,98.1,1,1,1,0,10,1,0,0
STU04709,Feamle,20,ECE,Hosteler,62771,96.2,7.45,78,0,71.0,0,5,0,1,0,0,1,0
STU04710,Feamle,20,ECE,Day Scholar,106995,71.7,7.49,58,0,99.9,1,4,0,0,14,1,0,0
STU04711,Male,24,MC,Day Scholar,166570,58.0,5.94,71,0,66.4,0,7,0,0,9,1,0,0
STU04712,Male,21,MC,Day Scholar,89798,82.6,7.54,3,1,100.0,0,5,1,1,3,0,0,0
STU04713,Feamle,20,MC,Day Scholar,52914,69.1,4.63,1,1,78.9,1,6,0,0,8,1,1,0
STU04714,Male,24,ECE,Day Scholar,149962,71.9,5.61,70,0,92.9,0,7,1,0,10,0,0,0
STU04715,Feamle,20,MC,Day Scholar,65500,77.2,7.9,57,0,100.0,1,6,0,1,6,0,0,0
STU04716,Male,22,AIML,Hosteler,185957,62.8,7.04,61,0,78.5,1,5,0,0,9,0,0,0
STU04717,Feamle,23,AIML,Day Scholar,58215,50.7,7.12,97,0,86.9,0,8,1,0,1,2,0,0
STU04718,Feamle,24,ECE,Hosteler,84320,74.2,6.74,24,2,82.5,0,8,1,0,6,0,0,0
STU04719,Feamle,19,AIML,Hosteler,129159,89.5,7.81,70,2,100.0,0,2,0,1,11,2,1,0
STU04720,Feamle,20,MC,Hosteler,49924,61.5,7.88,24,0,100.0,1,2,1,0,3,0,0,0
STU04721,Male,20,ECE,Hosteler,83113,77.3,8.19,65,1,66.8,0,9,0,0,13,0,1,0
STU04722,Male,18,MC,Hosteler,20318,97.6,7.19,25,1,60.0,0,4,0,1,4,0,0,0
STU04723,Feamle,21,AIML,Day Scholar,97859,73.7,6.42,99,0,91.5,0,2,0,1,2,1,0,0
STU04724,Feamle,23,MC,Hosteler,156821,76.3,6.16,54,1,83.3,0,7,0,0,8,0,0,0
STU04725,Male,18,ECE,Day Scholar,118558,75.8,5.41,2,1,100.0,0,4,0,0,3,0,0,0
STU04726,Male,22,MC,Hosteler,160600,64.8,6.4,45,1,89.0,1,6,1,1,13,0,0,0
STU04727,Male,19,AIML,Hosteler,41441,60.1,6.09,28,1,81.0,0,2,0,1,0,0,1,0
STU04728,Male,21,CSE,Day Scholar,159598,60.2,9.4,57,0,61.8,1,4,1,1,2,0,1,0
STU04729,Male,18,ECE,Day Scholar,188233,80.5,5.43,10,0,71.0,0,6,1,1,7,0,0,0
STU04730,Male,24,MC,Day Scholar,21044,86.4,8.56,20,1,66.8,0,6,0,0,7,1,1,0
STU04731,Feamle,20,ECE,Day Scholar,98301,87.1,6.6,42,1,73.2,1,5,0,0,2,0,0,0
STU04732,Male,20,MC,Day Scholar,169247,69.3,6.69,3,0,73.2,0,3,0,0,14,2,0,0
STU04733,Male,21,CSE,Day Scholar,199959,91.4,7.6,68,0,72.9,0,5,1,0,5,0,0,0
STU04734,Feamle,20,AIML,Day Scholar,20961,79.6,4.87,69,1,81.0,3,5,0,1,7,2,0,0
STU04735,Male,24,MC,Day Scholar,125820,76.1,5.8,21,0,91.8,1,8,0,0,2,0,0,0
STU04736,Male,18,MC,Hosteler,36973,24.9,5.14,5,1,100.0,0,8,0,0,3,0,1,1
STU04737,Male,18,CSE,Day Scholar,63393,62.7,6.43,77,0,96.0,2,6,0,0,13,0,0,0
STU04738,Male,20,ECE,Hosteler,121293,52.2,5.64,21,1,51.9,0,1,0,1,2,0,0,0
STU04739,Male,20,AIML,Day Scholar,58433,84.4,8.98,15,1,55.8,1,3,0,0,5,1,0,0
STU04740,Feamle,22,MC,Day Scholar,90077,76.4,6.12,95,0,73.2,2,5,1,0,3,1,0,0
STU04741,Male,19,MC,Hosteler,181750,58.9,3.43,35,0,58.0,0,5,0,0,14,0,0,1
STU04742,Feamle,21,AIML,Hosteler,38344,79.6,6.5,49,0,88.9,0,5,0,0,0,0,1,0
STU04743,Feamle,18,CSE,Hosteler,196226,53.6,8.21,57,1,79.7,0,7,0,0,13,0,0,0
STU04744,Male,21,ECE,Day Scholar,159918,59.3,9.45,70,0,82.7,0,3,0,0,1,1,0,0
STU04745,Feamle,22,AIML,Hosteler,184918,64.3,6.66,86,0,100.0,0,7,1,0,0,0,0,0
STU04746,Male,18,ECE,Hosteler,127851,83.1,6.22,50,1,73.3,0,1,1,0,12,0,1,0
STU04747,Feamle,22,CSE,Day Scholar,90565,96.0,6.98,77,1,57.8,0,2,0,1,14,0,0,0
STU04748,Feamle,22,CSE,Day Scholar,78802,66.2,7.62,46,1,76.2,0,10,0,0,11,0,0,0
STU04749,Male,23,AIML,Hosteler,36272,94.8,5.31,52,0,37.8,0,3,0,0,10,2,0,0
STU04750,Male,20,MC,Hosteler,199685,75.7,6.63,5,1,77.1,0,2,0,1,5,0,1,0
STU04751,Male,24,CSE,Hosteler,109306,78.5,6.93,24,0,30.6,0,4,1,1,3,0,1,0
STU04752,Male,23,CSE,Hosteler,146162,74.0,7.07,2,0,80.8,0,8,0,1,8,0,1,0
STU04753,Male,21,AIML,Hosteler,33104,72.0,6.78,12,0,100.0,2,5,0,0,2,0,0,0
STU04754,Feamle,24,AIML,Day Scholar,166927,81.6,5.6,52,0,91.0,0,4,0,0,4,1,0,0
STU04755,Feamle,21,AIML,Day Scholar,188596,86.1,7.51,66,0,86.5,0,6,0,0,9,0,1,0
STU04756,Feamle,20,CSE,Day Scholar,141063,61.7,6.93,30,1,90.3,0,9,0,1,1,0,0,0
STU04757,Feamle,24,ECE,Day Scholar,86455,72.2,6.93,66,1,65.5,2,6,0,0,6,2,1,0
STU04758,Feamle,23,CSE,Hosteler,62706,100.0,5.38,80,0,39.1,2,5,0,0,11,1,0,0
STU04759,Feamle,21,AIML,Hosteler,54526,77.7,7.96,54,1,55.7,2,13,0,0,9,0,0,0
STU04760,Feamle,23,MC,Day Scholar,160435,79.3,5.58,65,1,92.3,1,5,0,0,4,0,0,0
STU04761,Male,20,MC,Hosteler,69511,92.5,9.42,4,2,99.8,0,4,0,1,11,0,1,0
STU04762,Male,24,AIML,Day Scholar,76738,67.5,5.23,8,0,100.0,2,5,0,0,2,1,0,0
STU04763,Feamle,24,MC,Day Scholar,99791,74.5,8.14,28,1,54.2,0,3,0,0,7,2,0,0
STU04764,Feamle,18,CSE,Day Scholar,21440,87.3,4.14,34,0,100.0,0,7,1,0,10,1,0,0
STU04765,Male,22,ECE,Hosteler,129415,93.6,3.61,99,2,54.6,0,6,0,0,10,0,0,0
STU04766,Male,22,CSE,Hosteler,140360,39.5,6.17,34,0,88.5,0,2,0,0,1,1,0,0
STU04767,Male,23,AIML,Day Scholar,195285,63.9,3.61,49,0,91.6,0,7,0,0,1,0,0,0
STU04768,Male,24,CSE,Day Scholar,20555,60.0,8.09,29,0,66.6,1,4,0,0,10,0,0,0
STU04769,Feamle,21,MC,Hosteler,127729,73.1,6.97,14,0,96.2,0,4,0,0,4,3,0,0
STU04770,Male,23,CSE,Day Scholar,97648,61.2,9.1,28,0,36.3,1,2,0,1,5,0,0,0
STU04771,Feamle,23,ECE,Hosteler,146919,85.0,6.75,24,0,60.1,0,6,0,0,10,0,0,0
STU04772,Feamle,19,MC,Hosteler,21535,77.6,7.36,74,0,64.4,1,4,1,1,4,0,0,0
STU04773,Feamle,24,ECE,Day Scholar,166003,88.3,6.6,100,0,93.2,0,3,0,0,12,0,1,0
STU04774,Male,22,ECE,Day Scholar,139773,89.3,5.69,56,1,92.6,0,6,0,0,14,0,0,0
STU04775,Male,24,ECE,Day Scholar,64262,85.2,6.39,50,2,84.4,0,6,0,0,12,0,0,0
STU04776,Feamle,20,CSE,Day Scholar,111021,70.0,5.19,67,0,84.2,0,9,0,0,2,1,0,0
STU04777,Feamle,23,CSE,Hosteler,44587,76.6,7.58,57,3,100.0,2,6,0,1,2,1,0,0
STU04778,Feamle,19,CSE,Day Scholar,119283,68.1,6.54,11,0,72.7,1,3,1,0,2,1,0,0
STU04779,Male,19,CSE,Hosteler,184112,54.5,6.85,95,2,71.1,0,6,1,1,11,1,1,1
STU04780,Feamle,22,MC,Day Scholar,65543,89.3,10.0,68,0,76.9,0,6,0,1,2,0,1,0
STU04781,Male,22,CSE,Day Scholar,109177,73.7,6.4,100,0,60.2,1,4,0,0,2,3,1,0
STU04782,Feamle,22,MC,Hosteler,177645,52.5,7.47,36,0,92.4,1,7,0,0,9,0,0,0
STU04783,Feamle,20,ECE,Day Scholar,90680,83.1,6.92,24,0,55.4,3,6,0,0,7,0,0,0
STU04784,Feamle,19,MC,Day Scholar,139321,71.6,8.74,67,0,76.4,0,3,1,0,4,0,0,0
STU04785,Male,21,AIML,Day Scholar,152760,44.1,7.36,23,0,98.2,0,6,0,0,11,0,0,0
STU04786,Male,20,CSE,Day Scholar,133624,54.4,6.59,35,0,74.9,0,9,1,1,9,0,0,0
STU04787,Feamle,18,AIML,Hosteler,103515,64.5,10.0,1,1,59.1,0,7,0,0,7,0,0,0
STU04788,Male,23,MC,Hosteler,51803,78.2,5.71,34,1,86.7,0,8,0,0,11,0,0,0
STU04789,Feamle,22,CSE,Hosteler,167226,86.8,6.71,99,2,94.5,1,2,1,1,1,0,0,0
STU04790,Male,19,AIML,Hosteler,137930,86.3,8.37,7,1,89.4,1,4,0,0,10,2,0,0
STU04791,Male,23,CSE,Day Scholar,43998,84.0,5.77,72,1,90.3,0,8,0,0,2,0,0,0
STU04792,Male,24,MC,Day Scholar,149944,74.5,8.15,27,1,65.9,0,4,0,1,0,0,1,0
STU04793,Feamle,20,AIML,Day Scholar,25786,100.0,6.28,59,0,100.0,0,7,0,0,11,0,0,0
STU04794,Male,18,MC,Day Scholar,79059,85.5,8.5,53,2,100.0,0,7,0,0,5,0,1,0
STU04795,Male,24,AIML,Day Scholar,114450,78.3,8.47,43,1,66.5,0,5,0,1,11,0,1,0
STU04796,Feamle,20,ECE,Hosteler,176849,83.5,6.86,9,0,84.5,1,1,0,0,4,0,1,0
STU04797,Feamle,20,ECE,Day Scholar,93984,69.0,5.5,4,1,84.4,0,3,0,0,14,0,1,0
STU04798,Feamle,21,ECE,Day Scholar,47139,74.1,6.41,100,0,83.2,0,5,0,0,11,0,0,0
STU04799,Feamle,23,ECE,Day Scholar,174653,43.8,6.98,46,1,88.7,1,7,0,1,0,2,0,0
STU04800,Male,21,ECE,Hosteler,47993,69.2,8.33,30,0,80.0,1,8,0,0,13,0,0,0
STU04801,Male,20,MC,Day Scholar,62048,100.0,7.48,28,0,91.9,0,2,0,1,3,1,0,0
STU04802,Male,18,ECE,Hosteler,163995,77.2,7.81,2,1,97.5,0,4,0,0,6,0,0,0
STU04803,Male,19,MC,Day Scholar,164156,76.6,7.52,25,1,88.0,0,9,0,0,2,1,1,0
STU04804,Male,19,ECE,Day Scholar,103096,90.0,8.27,94,0,67.6,0,6,0,0,7,0,0,0
STU04805,Feamle,24,CSE,Hosteler,173639,80.4,6.7,1,0,100.0,0,3,1,0,10,2,0,0
STU04806,Male,23,ECE,Day Scholar,39481,63.2,7.25,78,0,79.0,0,10,1,0,13,0,0,0
STU04807,Male,22,CSE,Day Scholar,117552,75.4,7.04,76,1,84.1,0,3,0,0,10,0,0,0
STU04808,Male,22,MC,Day Scholar,31422,58.0,6.34,91,1,71.7,1,9,0,0,3,0,0,0
STU04809,Feamle,19,ECE,Day Scholar,87260,77.8,8.52,55,0,100.0,0,6,0,0,5,0,0,0
STU04810,Feamle,20,AIML,Hosteler,88164,62.4,8.49,13,0,68.4,1,2,0,0,13,1,0,0
STU04811,Male,20,MC,Day Scholar,75296,88.9,8.81,75,1,77.8,1,7,0,0,1,0,0,0
STU04812,Feamle,21,ECE,Day Scholar,47875,67.3,5.85,14,2,100.0,1,2,1,0,2,0,0,0
STU04813,Feamle,23,MC,Hosteler,37734,62.6,7.53,84,0,44.0,1,3,0,1,6,0,0,0
STU04814,Feamle,21,AIML,Day Scholar,71700,73.3,8.64,92,0,62.9,1,2,1,0,7,0,0,0
STU04815,Feamle,22,ECE,Day Scholar,33786,80.5,9.25,44,0,100.0,0,5,0,1,7,0,1,0
STU04816,Feamle,19,AIML,Hosteler,144258,56.9,4.74,98,0,82.4,3,0,0,0,10,0,0,1
STU04817,Feamle,24,ECE,Hosteler,74395,67.2,7.0,46,1,91.6,0,6,1,1,10,1,0,0
STU04818,Feamle,20,CSE,Hosteler,135665,76.6,6.72,19,2,53.7,0,4,0,0,4,0,1,0
STU04819,Male,19,MC,Day Scholar,107463,95.1,9.39,17,0,76.2,0,4,1,0,1,1,0,0
STU04820,Male,18,AIML,Day Scholar,84763,37.1,3.69,78,0,77.6,0,5,1,0,3,2,0,1
STU04821,Feamle,19,MC,Hosteler,107773,84.2,5.43,60,0,80.3,0,7,0,1,7,0,0,0
STU04822,Male,18,AIML,Day Scholar,122076,69.2,9.15,75,1,81.7,2,5,0,0,13,2,0,0
STU04823,Male,21,MC,Hosteler,55301,67.6,6.3,97,0,37.6,0,2,0,1,12,0,0,0
STU04824,Feamle,21,MC,Day Scholar,136582,64.8,5.05,4,0,77.2,0,5,0,0,12,0,0,0
STU04825,Male,22,MC,Day Scholar,79724,69.5,9.27,57,0,100.0,0,7,1,0,7,0,0,0
STU04826,Feamle,19,CSE,Day Scholar,78976,84.3,4.85,80,1,74.5,0,5,0,0,0,0,0,0
STU04827,Feamle,19,ECE,Hosteler,41735,66.9,8.53,76,0,61.5,1,8,1,0,6,1,0,0
STU04828,Feamle,18,CSE,Day Scholar,120344,99.9,4.66,59,0,68.1,2,5,1,0,6,0,0,0
STU04829,Male,21,MC,Day Scholar,103485,84.4,4.84,12,1,100.0,0,7,1,0,14,1,0,1
STU04830,Male,18,AIML,Day Scholar,40509,78.0,7.3,99,1,29.5,0,9,0,0,11,0,1,0
STU04831,Male,21,MC,Day Scholar,114934,72.5,5.73,79,0,92.8,1,3,0,0,13,0,1,0
STU04832,Male,18,ECE,Hosteler,186679,92.8,7.41,39,0,87.5,0,7,0,0,5,0,1,0
STU04833,Feamle,21,CSE,Day Scholar,195579,95.0,9.7,66,0,63.9,0,7,1,0,5,1,0,0
STU04834,Feamle,18,ECE,Day Scholar,133362,57.6,6.77,51,1,100.0,0,3,0,0,4,0,0,0
STU04835,Male,24,AIML,Day Scholar,72540,64.5,9.44,1,1,99.0,0,5,0,0,12,1,0,0
STU04836,Feamle,21,ECE,Day Scholar,192016,84.5,7.49,88,1,83.7,0,3,0,0,2,0,0,0
STU04837,Feamle,23,CSE,Day Scholar,59308,89.1,8.43,52,0,100.0,0,3,0,0,8,0,1,0
STU04838,Male,18,AIML,Hosteler,163484,70.5,3.47,66,0,92.1,1,7,0,0,2,1,0,0
STU04839,Feamle,19,ECE,Hosteler,121047,63.9,7.95,10,1,87.7,0,9,0,0,0,0,0,0
STU04840,Male,22,CSE,Hosteler,178222,76.2,7.72,10,0,84.0,0,9,0,1,10,0,1,0
STU04841,Feamle,23,CSE,Hosteler,95605,97.2,6.46,9,0,69.5,0,7,0,0,3,0,1,0
STU04842,Male,23,MC,Day Scholar,182904,75.6,9.84,27,0,100.0,0,4,0,0,11,0,0,0
STU04843,Feamle,18,ECE,Day Scholar,139319,56.0,6.26,10,0,77.9,0,5,1,0,12,1,0,0
STU04844,Feamle,22,AIML,Day Scholar,143480,76.6,4.59,6,0,100.0,0,8,1,0,0,0,0,0
STU04845,Male,19,MC,Day Scholar,89128,86.7,8.17,28,0,100.0,1,3,0,0,6,2,0,0
STU04846,Male,23,ECE,Day Scholar,101453,73.5,4.86,64,0,99.3,0,4,0,0,2,1,0,0
STU04847,Male,19,ECE,Hosteler,143485,93.9,7.11,51,0,71.7,0,10,0,1,4,1,0,0
STU04848,Male,21,AIML,Hosteler,27238,88.0,9.01,14,0,63.0,0,8,0,0,3,2,0,0
STU04849,Feamle,24,MC,Hosteler,121051,74.1,7.75,6,0,79.3,0,3,0,0,3,0,0,0
STU04850,Feamle,22,MC,Day Scholar,144937,75.6,6.63,67,0,80.1,1,1,0,0,12,1,1,0
STU04851,Male,24,AIML,Hosteler,80930,47.4,6.47,54,2,72.3,1,5,0,0,4,0,0,0
STU04852,Feamle,20,MC,Hosteler,156722,93.2,8.9,2,2,100.0,1,2,0,0,6,0,0,0
STU04853,Male,21,CSE,Day Scholar,138913,70.1,5.17,19,0,98.4,1,7,0,0,7,0,1,0
STU04854,Male,22,AIML,Day Scholar,188336,69.0,8.16,2,0,95.3,0,4,1,0,10,2,0,0
STU04855,Feamle,18,ECE,Day Scholar,144124,66.8,10.0,28,0,100.0,0,5,1,0,12,1,0,0
STU04856,Feamle,24,AIML,Day Scholar,37807,81.9,7.82,19,1,84.8,1,3,0,0,3,0,1,0
STU04857,Male,18,CSE,Day Scholar,176784,58.1,6.64,9,1,58.5,0,5,0,0,2,0,0,0
STU04858,Male,19,AIML,Day Scholar,178937,60.2,6.76,60,1,100.0,1,8,0,1,14,0,0,0
STU04859,Male,23,ECE,Day Scholar,110811,74.2,6.28,98,0,89.7,0,2,0,0,11,0,0,0
STU04860,Feamle,24,ECE,Day Scholar,21145,65.6,6.02,89,1,100.0,0,5,0,0,8,1,0,0
STU04861,Feamle,20,AIML,Hosteler,132233,80.0,7.18,93,1,89.3,0,3,0,0,13,1,0,0
STU04862,Feamle,18,AIML,Hosteler,157314,66.2,8.02,89,0,68.4,0,4,1,0,0,0,1,0
STU04863,Feamle,22,CSE,Hosteler,164904,98.9,9.42,36,0,56.3,0,1,0,0,11,0,0,0
STU04864,Male,24,CSE,Day Scholar,79328,85.4,4.07,83,1,99.4,0,8,1,0,14,1,0,0
STU04865,Male,24,ECE,Day Scholar,99821,85.2,3.34,50,0,72.2,1,3,1,0,10,0,0,0
STU04866,Male,23,MC,Hosteler,67852,65.9,9.45,41,1,100.0,1,7,1,0,5,0,1,0
STU04867,Male,23,MC,Hosteler,21992,100.0,7.09,72,0,40.1,0,5,0,0,3,0,0,0
STU04868,Male,22,MC,Day Scholar,56890,68.4,7.16,74,2,93.4,0,5,0,1,6,0,0,0
STU04869,Male,23,MC,Day Scholar,114326,64.3,7.75,96,1,91.7,1,4,0,0,4,0,0,0
STU04870,Feamle,18,ECE,Day Scholar,180466,85.6,6.72,29,0,100.0,0,8,1,0,0,0,1,0
STU04871,Feamle,22,MC,Day Scholar,145027,77.9,9.96,93,0,72.1,2,2,0,0,14,0,0,0
STU04872,Male,22,MC,Day Scholar,130594,62.7,7.74,44,2,79.5,0,4,0,0,1,0,0,0
STU04873,Male,19,AIML,Day Scholar,85353,100.0,6.33,86,1,100.0,1,6,0,0,7,0,0,0
STU04874,Feamle,20,MC,Hosteler,43880,89.6,6.46,99,1,100.0,0,3,1,0,7,0,0,0
STU04875,Feamle,24,AIML,Hosteler,105520,75.1,6.78,23,1,69.3,0,5,0,0,4,0,0,0
STU04876,Feamle,19,ECE,Day Scholar,48975,100.0,5.83,30,1,59.7,0,7,1,0,1,2,0,0
STU04877,Feamle,20,AIML,Day Scholar,155082,87.2,9.53,22,0,82.7,2,3,0,0,14,0,0,0
STU04878,Male,22,CSE,Day Scholar,140003,74.8,7.19,52,1,100.0,0,3,0,0,3,0,0,0
STU04879,Male,24,AIML,Day Scholar,187160,100.0,5.24,41,1,94.0,1,7,0,0,1,0,0,0
STU04880,Male,23,MC,Day Scholar,142237,84.9,7.61,35,0,77.9,0,4,0,1,13,1,0,0
STU04881,Male,20,AIML,Hosteler,60596,84.2,9.16,33,1,100.0,1,1,0,0,13,2,0,0
STU04882,Male,22,AIML,Day Scholar,60653,69.2,8.59,84,1,74.3,0,6,0,0,6,1,1,0
STU04883,Feamle,22,ECE,Day Scholar,126172,75.7,5.86,25,1,88.6,0,5,0,0,7,0,0,0
STU04884,Male,19,ECE,Hosteler,183227,68.8,5.34,70,1,57.1,2,3,0,0,5,1,0,0
STU04885,Feamle,19,MC,Day Scholar,157421,96.6,9.14,24,1,67.0,0,5,0,1,8,0,1,0
STU04886,Male,23,CSE,Hosteler,43347,50.9,4.56,2,0,80.7,0,5,0,1,11,0,0,1
STU04887,Male,21,CSE,Hosteler,89388,95.5,7.56,42,1,91.1,1,8,0,1,0,1,0,0
STU04888,Male,18,AIML,Day Scholar,82241,61.8,6.15,81,2,37.0,1,5,0,0,7,0,0,0
STU04889,Male,21,CSE,Day Scholar,74142,74.1,8.97,5,2,64.6,0,6,0,0,4,0,1,0
STU04890,Male,21,ECE,Hosteler,164232,70.6,5.42,53,1,36.7,0,4,1,1,0,0,0,0
STU04891,Feamle,24,MC,Day Scholar,85923,67.2,5.81,51,0,47.2,2,9,1,1,8,0,1,0
STU04892,Feamle,24,MC,Day Scholar,66891,85.3,7.93,12,0,100.0,0,4,0,0,1,0,0,0
STU04893,Feamle,23,ECE,Day Scholar,125341,74.9,8.19,65,1,67.0,0,3,0,0,1,0,0,0
STU04894,Male,24,MC,Hosteler,166830,65.0,9.04,55,0,100.0,0,4,0,0,11,0,0,0
STU04895,Male,20,AIML,Hosteler,22003,77.3,7.71,46,0,55.0,0,7,0,0,10,0,0,0
STU04896,Feamle,23,MC,Hosteler,176679,64.6,7.52,76,0,96.5,2,7,0,1,0,0,0,0
STU04897,Male,23,CSE,Day Scholar,58513,66.9,8.57,64,1,85.1,0,7,0,0,8,0,0,0
STU04898,Male,22,MC,Day Scholar,136228,52.5,4.94,65,1,81.1,1,9,0,1,0,1,0,1
STU04899,Feamle,22,MC,Day Scholar,110561,68.2,5.68,67,0,52.3,0,5,0,0,14,1,1,0
STU04900,Male,22,ECE,Day Scholar,45672,82.4,5.07,12,0,72.3,0,6,0,0,6,0,0,0
STU04901,Feamle,18,ECE,Day Scholar,61819,75.6,2.97,29,1,80.2,0,4,1,0,5,0,1,0
STU04902,Male,20,CSE,Day Scholar,125408,100.0,8.26,75,0,73.5,0,5,0,0,14,2,0,0
STU04903,Feamle,20,ECE,Day Scholar,182675,100.0,9.14,32,1,88.9,0,3,1,0,0,0,1,0
STU04904,Male,22,CSE,Hosteler,136707,68.0,7.83,37,0,70.6,0,4,0,1,9,0,0,0
STU04905,Male,21,AIML,Hosteler,127376,62.5,7.57,42,0,70.6,2,5,0,0,2,0,0,0
STU04906,Feamle,18,CSE,Day Scholar,128777,91.9,7.13,97,0,80.0,2,5,0,0,0,0,0,0
STU04907,Male,21,MC,Day Scholar,134917,80.0,7.08,2,0,99.0,0,2,1,0,0,0,0,0
STU04908,Male,19,CSE,Day Scholar,191550,92.0,9.54,42,0,100.0,2,6,0,0,10,0,0,0
STU04909,Feamle,20,AIML,Day Scholar,101714,81.0,9.32,72,1,65.8,0,2,0,0,10,0,0,0
STU04910,Male,20,MC,Day Scholar,103752,72.1,6.12,70,0,35.3,0,8,1,0,0,1,0,0
STU04911,Feamle,21,CSE,Day Scholar,93778,72.2,8.66,3,0,96.6,1,7,0,0,2,0,0,0
STU04912,Male,18,ECE,Day Scholar,149682,81.5,8.84,91,0,100.0,1,7,0,1,7,0,0,0
STU04913,Male,20,ECE,Day Scholar,138366,71.8,7.98,31,0,55.5,0,7,0,1,10,2,0,0
STU04914,Male,21,ECE,Hosteler,158568,93.3,7.58,0,0,100.0,0,9,0,0,6,1,0,0
STU04915,Male,23,CSE,Hosteler,148037,55.5,7.53,12,0,92.5,1,6,0,0,7,1,0,0
STU04916,Feamle,23,CSE,Day Scholar,48357,93.2,4.78,35,2,56.5,1,5,1,0,12,1,0,0
STU04917,Male,24,AIML,Hosteler,66252,46.9,4.64,25,0,27.0,2,1,0,0,10,0,0,1
STU04918,Feamle,18,MC,Day Scholar,182284,77.2,8.17,76,0,66.4,1,4,1,0,3,0,1,0
STU04919,Male,21,MC,Hosteler,25887,70.0,5.35,21,0,100.0,0,4,0,1,0,1,1,1
STU04920,Male,24,MC,Hosteler,103398,52.3,4.92,87,1,69.3,0,4,0,0,5,2,0,1
STU04921,Male,23,MC,Hosteler,185928,44.1,3.89,10,0,81.8,0,4,0,1,13,1,0,1
STU04922,Male,18,CSE,Hosteler,26040,58.5,6.29,24,0,46.3,0,7,0,0,7,0,1,0
STU04923,Feamle,24,CSE,Hosteler,164512,75.7,7.56,78,0,96.8,0,6,0,1,9,0,0,0
STU04924,Feamle,22,AIML,Hosteler,148053,66.0,7.68,44,1,73.1,0,3,0,1,3,0,0,0
STU04925,Feamle,18,MC,Day Scholar,132725,59.4,8.28,35,0,99.4,1,2,0,0,5,1,0,0
STU04926,Feamle,19,CSE,Hosteler,48371,95.3,6.41,33,0,57.3,1,5,0,0,12,0,1,0
STU04927,Male,22,CSE,Hosteler,170796,56.5,7.16,33,0,45.4,0,5,0,0,4,0,0,0
STU04928,Feamle,24,CSE,Hosteler,87879,85.2,8.27,31,1,97.9,0,4,1,0,11,0,0,0
STU04929,Feamle,21,CSE,Day Scholar,158260,61.7,7.7,24,0,95.5,1,7,1,0,1,0,0,0
STU04930,Male,22,MC,Day Scholar,119542,58.2,6.12,66,0,67.5,0,10,0,0,2,2,1,1
STU04931,Male,22,MC,Day Scholar,79580,65.9,7.45,58,0,100.0,0,5,0,0,10,0,0,0
STU04932,Male,24,CSE,Hosteler,65216,84.3,4.02,56,1,84.6,1,4,1,0,14,0,0,0
STU04933,Male,21,ECE,Hosteler,42044,54.4,7.0,28,0,78.0,0,2,0,0,0,0,0,0
STU04934,Feamle,21,AIML,Day Scholar,30620,79.3,6.07,20,1,89.2,0,3,0,1,2,0,0,0
STU04935,Feamle,23,MC,Day Scholar,40723,60.6,9.28,72,1,89.9,0,2,0,1,2,0,0,0
STU04936,Male,19,MC,Hosteler,61142,63.3,5.53,84,0,100.0,1,9,0,0,7,1,1,0
STU04937,Male,21,ECE,Day Scholar,61503,81.0,7.18,20,0,68.0,1,4,1,0,6,0,1,0
STU04938,Male,20,MC,Hosteler,181315,100.0,6.36,70,0,82.5,0,4,1,1,12,0,0,0
STU04939,Feamle,20,ECE,Hosteler,183932,61.3,6.16,46,0,77.5,0,4,1,0,14,0,1,0
STU04940,Feamle,19,ECE,Day Scholar,155326,85.8,7.57,31,0,83.8,0,8,0,0,11,0,0,0
STU04941,Male,18,CSE,Day Scholar,175582,70.3,6.37,21,1,100.0,1,3,0,0,8,2,0,0
STU04942,Male,24,MC,Hosteler,122837,67.9,9.78,41,1,76.5,0,4,1,0,3,0,1,0
STU04943,Feamle,18,AIML,Hosteler,89937,91.1,4.04,10,0,76.5,1,7,0,1,7,1,0,0
STU04944,Male,20,ECE,Day Scholar,183194,62.3,7.95,57,0,80.2,2,5,0,0,10,0,0,0
STU04945,Male,21,AIML,Day Scholar,105209,57.7,6.87,97,0,77.6,0,6,1,0,7,0,0,0
STU04946,Feamle,19,CSE,Day Scholar,180725,81.9,6.92,77,0,76.4,0,6,0,0,0,1,0,0
STU04947,Male,18,MC,Day Scholar,194408,98.9,7.45,40,1,87.6,2,5,0,1,8,0,1,0
STU04948,Feamle,18,CSE,Day Scholar,171894,86.2,8.5,85,0,81.6,0,7,0,0,1,0,0,0
STU04949,Male,24,CSE,Hosteler,92403,53.9,7.4,24,1,84.4,0,7,1,1,11,2,0,0
STU04950,Male,22,AIML,Hosteler,66944,65.8,8.5,15,0,92.4,1,6,1,0,6,0,0,0
STU04951,Feamle,20,AIML,Day Scholar,56002,89.7,7.07,96,0,97.5,0,7,0,0,4,1,0,0
STU04952,Feamle,21,ECE,Day Scholar,37517,98.7,5.45,65,0,100.0,0,4,0,0,2,0,0,0
STU04953,Male,19,MC,Hosteler,97366,78.4,6.87,69,0,99.3,0,4,0,0,5,0,0,0
STU04954,Feamle,18,CSE,Day Scholar,30589,66.3,8.73,33,0,91.6,0,7,0,0,0,1,0,0
STU04955,Male,24,ECE,Hosteler,80117,99.7,6.38,45,1,57.0,0,6,0,0,6,0,0,0
STU04956,Male,22,ECE,Hosteler,147340,73.9,5.38,47,1,66.8,0,5,0,0,6,0,0,0
STU04957,Feamle,20,CSE,Hosteler,79264,65.9,7.93,36,0,71.7,0,4,0,0,10,0,0,0
STU04958,Male,20,CSE,Day Scholar,54830,63.4,7.5,21,0,77.2,0,10,0,0,0,0,1,0
STU04959,Male,24,ECE,Hosteler,79544,57.1,5.84,79,0,66.2,0,7,0,0,12,0,0,0
STU04960,Feamle,19,CSE,Hosteler,24627,100.0,6.65,6,1,63.8,1,6,0,0,9,0,0,0
STU04961,Feamle,18,CSE,Day Scholar,145894,96.3,6.73,46,0,52.5,1,4,1,0,3,0,1,0
STU04962,Male,19,AIML,Day Scholar,138159,65.2,7.01,76,0,73.0,1,8,0,0,10,0,0,0
STU04963,Feamle,24,MC,Day Scholar,131446,100.0,7.97,16,1,82.0,0,5,0,1,14,0,0,0
STU04964,Feamle,24,ECE,Hosteler,176526,83.0,6.39,2,1,74.6,1,6,0,1,2,0,0,0
STU04965,Feamle,19,CSE,Day Scholar,91634,82.1,8.05,11,0,73.8,0,7,0,0,14,0,0,0
STU04966,Feamle,23,ECE,Day Scholar,183301,64.2,6.2,69,0,84.5,0,4,0,1,4,2,0,0
STU04967,Male,22,MC,Hosteler,122111,67.3,9.5,75,2,91.3,1,2,1,0,8,0,1,0
STU04968,Male,20,ECE,Day Scholar,123040,74.4,9.53,74,0,84.5,0,6,0,1,7,0,0,0
STU04969,Male,23,ECE,Day Scholar,41341,45.5,5.72,18,0,87.2,2,3,0,0,1,2,0,0
STU04970,Feamle,21,ECE,Hosteler,35375,67.7,5.16,30,0,94.6,0,4,0,0,10,2,0,0
STU04971,Feamle,20,AIML,Day Scholar,115642,75.1,8.47,1,0,69.9,1,4,1,0,13,2,1,0
STU04972,Feamle,20,MC,Day Scholar,85627,94.6,7.39,95,1,100.0,0,4,1,1,14,0,0,0
STU04973,Feamle,22,MC,Day Scholar,135145,65.8,7.83,17,1,69.7,0,4,0,0,6,0,0,0
STU04974,Feamle,21,ECE,Day Scholar,82515,87.2,6.02,54,3,73.0,0,5,0,0,0,1,0,0
STU04975,Feamle,18,ECE,Hosteler,21884,44.1,6.8,3,1,34.9,0,5,0,1,10,0,1,0
STU04976,Feamle,21,MC,Hosteler,98968,92.5,6.48,21,0,69.3,1,5,0,0,10,1,0,0
STU04977,Male,18,CSE,Day Scholar,132586,61.5,7.46,77,0,53.5,0,2,0,0,7,2,0,0
STU04978,Male,21,AIML,Day Scholar,105041,77.0,5.13,77,2,100.0,0,2,1,0,10,0,0,0
STU04979,Feamle,19,MC,Day Scholar,99738,81.1,6.85,100,0,97.2,1,2,1,0,0,0,0,0
STU04980,Feamle,24,ECE,Day Scholar,95767,78.2,5.12,92,0,67.8,0,2,1,0,1,0,0,0
STU04981,Feamle,21,CSE,Hosteler,125946,73.4,6.23,33,0,71.0,0,6,0,0,0,0,1,0
STU04982,Male,23,CSE,Day Scholar,60720,56.4,6.85,47,1,50.6,1,3,0,0,13,0,0,0
STU04983,Male,23,CSE,Day Scholar,29595,61.7,7.76,69,0,63.2,2,7,0,0,13,0,0,0
STU04984,Feamle,22,AIML,Day Scholar,105623,89.9,7.89,75,0,90.4,0,4,0,1,9,0,0,0
STU04985,Feamle,24,AIML,Day Scholar,185821,66.0,8.14,23,2,100.0,1,4,0,0,1,1,1,0
STU04986,Male,24,MC,Day Scholar,33918,73.5,4.78,44,1,77.7,0,7,0,0,4,0,0,0
STU04987,Male,18,MC,Day Scholar,148660,52.6,8.9,92,0,81.4,0,7,0,0,12,0,1,1
STU04988,Male,20,MC,Day Scholar,49984,87.9,6.03,9,0,82.0,0,6,1,0,14,1,1,0
STU04989,Male,22,MC,Day Scholar,128288,55.2,6.14,45,0,69.3,0,2,0,0,3,0,0,0
STU04990,Feamle,23,ECE,Day Scholar,35813,88.7,7.4,35,0,85.1,1,1,0,0,7,0,1,0
STU04991,Male,23,AIML,Hosteler,155538,59.1,6.49,97,0,74.0,0,10,1,0,0,0,0,0
STU04992,Male,18,CSE,Day Scholar,54999,90.2,7.54,50,2,92.4,1,7,0,1,3,1,0,0
STU04993,Feamle,23,ECE,Day Scholar,78115,75.2,7.82,31,0,78.7,1,5,0,0,10,0,0,0
STU04994,Male,23,MC,Hosteler,192236,66.6,5.86,31,0,50.4,2,4,0,1,10,0,0,0
STU04995,Male,18,MC,Day Scholar,128715,99.0,6.72,14,0,89.7,0,8,0,1,13,0,0,0
STU04996,Male,23,ECE,Hosteler,110333,74.0,6.77,8,0,82.4,2,5,0,0,13,0,0,0
STU04997,Feamle,20,CSE,Day Scholar,39699,69.6,8.44,57,0,70.6,0,2,0,0,2,0,0,0
STU04998,Male,19,AIML,Day Scholar,162553,88.6,6.3,35,0,79.1,0,6,1,0,7,2,0,0
STU04999,Feamle,22,AIML,Day Scholar,103518,52.8,6.24,21,0,61.0,1,6,1,1,2,0,0,0
STU05000,Feamle,20,CSE,Day Scholar,182406,37.1,5.47,12,0,58.5,1,7,0,0,7,0,0,1
STU05001,Male,20,AIML,Hosteler,138950,92.4,5.64,40,0,72.1,0,4,0,0,14,0,1,0
STU05002,Male,19,MC,Day Scholar,103462,62.5,4.97,77,1,86.0,1,7,1,0,9,0,0,0
STU05003,Male,24,MC,Hosteler,159405,88.0,5.95,25,0,88.1,0,1,1,1,6,0,0,0
STU05004,Male,22,MC,Hosteler,99996,75.7,9.39,60,0,57.0,1,9,0,0,4,0,0,0
STU05005,Feamle,20,MC,Day Scholar,85625,57.5,8.04,43,0,79.7,1,3,0,0,10,0,1,1
STU05006,Male,23,CSE,Day Scholar,40790,84.1,8.92,88,0,58.0,0,8,0,0,6,0,0,0
STU05007,Male,19,AIML,Hosteler,156562,68.8,5.57,85,0,81.4,0,5,1,1,1,0,1,0
STU05008,Male,24,AIML,Day Scholar,68055,58.8,4.08,29,0,76.1,0,5,1,1,3,0,0,1
STU05009,Feamle,22,ECE,Day Scholar,128759,59.2,7.47,76,0,83.1,1,4,0,1,11,1,0,0
STU05010,Male,21,CSE,Day Scholar,138394,49.0,9.78,95,1,65.5,1,7,0,1,14,1,0,1
STU05011,Male,18,AIML,Day Scholar,118163,81.0,6.27,36,0,100.0,0,6,0,0,10,0,0,0
STU05012,Feamle,23,AIML,Day Scholar,168665,61.0,7.15,57,0,100.0,0,4,0,1,13,0,0,0
STU05013,Feamle,19,ECE,Day Scholar,188818,74.5,4.65,82,0,74.9,1,6,1,0,13,0,0,0
STU05014,Male,18,MC,Hosteler,55992,72.3,7.04,34,0,65.3,0,4,0,1,14,0,0,0
STU05015,Male,24,AIML,Day Scholar,57624,60.9,6.81,48,0,57.8,2,3,0,0,6,0,0,0
STU05016,Male,24,MC,Day Scholar,109713,52.2,3.86,58,0,54.1,0,5,0,0,10,0,1,1
STU05017,Male,21,ECE,Hosteler,173695,100.0,5.44,92,0,100.0,0,9,1,0,12,0,0,0
STU05018,Male,20,AIML,Hosteler,111471,74.3,5.32,6,1,69.7,1,2,0,0,3,0,1,0
STU05019,Feamle,20,MC,Hosteler,151220,100.0,4.63,34,0,52.9,2,2,0,0,12,0,0,0
STU05020,Feamle,22,CSE,Day Scholar,166335,92.5,5.91,38,0,56.6,1,7,0,0,6,0,1,0
STU05021,Male,19,MC,Day Scholar,44449,70.2,7.76,5,0,54.8,1,8,0,1,3,0,0,0
STU05022,Male,19,MC,Day Scholar,150670,77.7,6.05,77,1,100.0,1,3,1,0,7,0,0,0
STU05023,Feamle,24,MC,Day Scholar,147690,77.3,8.72,91,1,100.0,0,3,0,1,2,0,0,0
STU05024,Male,22,MC,Day Scholar,117138,100.0,6.46,64,1,75.3,0,4,0,0,0,0,0,0
STU05025,Male,18,CSE,Day Scholar,136405,87.4,7.49,84,0,72.8,0,7,1,0,6,0,0,0
STU05026,Male,20,ECE,Hosteler,62314,62.9,7.75,26,3,37.7,1,6,0,0,12,0,0,0
STU05027,Male,20,MC,Hosteler,164610,80.3,9.3,85,0,51.1,1,8,0,0,2,0,1,0
STU05028,Male,24,MC,Day Scholar,87899,87.1,5.93,10,0,61.7,1,5,0,1,14,0,0,0
STU05029,Feamle,19,AIML,Day Scholar,47508,57.4,7.66,8,0,91.6,0,5,0,1,13,0,0,0
STU05030,Male,24,AIML,Day Scholar,88643,82.4,5.58,9,0,100.0,0,6,0,0,5,0,0,0
STU05031,Male,19,CSE,Day Scholar,156700,95.2,9.58,53,0,94.7,0,5,0,0,5,0,0,0
STU05032,Male,22,CSE,Hosteler,136189,62.1,5.44,42,0,76.6,0,10,0,1,7,0,0,0
STU05033,Feamle,21,CSE,Day Scholar,61409,64.2,7.58,49,0,82.8,0,8,0,1,0,0,0,0
STU05034,Feamle,18,AIML,Day Scholar,35180,92.4,9.34,45,0,82.0,0,5,0,0,13,0,0,0
STU05035,Feamle,23,MC,Hosteler,163449,69.7,5.21,62,0,73.1,1,3,1,0,14,0,0,0
STU05036,Feamle,21,AIML,Day Scholar,63548,60.3,7.89,48,1,76.5,0,7,0,0,1,0,0,0
STU05037,Male,21,ECE,Day Scholar,147151,88.2,5.51,94,0,45.2,1,12,0,0,1,0,0,0
STU05038,Feamle,19,CSE,Day Scholar,144323,83.7,10.0,95,0,64.9,1,4,0,0,11,0,0,0
STU05039,Male,19,CSE,Day Scholar,75003,76.4,4.16,30,0,71.5,0,8,1,0,7,0,1,0
STU05040,Male,19,CSE,Hosteler,40319,91.9,4.72,62,1,57.4,0,7,1,0,6,0,0,0
STU05041,Feamle,21,ECE,Hosteler,181757,92.9,5.32,7,0,83.8,0,6,1,0,4,0,1,0
STU05042,Feamle,24,MC,Day Scholar,134637,73.8,5.37,39,1,90.4,0,4,1,0,1,1,1,0
STU05043,Feamle,18,MC,Day Scholar,43214,100.0,7.78,59,1,100.0,1,4,0,1,0,2,1,0
STU05044,Feamle,24,MC,Hosteler,72861,98.8,9.7,50,1,71.3,2,4,1,0,5,0,0,0
STU05045,Feamle,19,CSE,Hosteler,146122,45.2,8.73,4,0,41.8,1,6,1,0,1,0,1,0
STU05046,Male,20,MC,Day Scholar,116649,59.5,7.35,30,1,100.0,0,5,0,0,9,1,1,1
STU05047,Feamle,24,AIML,Day Scholar,69655,41.2,7.01,6,1,60.0,1,5,1,0,7,0,0,0
STU05048,Feamle,18,CSE,Day Scholar,139739,70.1,6.09,44,0,100.0,3,4,0,0,0,2,1,0
STU05049,Feamle,20,ECE,Hosteler,121401,56.8,7.59,46,0,100.0,0,7,0,1,3,0,0,0
STU05050,Male,18,ECE,Hosteler,131892,62.8,6.69,13,1,72.9,0,4,0,0,4,0,0,0
STU05051,Feamle,19,MC,Hosteler,29657,91.4,7.28,24,1,73.6,2,8,0,0,6,0,0,0
STU05052,Male,24,CSE,Day Scholar,155592,48.7,5.89,84,0,55.1,2,5,0,0,1,0,0,0
STU05053,Feamle,23,AIML,Hosteler,136585,76.9,5.2,46,0,33.6,2,4,1,0,3,1,1,0
STU05054,Feamle,22,AIML,Day Scholar,187556,76.9,7.04,92,0,90.2,0,3,0,1,4,1,0,0
STU05055,Male,19,CSE,Day Scholar,49577,73.8,7.01,45,0,76.4,1,8,0,0,11,0,1,0
STU05056,Feamle,21,MC,Hosteler,198671,77.0,6.11,44,0,100.0,0,3,1,0,12,0,1,0
STU05057,Male,23,ECE,Day Scholar,50558,41.5,5.85,30,0,100.0,0,3,0,0,6,0,1,0
STU05058,Male,21,ECE,Day Scholar,127146,62.9,7.84,51,1,43.9,0,3,0,0,13,3,0,0
STU05059,Male,18,AIML,Day Scholar,152282,98.1,7.68,3,1,80.8,1,7,1,0,4,0,0,0
STU05060,Feamle,21,AIML,Day Scholar,83807,57.0,9.81,45,1,100.0,0,2,0,0,4,0,0,0
STU05061,Feamle,23,AIML,Hosteler,135056,100.0,9.07,28,1,59.5,0,6,1,0,9,0,0,0
STU05062,Feamle,23,ECE,Hosteler,194376,53.9,5.21,48,1,100.0,0,2,1,0,4,0,1,1
STU05063,Male,19,AIML,Day Scholar,118235,52.1,6.71,64,0,86.8,2,2,0,0,6,1,0,0
STU05064,Feamle,20,ECE,Day Scholar,22843,60.7,4.95,95,2,85.6,0,8,1,0,4,0,1,0
STU05065,Male,19,ECE,Hosteler,39834,91.9,4.24,0,0,78.3,0,7,0,0,10,0,0,0
STU05066,Feamle,18,MC,Day Scholar,113263,66.8,10.0,67,0,54.3,2,10,0,0,12,0,1,0
STU05067,Male,21,MC,Day Scholar,130850,80.2,9.22,83,1,47.3,0,3,0,0,13,0,0,0
STU05068,Male,20,MC,Hosteler,103064,76.1,6.06,58,0,66.7,0,6,0,0,3,0,0,0
STU05069,Male,24,AIML,Day Scholar,72278,74.2,8.87,36,0,57.0,1,1,1,1,9,0,0,0
STU05070,Feamle,22,ECE,Hosteler,60428,94.1,9.09,77,0,89.8,1,6,1,1,11,0,0,0
STU05071,Male,23,AIML,Day Scholar,85553,86.6,4.12,51,0,100.0,1,7,0,0,4,1,1,1
STU05072,Male,20,ECE,Day Scholar,131924,57.9,8.28,77,1,100.0,0,5,0,0,6,0,0,0
STU05073,Male,24,MC,Hosteler,91535,70.9,6.26,1,0,69.6,0,4,1,0,6,0,0,0
STU05074,Male,20,MC,Day Scholar,196458,100.0,7.57,20,0,100.0,0,3,1,0,11,1,1,0
STU05075,Male,19,AIML,Day Scholar,143825,79.8,10.0,28,1,96.6,1,10,0,0,8,0,0,0
STU05076,Male,24,ECE,Day Scholar,185127,52.4,9.38,75,1,84.2,4,4,0,0,9,0,0,0
STU05077,Feamle,22,AIML,Hosteler,167723,53.4,6.81,81,1,100.0,0,5,1,0,11,0,0,0
STU05078,Feamle,23,CSE,Day Scholar,53202,88.4,9.13,37,1,43.3,1,1,1,0,8,0,0,0
STU05079,Male,18,AIML,Day Scholar,186337,85.5,4.12,31,0,66.3,1,4,0,0,5,0,0,0
STU05080,Feamle,18,MC,Day Scholar,59208,61.2,7.76,40,0,95.7,2,1,0,0,6,0,0,0
STU05081,Feamle,20,ECE,Day Scholar,58805,86.2,7.79,21,0,86.2,1,6,1,0,9,0,0,0
STU05082,Male,24,ECE,Hosteler,191646,99.0,8.06,99,0,66.6,0,4,0,0,6,0,0,0
STU05083,Male,20,AIML,Hosteler,72360,96.9,6.24,41,1,52.4,0,3,0,0,3,0,0,0
STU05084,Male,21,MC,Day Scholar,127214,99.1,7.57,11,1,49.8,0,3,0,1,7,0,0,0
STU05085,Feamle,22,CSE,Hosteler,196010,83.3,8.28,56,0,77.0,1,7,0,0,7,0,1,0
STU05086,Male,23,AIML,Day Scholar,199596,72.3,3.52,84,0,94.0,0,5,0,0,0,0,0,0
STU05087,Feamle,20,ECE,Day Scholar,198587,69.0,6.53,7,0,100.0,0,6,0,0,7,0,0,0
STU05088,Male,21,MC,Day Scholar,130168,74.7,5.65,27,0,58.9,2,2,1,0,9,1,0,0
STU05089,Feamle,24,ECE,Day Scholar,110852,61.9,7.99,56,1,74.3,1,6,1,1,8,0,0,0
STU05090,Male,22,ECE,Day Scholar,91231,69.6,9.07,52,0,61.0,0,6,0,0,6,1,0,0
STU05091,Male,23,ECE,Day Scholar,99414,94.1,6.08,85,2,88.7,0,3,0,0,7,0,0,0
STU05092,Feamle,18,ECE,Hosteler,126264,50.9,5.37,79,1,91.6,0,9,1,1,7,0,0,1
STU05093,Feamle,21,CSE,Hosteler,24886,51.9,7.18,75,1,62.3,0,8,0,0,10,0,1,0
STU05094,Feamle,24,MC,Hosteler,23771,87.5,5.27,16,1,53.1,0,6,0,0,3,0,0,0
STU05095,Feamle,22,AIML,Day Scholar,116183,69.7,6.66,20,4,100.0,1,3,1,0,5,0,0,0
STU05096,Feamle,21,MC,Day Scholar,79070,46.1,6.5,50,2,80.8,0,8,0,0,11,0,0,0
STU05097,Feamle,20,MC,Hosteler,140711,74.1,7.87,6,1,81.9,0,3,0,0,12,0,0,0
STU05098,Male,19,MC,Day Scholar,189744,71.9,7.47,60,1,56.1,0,2,0,0,4,0,1,0
STU05099,Feamle,18,AIML,Hosteler,66686,68.5,7.24,83,1,76.6,0,6,0,0,6,0,0,0
STU05100,Male,20,MC,Day Scholar,67193,85.3,9.46,99,0,65.9,0,4,0,0,11,0,1,0
STU05101,Male,20,AIML,Hosteler,100630,55.0,7.4,53,1,68.1,0,6,1,1,5,0,1,0
STU05102,Feamle,24,AIML,Day Scholar,111210,75.2,6.37,40,0,60.8,0,9,0,0,9,1,0,0
STU05103,Male,24,CSE,Day Scholar,145501,71.8,6.56,59,2,100.0,0,2,0,0,7,3,0,0
STU05104,Feamle,22,ECE,Day Scholar,64765,75.6,5.85,43,0,65.8,1,6,0,0,2,1,0,0
STU05105,Feamle,24,AIML,Hosteler,197418,49.0,5.47,76,0,97.1,0,4,1,0,9,0,0,0
STU05106,Male,21,ECE,Day Scholar,145890,67.2,4.92,28,0,55.5,0,7,0,1,7,0,0,0
STU05107,Male,18,MC,Hosteler,113095,75.3,8.7,42,0,100.0,0,6,1,0,3,0,0,0
STU05108,Feamle,20,ECE,Day Scholar,175559,83.1,5.92,36,0,83.0,1,5,0,0,11,0,0,0
STU05109,Feamle,22,ECE,Day Scholar,146584,100.0,7.47,60,0,93.2,0,4,0,0,4,0,0,0
STU05110,Male,18,ECE,Day Scholar,103764,87.1,6.55,58,1,46.2,1,3,0,0,11,0,1,0
STU05111,Male,24,MC,Day Scholar,154996,81.9,6.96,60,1,92.6,0,8,1,1,3,0,0,0
STU05112,Male,24,MC,Day Scholar,150530,94.1,8.73,71,1,100.0,2,3,0,0,4,0,0,0
STU05113,Male,21,AIML,Day Scholar,68469,70.4,7.26,19,1,83.3,0,4,0,0,4,0,1,0
STU05114,Feamle,24,AIML,Hosteler,197010,98.3,5.62,43,1,100.0,0,6,1,0,8,0,0,0
STU05115,Feamle,20,CSE,Day Scholar,172337,91.8,6.15,55,1,43.9,0,7,1,0,9,0,1,0
STU05116,Feamle,23,MC,Hosteler,36918,68.3,8.29,47,3,60.6,0,8,1,0,6,1,0,0
STU05117,Feamle,20,CSE,Hosteler,60345,100.0,7.72,73,1,88.4,1,9,1,0,11,1,0,0
STU05118,Male,20,MC,Day Scholar,159548,81.7,8.38,14,0,60.6,0,3,0,0,7,0,0,0
STU05119,Male,24,ECE,Day Scholar,60755,100.0,6.64,75,1,100.0,1,6,0,0,6,0,0,0
STU05120,Feamle,18,CSE,Hosteler,30861,79.5,4.91,55,0,58.6,1,8,0,0,14,1,0,0
STU05121,Feamle,24,CSE,Day Scholar,111241,66.6,7.76,55,0,94.9,0,6,1,1,7,1,0,0
STU05122,Feamle,18,CSE,Hosteler,126999,63.5,7.38,45,1,65.9,1,5,0,0,13,2,1,0
STU05123,Feamle,18,MC,Day Scholar,191776,69.7,7.42,56,2,40.7,0,4,0,0,6,0,0,0
STU05124,Feamle,18,AIML,Day Scholar,180911,66.4,4.93,44,0,77.1,0,6,0,0,4,1,0,0
STU05125,Feamle,22,CSE,Day Scholar,77405,94.1,6.04,79,0,73.0,1,5,0,0,10,0,0,0
STU05126,Feamle,19,AIML,Day Scholar,107781,74.6,5.59,41,0,88.0,0,4,1,0,14,1,0,0
STU05127,Feamle,24,MC,Hosteler,74353,50.8,7.6,61,0,96.8,2,9,1,0,7,1,1,1
STU05128,Feamle,22,CSE,Day Scholar,38767,78.2,7.65,7,0,65.4,2,6,0,0,7,1,0,0
STU05129,Male,20,MC,Hosteler,77554,76.9,6.93,83,0,97.2,0,3,0,0,6,3,0,0
STU05130,Feamle,22,AIML,Hosteler,145274,68.0,8.45,13,1,80.9,0,9,0,0,8,2,0,0
STU05131,Male,21,AIML,Day Scholar,132619,79.0,9.24,100,0,63.0,2,3,1,1,9,0,0,0
STU05132,Male,23,CSE,Hosteler,159640,74.3,7.53,25,0,66.1,0,2,1,1,10,0,0,0
STU05133,Feamle,18,AIML,Day Scholar,193217,84.5,8.01,40,0,80.5,1,3,0,0,1,0,0,0
STU05134,Feamle,24,ECE,Day Scholar,178927,83.6,6.19,28,1,88.9,1,7,0,1,1,0,0,0
STU05135,Male,21,ECE,Hosteler,141652,80.5,5.91,62,0,77.6,1,2,0,0,9,0,1,0
STU05136,Male,24,CSE,Day Scholar,125366,55.5,8.51,12,1,75.3,0,4,0,0,3,0,1,0
STU05137,Feamle,23,MC,Day Scholar,72650,100.0,5.69,97,1,64.4,0,2,0,0,7,1,1,0
STU05138,Male,21,MC,Day Scholar,165451,51.7,8.05,85,0,81.2,1,8,0,1,12,0,1,1
STU05139,Feamle,24,MC,Day Scholar,88383,73.1,9.58,89,0,84.5,0,2,0,0,1,0,0,0
STU05140,Feamle,20,ECE,Hosteler,109578,58.6,7.98,97,0,100.0,0,8,1,0,8,0,0,0
STU05141,Feamle,18,AIML,Day Scholar,174902,80.9,6.88,58,0,60.7,1,5,0,1,4,0,0,0
STU05142,Male,21,ECE,Day Scholar,175539,77.1,4.99,46,0,100.0,0,2,1,0,1,1,0,0
STU05143,Male,20,AIML,Day Scholar,184572,72.5,7.24,87,0,94.6,0,2,0,0,13,0,1,0
STU05144,Feamle,18,ECE,Hosteler,74215,97.8,8.51,20,1,77.3,1,5,0,0,12,0,0,0
STU05145,Male,19,MC,Hosteler,81212,91.6,6.73,94,0,100.0,1,4,0,1,12,0,0,0
STU05146,Male,20,MC,Day Scholar,125617,70.1,8.53,11,1,77.7,1,6,0,1,3,0,0,0
STU05147,Male,22,MC,Day Scholar,174692,87.1,7.55,23,0,85.0,1,2,0,1,3,1,1,0
STU05148,Male,24,CSE,Day Scholar,65577,98.5,7.44,20,1,72.4,0,3,1,1,5,0,1,0
STU05149,Male,18,CSE,Day Scholar,120462,91.5,6.52,3,1,93.2,0,4,0,0,2,1,0,0
STU05150,Male,21,AIML,Day Scholar,138352,73.0,4.82,24,0,79.9,1,3,0,0,7,0,0,0
STU05151,Male,23,CSE,Day Scholar,79999,51.1,6.36,7,0,61.9,0,8,0,0,5,0,1,0
STU05152,Feamle,21,ECE,Hosteler,143958,79.9,6.35,35,1,87.9,1,8,0,1,5,0,0,0
STU05153,Male,22,ECE,Day Scholar,175267,85.0,7.86,33,0,100.0,3,3,0,0,13,0,0,0
STU05154,Male,24,AIML,Hosteler,195326,63.5,6.98,49,1,67.8,1,5,0,0,4,0,0,0
STU05155,Male,22,AIML,Hosteler,84383,75.3,8.62,90,1,97.4,1,4,0,0,9,0,0,0
STU05156,Male,21,MC,Day Scholar,179294,73.8,7.42,27,0,67.9,0,9,0,1,5,0,0,0
STU05157,Male,24,CSE,Hosteler,155691,95.8,6.24,61,0,87.9,0,10,0,1,14,0,1,0
STU05158,Male,23,MC,Day Scholar,136881,100.0,5.78,92,2,90.8,1,4,0,0,7,0,0,0
STU05159,Male,18,CSE,Hosteler,52287,92.6,6.09,92,0,100.0,0,5,0,0,7,1,0,0
STU05160,Male,24,CSE,Hosteler,78928,73.7,7.24,73,0,63.8,0,7,0,0,12,1,0,0
STU05161,Feamle,20,AIML,Day Scholar,149895,92.2,6.44,43,1,75.8,0,3,0,1,0,0,1,0
STU05162,Male,24,MC,Day Scholar,40428,84.7,5.39,31,0,69.0,1,7,1,1,6,0,0,0
STU05163,Male,22,MC,Day Scholar,162678,73.9,8.51,7,0,94.3,1,4,1,0,1,0,0,0
STU05164,Male,22,CSE,Day Scholar,71138,100.0,7.23,53,0,92.9,0,5,0,0,6,0,0,0
STU05165,Male,22,CSE,Hosteler,145606,63.9,7.41,16,1,83.8,1,8,0,0,10,0,0,0
STU05166,Feamle,23,AIML,Day Scholar,109393,84.1,5.77,11,0,78.5,1,2,0,0,2,0,0,0
STU05167,Feamle,24,ECE,Hosteler,38132,87.6,5.44,89,0,97.7,1,7,0,0,6,1,0,0
STU05168,Feamle,24,MC,Day Scholar,101094,70.7,6.76,66,2,54.9,0,7,0,0,12,0,0,0
STU05169,Feamle,19,MC,Day Scholar,86454,83.4,3.96,74,0,82.8,1,5,0,0,0,1,0,0
STU05170,Feamle,23,AIML,Day Scholar,45695,89.2,8.17,77,0,100.0,0,3,1,0,14,0,0,0
STU05171,Feamle,18,AIML,Day Scholar,149598,78.7,5.94,70,0,52.8,0,5,0,0,8,0,0,0
STU05172,Feamle,18,MC,Hosteler,159969,82.1,6.6,25,1,71.7,0,2,0,0,10,3,0,0
STU05173,Feamle,18,MC,Day Scholar,172385,76.6,7.64,100,1,71.0,0,0,0,1,14,0,1,0
STU05174,Feamle,18,CSE,Hosteler,185647,87.0,6.66,32,0,72.0,1,4,1,0,10,2,1,0
STU05175,Feamle,18,ECE,Hosteler,111511,71.6,5.25,43,0,100.0,0,6,0,1,3,0,0,0
STU05176,Feamle,21,MC,Day Scholar,24423,70.3,9.26,31,0,37.8,0,6,0,0,4,0,0,0
STU05177,Feamle,22,AIML,Hosteler,193652,75.3,4.7,37,1,71.0,0,8,0,0,6,1,0,0
STU05178,Feamle,23,CSE,Hosteler,84806,92.8,3.65,83,0,90.8,0,5,0,0,10,1,0,0
STU05179,Feamle,21,CSE,Day Scholar,55210,48.8,8.31,9,0,96.1,0,5,0,0,7,0,0,0
STU05180,Feamle,23,AIML,Day Scholar,22595,61.4,4.81,78,0,100.0,0,7,0,0,12,0,0,0
STU05181,Feamle,19,AIML,Hosteler,197046,100.0,8.88,78,0,51.4,1,6,1,0,8,0,0,0
STU05182,Male,24,CSE,Day Scholar,196204,79.1,7.57,69,0,100.0,0,5,0,0,12,0,1,0
STU05183,Feamle,20,AIML,Day Scholar,89611,68.9,7.42,88,0,100.0,0,5,0,0,7,1,0,0
STU05184,Male,22,CSE,Day Scholar,95177,86.9,6.15,0,0,64.4,0,7,0,0,10,0,0,0
STU05185,Feamle,19,AIML,Day Scholar,105862,63.2,5.76,69,1,61.8,0,2,0,0,5,0,0,0
STU05186,Feamle,21,CSE,Day Scholar,54539,43.5,6.44,76,1,55.9,0,4,1,0,10,0,0,0
STU05187,Male,20,MC,Day Scholar,74827,80.3,5.68,74,1,35.3,1,7,0,0,5,1,0,0
STU05188,Feamle,24,MC,Day Scholar,70169,64.0,8.81,87,0,100.0,0,4,0,0,11,0,0,0
STU05189,Male,19,AIML,Hosteler,121996,76.5,5.89,83,0,81.1,0,9,0,1,2,0,0,0
STU05190,Male,24,ECE,Day Scholar,81568,79.9,7.76,89,0,44.2,2,3,1,0,8,0,0,0
STU05191,Male,24,MC,Day Scholar,176166,77.1,8.51,24,0,34.7,0,9,0,1,5,0,0,0
STU05192,Feamle,23,CSE,Day Scholar,62095,49.4,5.68,51,0,60.0,1,4,1,1,2,1,0,0
STU05193,Feamle,20,ECE,Hosteler,104692,75.4,7.56,51,1,70.7,1,6,0,1,0,0,1,0
STU05194,Feamle,23,CSE,Day Scholar,160079,81.7,5.66,11,1,94.1,0,4,0,0,7,0,0,0
STU05195,Male,24,CSE,Day Scholar,193994,54.0,6.74,45,1,100.0,1,7,1,0,11,0,0,0
STU05196,Male,19,MC,Day Scholar,80210,52.2,6.31,8,0,85.5,1,6,0,1,11,0,0,0
STU05197,Feamle,24,AIML,Day Scholar,33377,59.0,5.96,44,1,81.2,0,5,0,0,13,0,0,0
STU05198,Feamle,21,AIML,Day Scholar,137790,86.2,7.24,35,1,85.6,0,6,0,1,12,0,0,0
STU05199,Feamle,24,CSE,Hosteler,142150,45.0,5.18,8,1,100.0,0,7,0,0,12,0,1,1
STU05200,Feamle,23,MC,Day Scholar,152872,87.4,8.39,96,0,81.5,1,2,0,0,0,1,0,0
STU05201,Feamle,20,CSE,Day Scholar,37192,80.9,5.38,39,0,89.7,0,4,0,0,10,0,0,0
STU05202,Male,19,ECE,Hosteler,57901,71.1,5.1,33,0,56.9,1,6,0,1,7,2,0,0
STU05203,Male,23,CSE,Hosteler,20969,52.8,6.62,87,0,83.8,0,9,1,0,7,0,0,0
STU05204,Male,24,MC,Day Scholar,187919,63.1,6.44,52,2,69.8,1,3,0,0,8,1,0,0
STU05205,Feamle,21,CSE,Day Scholar,71031,86.7,7.53,44,0,87.5,1,7,0,0,10,0,0,0
STU05206,Male,22,MC,Day Scholar,56087,93.9,7.13,96,0,72.8,3,8,1,0,13,0,1,0
STU05207,Male,21,AIML,Hosteler,57473,59.5,4.56,32,0,87.3,1,5,0,0,11,0,0,1
STU05208,Male,24,MC,Hosteler,190451,92.1,8.48,28,0,64.2,0,4,0,0,13,0,0,0
STU05209,Male,21,ECE,Hosteler,50655,85.3,6.58,37,2,59.6,0,1,0,0,12,0,0,0
STU05210,Male,22,MC,Day Scholar,166331,74.9,7.36,47,3,63.4,0,2,0,1,4,0,0,0
STU05211,Feamle,21,ECE,Day Scholar,85923,63.9,10.0,76,0,64.5,0,7,1,0,11,0,1,0
STU05212,Male,22,ECE,Day Scholar,65814,66.3,8.93,81,0,85.9,0,3,0,1,2,0,1,0
STU05213,Feamle,24,CSE,Day Scholar,88025,100.0,7.32,58,0,95.2,1,4,0,0,2,0,0,0
STU05214,Feamle,22,ECE,Hosteler,127011,77.7,4.94,61,0,82.7,0,6,0,0,5,1,0,0
STU05215,Feamle,23,MC,Hosteler,88426,94.9,4.97,34,2,82.3,1,4,0,0,8,1,0,0
STU05216,Feamle,23,AIML,Hosteler,196172,78.6,8.74,46,0,82.3,2,8,0,0,12,0,0,0
STU05217,Feamle,22,MC,Hosteler,86258,68.2,6.4,58,0,100.0,0,5,0,0,9,0,1,0
STU05218,Male,19,AIML,Hosteler,28947,83.8,6.75,58,1,58.8,1,5,0,0,0,0,0,0
STU05219,Male,20,ECE,Day Scholar,186090,100.0,5.28,1,0,84.8,0,5,0,0,6,2,0,0
STU05220,Feamle,19,CSE,Day Scholar,126881,65.3,7.67,88,0,83.3,0,3,1,0,1,0,0,0
STU05221,Feamle,22,ECE,Day Scholar,85461,88.7,8.71,59,1,97.6,0,8,0,0,12,0,0,0
STU05222,Feamle,20,ECE,Day Scholar,42510,77.9,9.29,5,1,64.1,0,9,1,1,8,0,0,0
STU05223,Male,23,AIML,Day Scholar,125077,53.3,6.33,24,1,100.0,1,6,1,0,7,0,0,0
STU05224,Feamle,20,MC,Day Scholar,162279,52.9,7.97,52,2,77.8,0,7,0,0,7,0,0,0
STU05225,Male,22,CSE,Hosteler,166145,68.2,6.86,83,0,55.6,1,0,0,0,10,0,0,0
STU05226,Feamle,23,CSE,Day Scholar,98183,80.2,8.32,77,0,69.7,2,4,1,0,5,1,0,0
STU05227,Male,20,CSE,Hosteler,159262,88.2,6.99,3,0,94.1,0,7,0,0,13,0,1,0
STU05228,Feamle,20,CSE,Hosteler,56855,51.4,5.76,71,2,76.0,0,5,1,1,12,0,0,0
STU05229,Male,19,MC,Hosteler,57846,84.8,8.98,97,0,65.7,0,3,0,0,10,0,0,0
STU05230,Feamle,20,CSE,Day Scholar,159214,73.2,7.15,91,0,100.0,0,7,1,1,13,0,0,0
STU05231,Male,24,AIML,Day Scholar,112079,75.0,6.47,55,2,91.2,0,7,0,0,5,2,0,0
STU05232,Male,22,AIML,Day Scholar,72470,83.8,7.27,1,0,75.3,1,5,0,0,1,0,1,0
STU05233,Male,18,CSE,Day Scholar,127568,100.0,5.9,16,0,84.8,0,5,1,0,13,0,1,0
STU05234,Male,18,CSE,Day Scholar,99949,79.6,7.62,67,0,98.0,1,8,0,1,5,1,0,0
STU05235,Male,18,MC,Day Scholar,20768,54.6,6.71,47,0,100.0,0,1,0,0,9,0,0,0
STU05236,Male,22,MC,Day Scholar,47255,72.2,5.81,97,0,68.5,0,1,0,0,7,0,0,0
STU05237,Male,18,CSE,Day Scholar,61946,87.8,10.0,26,0,95.0,0,6,0,0,11,0,0,0
STU05238,Feamle,19,MC,Hosteler,156629,88.3,5.49,82,0,100.0,1,6,1,0,7,0,1,0
STU05239,Feamle,22,ECE,Hosteler,194391,85.0,7.53,91,0,67.7,0,4,1,0,8,1,0,0
STU05240,Feamle,24,CSE,Day Scholar,113156,67.3,7.09,33,1,88.1,1,7,1,1,7,0,0,0
STU05241,Feamle,23,MC,Hosteler,38691,54.5,5.46,95,1,89.5,3,2,1,0,14,0,0,1
STU05242,Feamle,24,AIML,Day Scholar,119693,83.8,6.49,40,0,76.9,1,3,1,0,10,0,0,0
STU05243,Male,22,CSE,Day Scholar,161335,56.8,4.99,94,2,62.4,1,6,0,0,5,0,0,1
STU05244,Male,22,CSE,Day Scholar,98922,85.4,10.0,5,0,62.3,1,7,0,1,3,0,0,0
STU05245,Male,20,AIML,Hosteler,128165,85.4,6.6,5,0,75.9,1,3,0,1,3,1,0,0
STU05246,Male,20,AIML,Day Scholar,45993,68.0,6.73,27,1,63.6,1,5,0,0,3,0,0,0
STU05247,Male,20,MC,Day Scholar,134121,73.3,9.92,7,1,51.9,1,6,0,1,2,0,0,0
STU05248,Feamle,21,AIML,Day Scholar,124537,78.0,5.76,0,2,55.2,1,7,1,1,6,0,0,0
STU05249,Feamle,19,ECE,Day Scholar,32324,65.8,8.94,79,0,69.6,0,4,0,0,4,0,1,0
STU05250,Feamle,22,CSE,Day Scholar,112981,54.3,7.89,82,0,76.4,0,9,0,0,12,1,0,0
STU05251,Feamle,24,ECE,Day Scholar,177234,74.4,4.03,17,1,68.3,0,4,0,0,12,0,0,0
STU05252,Male,22,MC,Hosteler,90203,76.0,6.44,93,0,62.0,0,9,1,0,9,0,0,0
STU05253,Male,20,AIML,Day Scholar,52383,95.4,7.65,79,0,99.8,0,3,0,0,8,0,0,0
STU05254,Male,22,CSE,Hosteler,171858,63.3,7.05,96,0,58.1,1,9,0,0,11,0,1,0
STU05255,Feamle,23,AIML,Hosteler,182331,91.0,7.06,91,1,80.4,0,3,0,1,6,0,0,0
STU05256,Male,22,AIML,Hosteler,199951,57.8,6.09,46,0,100.0,1,4,0,0,12,0,1,1
STU05257,Feamle,24,MC,Day Scholar,182723,54.8,5.93,79,1,82.7,0,6,0,0,7,0,0,0
STU05258,Male,18,MC,Hosteler,81080,70.5,6.54,10,1,100.0,0,5,0,0,11,2,0,0
STU05259,Male,23,MC,Hosteler,94659,60.9,9.94,5,1,89.9,2,9,1,0,1,0,0,0
STU05260,Feamle,23,MC,Day Scholar,190828,54.6,5.64,13,0,75.2,1,3,1,0,3,1,1,1
STU05261,Male,22,CSE,Day Scholar,33755,100.0,6.28,99,1,70.5,0,1,0,0,1,0,1,0
STU05262,Male,21,ECE,Hosteler,199776,68.2,7.04,21,0,93.9,2,4,0,1,9,1,0,0
STU05263,Feamle,20,ECE,Day Scholar,120296,100.0,4.81,86,0,92.1,0,8,0,1,4,0,0,0
STU05264,Male,19,CSE,Day Scholar,195738,60.1,7.65,30,1,90.1,0,7,0,0,11,3,1,0
STU05265,Feamle,19,AIML,Hosteler,59661,49.4,5.07,27,0,66.6,0,4,0,0,10,3,0,1
STU05266,Male,18,CSE,Day Scholar,97277,94.4,5.37,18,1,74.1,0,13,0,0,9,0,0,0
STU05267,Male,19,ECE,Day Scholar,170600,64.1,5.3,85,0,52.1,0,4,0,0,5,2,0,0
STU05268,Male,19,ECE,Day Scholar,133693,77.1,4.54,0,0,78.0,0,7,0,0,8,0,0,0
STU05269,Male,20,CSE,Day Scholar,108802,54.7,8.9,66,0,87.1,0,6,0,0,14,0,0,0
STU05270,Male,20,MC,Day Scholar,174926,74.4,7.78,71,0,66.6,2,4,1,1,14,0,1,0
STU05271,Male,21,AIML,Hosteler,82236,54.4,8.38,12,0,72.4,0,3,1,1,8,0,0,0
STU05272,Male,24,CSE,Day Scholar,62494,73.9,8.25,50,2,73.9,1,8,1,0,7,0,0,0
STU05273,Male,18,ECE,Hosteler,80480,67.9,6.75,0,0,86.8,0,5,0,0,4,0,0,0
STU05274,Feamle,19,MC,Day Scholar,196874,78.5,6.96,28,0,56.6,0,6,0,0,1,0,0,0
STU05275,Feamle,21,AIML,Hosteler,170130,84.4,8.52,12,0,68.6,2,9,1,0,14,1,0,0
STU05276,Male,18,ECE,Day Scholar,90084,78.6,9.46,41,2,54.1,0,7,0,0,1,0,0,0
STU05277,Male,23,AIML,Hosteler,180574,81.8,5.11,28,0,74.1,0,2,1,0,2,0,1,0
STU05278,Feamle,19,MC,Day Scholar,78204,73.4,10.0,93,0,86.4,2,2,0,0,4,2,0,0
STU05279,Male,19,ECE,Day Scholar,34263,68.5,5.03,15,1,90.3,2,4,0,0,14,2,0,0
STU05280,Male,20,MC,Day Scholar,164178,82.1,6.31,59,0,92.1,0,4,0,0,11,1,0,0
STU05281,Feamle,22,CSE,Day Scholar,103312,73.3,7.11,33,0,70.6,0,5,0,0,6,0,0,0
STU05282,Male,18,CSE,Day Scholar,35396,73.9,7.25,39,1,100.0,1,2,0,0,10,0,0,0
STU05283,Male,19,AIML,Hosteler,46455,81.0,9.95,66,0,100.0,0,1,0,1,12,0,0,0
STU05284,Feamle,18,MC,Hosteler,134547,59.5,8.52,92,0,75.1,0,3,0,0,2,0,0,0
STU05285,Male,24,MC,Day Scholar,74490,96.4,7.62,93,0,81.8,1,4,1,0,11,2,0,0
STU05286,Male,21,AIML,Day Scholar,151720,71.3,8.55,54,0,74.8,2,8,1,1,13,0,0,0
STU05287,Feamle,21,AIML,Hosteler,75546,76.9,7.52,57,1,72.7,0,3,1,0,14,0,0,0
STU05288,Male,22,AIML,Hosteler,84396,74.3,5.99,51,1,67.0,0,5,0,1,2,2,0,0
STU05289,Feamle,19,CSE,Hosteler,53588,84.8,7.73,63,0,90.0,1,2,0,1,0,0,1,0
STU05290,Male,24,AIML,Day Scholar,84202,80.1,7.1,97,0,100.0,1,7,0,0,0,0,0,0
STU05291,Male,20,CSE,Hosteler,135159,74.3,5.74,3,0,53.8,2,6,0,0,10,0,0,0
STU05292,Feamle,19,AIML,Day Scholar,134809,96.7,8.89,47,0,91.7,0,9,1,0,7,0,1,0
STU05293,Feamle,18,MC,Hosteler,41829,26.9,6.92,71,0,63.3,1,3,1,0,2,0,0,0
STU05294,Male,23,MC,Hosteler,123180,93.6,5.32,17,1,87.6,1,3,0,0,2,0,0,0
STU05295,Feamle,21,AIML,Hosteler,104715,88.8,5.56,85,0,86.8,1,4,0,0,13,1,1,0
STU05296,Feamle,18,AIML,Day Scholar,56984,47.5,7.8,9,1,89.7,0,4,0,0,7,1,0,0
STU05297,Male,22,CSE,Day Scholar,153249,88.9,8.57,13,0,85.8,0,3,1,0,10,2,0,0
STU05298,Male,21,ECE,Hosteler,169755,90.9,7.72,50,1,73.9,0,2,1,0,10,0,0,0
STU05299,Male,20,CSE,Day Scholar,117042,83.4,7.73,94,0,76.6,0,6,0,0,9,0,1,0
STU05300,Feamle,21,MC,Hosteler,83276,51.6,5.78,98,0,100.0,1,3,1,0,11,1,1,1
STU05301,Feamle,23,AIML,Day Scholar,31693,85.2,7.14,45,0,82.2,0,4,0,0,12,0,1,0
STU05302,Feamle,24,MC,Day Scholar,155214,90.1,6.5,65,0,92.2,0,10,1,1,7,1,0,0
STU05303,Feamle,19,ECE,Hosteler,136656,66.4,6.71,60,0,74.4,0,4,0,0,10,0,0,0
STU05304,Male,23,CSE,Day Scholar,195694,81.6,6.83,1,1,79.3,1,8,0,0,8,2,0,0
STU05305,Feamle,24,MC,Day Scholar,108564,69.7,6.01,34,0,100.0,0,10,1,0,1,0,0,0
STU05306,Male,23,CSE,Hosteler,81291,88.3,8.13,33,1,61.4,0,6,1,0,8,0,0,0
STU05307,Feamle,19,AIML,Day Scholar,22472,70.3,5.49,92,0,80.3,0,6,1,0,4,0,0,0
STU05308,Male,21,MC,Hosteler,100836,66.3,5.05,69,0,76.7,0,3,0,0,13,0,0,0
STU05309,Male,22,ECE,Day Scholar,50549,74.4,5.82,67,0,100.0,0,6,0,0,1,0,0,0
STU05310,Male,19,CSE,Hosteler,98554,54.9,8.33,64,0,100.0,0,9,0,0,7,0,1,0
STU05311,Feamle,19,CSE,Day Scholar,176898,72.9,7.51,34,0,94.5,0,1,1,1,4,0,0,0
STU05312,Male,24,ECE,Hosteler,88646,80.4,4.33,47,0,100.0,1,5,1,0,2,0,0,0
STU05313,Male,20,MC,Hosteler,99142,88.0,7.9,46,1,60.0,2,3,0,0,4,0,0,0
STU05314,Feamle,21,MC,Hosteler,159873,78.7,6.93,89,1,25.7,0,2,0,0,4,0,1,0
STU05315,Male,19,CSE,Hosteler,143937,53.5,6.37,92,0,88.4,0,5,1,0,5,0,0,0
STU05316,Feamle,22,ECE,Day Scholar,129530,95.3,6.64,10,0,95.9,0,6,1,0,8,1,1,0
STU05317,Feamle,18,CSE,Hosteler,117347,96.5,5.0,61,2,72.7,0,6,0,0,10,0,1,0
STU05318,Male,21,CSE,Day Scholar,112358,76.7,7.26,3,3,68.4,2,8,0,0,0,0,0,0
STU05319,Male,20,AIML,Hosteler,139343,63.7,5.1,85,0,86.7,0,2,0,0,1,0,0,0
STU05320,Feamle,23,MC,Day Scholar,20258,67.0,6.47,32,1,100.0,0,6,0,0,6,0,0,0
STU05321,Male,19,MC,Day Scholar,157940,71.9,6.48,33,0,86.5,0,8,0,0,14,1,1,0
STU05322,Feamle,22,AIML,Day Scholar,26817,79.2,8.15,94,1,98.8,0,5,0,0,5,1,0,0
STU05323,Feamle,21,MC,Day Scholar,58512,70.4,7.06,73,0,97.6,1,8,0,0,10,0,1,0
STU05324,Feamle,22,MC,Day Scholar,50856,62.1,8.06,34,0,90.8,0,6,0,0,10,0,0,0
STU05325,Male,22,MC,Day Scholar,163164,90.3,5.21,52,0,100.0,0,4,1,0,7,0,0,0
STU05326,Feamle,24,ECE,Hosteler,116636,78.9,6.84,27,1,67.8,0,4,0,0,12,0,0,0
STU05327,Male,23,AIML,Day Scholar,150571,59.2,7.8,22,0,68.2,0,7,0,0,3,0,0,0
STU05328,Male,20,CSE,Day Scholar,102157,79.4,8.86,48,1,68.7,0,8,1,0,2,0,0,0
STU05329,Male,21,ECE,Hosteler,56123,77.4,5.29,75,0,85.4,0,4,0,0,13,0,0,0
STU05330,Male,19,CSE,Day Scholar,108521,64.2,5.74,92,0,100.0,0,8,0,0,7,0,1,0
STU05331,Feamle,20,AIML,Hosteler,21158,92.9,7.76,1,0,93.8,0,5,0,0,0,0,0,0
STU05332,Male,19,AIML,Day Scholar,118898,77.0,9.42,76,0,29.3,0,4,0,0,0,0,0,0
STU05333,Feamle,18,AIML,Day Scholar,38134,71.8,7.43,99,2,100.0,0,6,0,0,12,0,0,0
STU05334,Feamle,22,MC,Day Scholar,36786,73.7,5.34,25,0,89.7,0,7,0,0,7,0,1,0
STU05335,Male,18,ECE,Day Scholar,110933,81.7,5.36,16,1,100.0,0,5,0,0,8,1,0,0
STU05336,Feamle,24,AIML,Day Scholar,75030,73.9,7.2,42,0,90.0,1,4,0,0,4,0,0,0
STU05337,Feamle,22,CSE,Day Scholar,30494,73.8,7.54,96,0,54.2,0,6,0,0,1,0,0,0
STU05338,Male,23,MC,Day Scholar,46273,91.0,6.67,58,0,92.1,0,4,0,0,0,1,0,0
STU05339,Feamle,20,MC,Hosteler,114040,53.7,5.38,85,0,57.6,0,4,0,0,7,0,0,1
STU05340,Feamle,19,ECE,Day Scholar,165832,56.2,8.65,65,0,88.3,2,2,0,0,2,1,0,0
STU05341,Feamle,24,ECE,Day Scholar,58302,86.7,6.48,73,1,91.2,2,3,1,0,1,0,1,0
STU05342,Feamle,23,ECE,Hosteler,90822,100.0,7.79,38,0,100.0,0,8,0,0,10,0,1,0
STU05343,Male,19,MC,Hosteler,65540,88.1,4.34,25,0,73.6,1,5,0,0,9,0,1,0
STU05344,Feamle,20,AIML,Day Scholar,183502,100.0,8.8,93,0,33.3,2,5,1,0,5,0,0,0
STU05345,Feamle,21,CSE,Day Scholar,58419,68.5,5.97,21,0,76.8,2,7,1,0,3,0,0,0
STU05346,Feamle,24,AIML,Day Scholar,154624,65.4,9.02,74,1,94.5,0,6,0,1,5,1,0,0
STU05347,Feamle,18,CSE,Hosteler,79571,81.8,7.92,21,1,82.3,1,6,1,0,12,1,0,0
STU05348,Male,18,AIML,Hosteler,174694,89.3,4.86,87,0,80.6,1,3,1,0,11,0,0,0
STU05349,Feamle,19,ECE,Day Scholar,68829,55.3,7.37,57,0,73.8,0,5,0,0,13,0,0,0
STU05350,Male,19,CSE,Hosteler,156068,71.8,9.48,28,0,97.1,0,3,1,0,14,0,0,0
STU05351,Feamle,19,MC,Hosteler,54232,74.6,6.1,9,1,100.0,1,7,0,0,1,0,0,0
STU05352,Male,24,CSE,Hosteler,82083,64.8,9.49,97,0,78.2,0,10,0,0,3,0,0,0
STU05353,Male,20,MC,Hosteler,74034,66.6,7.58,24,1,97.3,1,7,0,0,3,0,0,0
STU05354,Male,21,AIML,Hosteler,59379,87.6,9.01,20,0,100.0,1,3,0,1,8,0,0,0
STU05355,Male,18,ECE,Hosteler,182074,82.0,7.24,60,0,65.6,1,6,0,0,3,0,0,0
STU05356,Male,23,CSE,Hosteler,55868,87.0,6.81,38,0,63.9,0,4,0,0,2,3,0,0
STU05357,Feamle,22,MC,Day Scholar,46532,80.1,9.76,76,2,100.0,1,7,1,0,7,0,0,0
STU05358,Feamle,24,AIML,Hosteler,56861,61.9,8.08,65,0,66.6,0,4,0,0,7,0,0,0
STU05359,Feamle,24,ECE,Day Scholar,172307,81.3,6.65,5,0,76.1,0,3,0,0,11,1,0,0
STU05360,Male,20,ECE,Day Scholar,128532,60.7,7.64,0,2,89.1,0,4,0,1,2,0,1,0
STU05361,Feamle,18,ECE,Day Scholar,154651,70.3,6.15,27,0,62.8,0,6,0,0,10,1,0,0
STU05362,Male,21,AIML,Hosteler,45619,59.5,7.16,85,0,78.1,1,3,0,0,3,0,0,0
STU05363,Male,20,AIML,Day Scholar,41829,65.8,8.79,10,1,88.2,1,2,1,0,13,1,1,0
STU05364,Feamle,23,AIML,Hosteler,40912,76.4,6.76,38,0,43.7,1,4,1,0,11,0,0,0
STU05365,Feamle,18,ECE,Hosteler,191406,68.1,5.69,68,0,83.1,0,7,0,0,1,2,0,0
STU05366,Male,20,CSE,Day Scholar,193073,61.8,5.55,17,0,53.6,0,5,0,0,12,1,0,0
STU05367,Male,18,MC,Day Scholar,185413,92.1,7.11,19,0,71.7,1,4,1,0,12,1,0,0
STU05368,Feamle,18,AIML,Day Scholar,163735,73.2,5.79,75,0,77.8,2,3,0,0,3,0,0,0
STU05369,Feamle,24,CSE,Day Scholar,42104,67.1,4.85,84,1,38.8,1,3,0,1,12,0,0,0
STU05370,Feamle,21,MC,Day Scholar,193395,58.8,5.2,90,1,73.3,0,5,0,0,4,0,0,1
STU05371,Feamle,24,ECE,Hosteler,199349,46.9,8.76,57,2,51.7,0,4,0,0,6,0,0,0
STU05372,Male,22,CSE,Hosteler,168712,71.7,6.79,49,1,51.6,1,3,0,1,3,0,0,0
STU05373,Feamle,21,ECE,Day Scholar,168583,54.3,7.09,40,0,79.9,0,6,0,1,10,0,0,0
STU05374,Feamle,18,MC,Day Scholar,118235,85.7,5.55,97,0,100.0,1,7,0,0,14,0,0,0
STU05375,Feamle,20,AIML,Hosteler,195726,75.4,6.13,17,1,95.8,0,5,1,0,5,0,0,0
STU05376,Male,23,ECE,Day Scholar,137472,98.4,6.08,33,0,66.7,0,4,0,1,2,0,1,0
STU05377,Male,21,CSE,Hosteler,114428,78.3,6.58,65,0,57.3,0,2,0,1,2,0,0,0
STU05378,Male,22,AIML,Day Scholar,75233,64.1,4.51,77,1,76.4,0,9,0,0,0,0,0,0
STU05379,Male,18,CSE,Day Scholar,152121,46.8,8.63,64,0,95.7,0,8,1,0,0,0,0,0
STU05380,Feamle,23,MC,Day Scholar,123487,87.1,6.98,91,0,89.4,0,4,0,1,10,0,0,0
STU05381,Male,21,MC,Hosteler,87837,55.5,7.3,26,0,60.0,0,6,1,0,8,0,0,0
STU05382,Feamle,24,AIML,Day Scholar,78498,68.9,8.37,29,0,71.5,0,4,1,0,12,0,0,0
STU05383,Feamle,24,CSE,Day Scholar,134717,100.0,8.26,85,2,64.8,1,5,0,0,10,1,0,0
STU05384,Feamle,21,CSE,Hosteler,143666,84.2,6.14,75,1,25.1,0,3,1,0,4,0,0,0
STU05385,Feamle,21,CSE,Hosteler,130601,80.8,7.91,0,0,100.0,0,6,0,1,10,1,1,0
STU05386,Male,21,CSE,Day Scholar,187038,89.2,7.89,96,2,91.2,0,4,0,0,7,1,0,0
STU05387,Male,23,MC,Day Scholar,194777,88.6,7.47,40,2,100.0,2,2,0,0,0,0,0,0
STU05388,Male,24,CSE,Hosteler,149147,98.7,8.59,61,2,100.0,0,5,1,0,14,0,0,0
STU05389,Feamle,20,MC,Day Scholar,136052,66.0,8.2,0,0,83.6,0,3,0,0,5,0,0,0
STU05390,Feamle,22,CSE,Day Scholar,110641,69.3,8.09,4,1,100.0,1,3,1,0,11,0,0,0
STU05391,Feamle,22,CSE,Hosteler,93685,61.2,9.05,47,0,75.0,1,2,0,0,0,0,0,0
STU05392,Feamle,18,ECE,Day Scholar,166104,74.5,7.04,4,0,86.6,0,4,1,0,9,0,0,0
STU05393,Feamle,19,ECE,Hosteler,173315,73.0,7.09,70,1,69.5,0,6,0,0,14,0,0,0
STU05394,Male,20,CSE,Hosteler,65915,48.7,8.23,83,2,80.4,1,8,0,0,0,0,0,0
STU05395,Feamle,24,MC,Hosteler,128962,65.2,6.73,25,0,91.9,1,9,1,1,13,0,0,0
STU05396,Male,18,CSE,Day Scholar,37379,96.6,7.72,48,2,93.1,1,6,1,0,9,0,1,0
STU05397,Feamle,18,ECE,Day Scholar,92401,78.7,6.16,69,0,34.1,0,5,0,0,5,0,0,0
STU05398,Feamle,21,CSE,Hosteler,99146,85.7,3.58,89,0,97.2,1,5,0,1,12,2,0,0
STU05399,Male,19,ECE,Day Scholar,109416,73.2,7.9,60,0,56.0,0,9,0,0,5,0,1,0
STU05400,Male,24,CSE,Day Scholar,153703,46.7,4.68,2,0,69.6,1,7,0,0,11,1,1,1
STU05401,Feamle,19,AIML,Hosteler,149140,73.1,5.95,38,0,44.9,0,5,0,0,13,0,0,0
STU05402,Feamle,20,CSE,Day Scholar,118567,90.6,8.23,77,1,67.1,1,3,1,0,4,0,0,0
STU05403,Feamle,19,MC,Day Scholar,191524,57.2,8.25,48,2,100.0,0,6,0,1,12,1,1,1
STU05404,Feamle,18,ECE,Day Scholar,81196,86.2,8.76,13,2,87.6,2,6,0,0,6,0,0,0
STU05405,Male,19,AIML,Day Scholar,33830,49.5,3.97,19,1,82.8,0,4,1,0,0,0,0,0
STU05406,Feamle,19,ECE,Hosteler,175668,75.3,7.44,57,0,100.0,0,3,0,0,3,0,0,0
STU05407,Male,22,ECE,Day Scholar,63484,83.2,6.61,43,0,65.9,0,1,0,0,12,2,0,0
STU05408,Feamle,24,MC,Hosteler,114756,70.3,8.48,8,0,84.8,1,2,1,1,1,1,0,0
STU05409,Male,24,CSE,Day Scholar,45772,100.0,9.21,62,0,100.0,1,4,1,0,3,2,0,0
STU05410,Male,18,MC,Day Scholar,25116,67.6,5.04,61,2,98.3,1,8,1,1,0,0,0,0
STU05411,Feamle,23,CSE,Hosteler,101839,66.3,7.02,5,0,93.1,2,3,0,0,11,1,0,0
STU05412,Male,19,AIML,Day Scholar,143085,78.1,8.25,65,1,100.0,0,8,0,0,5,1,0,0
STU05413,Feamle,19,MC,Day Scholar,21636,63.7,6.49,42,1,98.0,0,5,1,0,12,0,1,0
STU05414,Male,21,MC,Day Scholar,192662,53.4,9.62,63,0,93.0,0,8,0,0,3,0,0,0
STU05415,Feamle,24,ECE,Hosteler,112338,58.5,6.4,96,0,55.9,0,6,0,0,1,0,0,0
STU05416,Male,19,MC,Day Scholar,27811,86.4,6.55,43,0,81.4,2,8,0,0,4,0,0,0
STU05417,Feamle,24,CSE,Day Scholar,166295,70.4,5.39,4,1,100.0,0,5,1,0,11,0,0,0
STU05418,Feamle,19,MC,Hosteler,161653,100.0,7.23,12,0,66.3,1,9,1,0,10,0,0,0
STU05419,Male,22,MC,Hosteler,40919,68.4,2.47,14,1,66.3,0,10,0,0,9,0,0,0
STU05420,Male,18,AIML,Day Scholar,103018,85.7,6.63,33,0,81.3,1,4,0,0,8,1,0,0
STU05421,Male,24,CSE,Hosteler,153676,82.7,8.9,55,3,100.0,0,5,0,0,12,0,0,0
STU05422,Male,20,ECE,Hosteler,149672,68.2,4.9,72,1,63.7,0,6,0,0,5,1,0,0
STU05423,Feamle,18,CSE,Day Scholar,151279,61.8,4.57,89,0,65.6,0,6,0,0,7,0,1,0
STU05424,Male,21,AIML,Day Scholar,159535,49.0,8.67,29,0,43.0,1,6,0,0,14,0,0,0
STU05425,Feamle,18,CSE,Day Scholar,187518,83.3,8.88,55,1,64.1,0,6,1,0,5,1,0,0
STU05426,Male,19,CSE,Hosteler,121772,93.0,4.97,85,2,95.7,0,2,0,0,7,0,0,0
STU05427,Feamle,21,MC,Day Scholar,32671,51.2,9.6,24,0,64.0,0,5,0,1,6,2,0,0
STU05428,Feamle,18,MC,Day Scholar,29476,69.4,7.65,67,1,59.0,1,6,1,0,8,1,0,0
STU05429,Feamle,21,CSE,Hosteler,24986,65.0,8.57,46,1,72.9,1,11,0,0,12,0,0,0
STU05430,Feamle,20,CSE,Day Scholar,128158,83.3,5.81,27,0,72.4,0,3,1,1,9,0,0,0
STU05431,Male,18,ECE,Day Scholar,179662,70.1,9.23,36,2,96.1,0,3,0,1,10,0,1,0
STU05432,Male,24,AIML,Day Scholar,166598,94.8,6.6,73,0,55.4,1,2,0,0,11,0,1,0
STU05433,Feamle,24,MC,Day Scholar,62001,69.2,6.53,72,2,48.3,0,8,0,0,0,0,0,0
STU05434,Male,23,MC,Hosteler,73242,56.5,7.72,35,1,100.0,0,7,1,0,6,0,0,0
STU05435,Male,19,MC,Day Scholar,26803,68.0,6.41,0,0,89.8,0,8,0,1,14,0,0,0
STU05436,Feamle,21,MC,Day Scholar,71446,69.6,4.72,93,0,55.9,1,3,0,1,14,0,0,0
STU05437,Male,23,CSE,Day Scholar,31905,82.9,7.2,74,1,100.0,0,2,0,0,12,0,0,0
STU05438,Male,23,CSE,Day Scholar,148295,69.4,6.52,24,2,40.3,0,7,0,0,1,0,0,0
STU05439,Male,22,ECE,Hosteler,22461,81.6,5.85,74,0,98.4,1,8,0,0,11,0,0,0
STU05440,Feamle,21,MC,Hosteler,78687,63.1,8.86,40,0,100.0,0,3,0,0,6,2,0,0
STU05441,Male,23,MC,Hosteler,156745,70.6,10.0,54,1,100.0,0,5,1,1,1,0,0,0
STU05442,Feamle,22,CSE,Day Scholar,197844,63.2,5.62,68,0,56.1,0,7,0,0,1,0,0,0
STU05443,Male,23,ECE,Hosteler,148860,62.3,7.3,90,0,79.4,0,4,1,0,14,2,1,0
STU05444,Male,19,CSE,Day Scholar,95956,94.1,6.4,86,0,50.4,1,3,0,0,3,1,0,0
STU05445,Male,20,MC,Hosteler,102863,64.3,10.0,56,1,100.0,1,3,1,0,4,0,0,0
STU05446,Feamle,22,MC,Day Scholar,49564,69.8,7.74,82,0,93.4,0,6,0,0,5,0,1,0
STU05447,Feamle,20,AIML,Hosteler,89692,90.7,8.39,2,0,81.7,0,1,0,0,2,0,1,0
STU05448,Male,21,AIML,Day Scholar,32251,86.3,8.77,7,0,64.4,0,6,1,0,0,1,1,0
STU05449,Feamle,19,AIML,Day Scholar,99056,99.6,7.2,47,1,75.6,1,4,1,1,10,1,0,0
STU05450,Male,22,ECE,Day Scholar,152977,82.2,6.72,58,1,80.6,0,5,0,0,4,0,1,0
STU05451,Feamle,21,CSE,Day Scholar,167806,66.0,9.28,35,0,100.0,0,3,0,1,0,0,0,0
STU05452,Feamle,23,MC,Hosteler,177958,100.0,8.17,54,1,94.3,1,3,1,0,4,0,0,0
STU05453,Male,24,MC,Hosteler,187149,83.7,5.73,78,0,73.3,0,6,0,0,8,0,0,0
STU05454,Male,18,ECE,Day Scholar,25661,72.7,5.91,76,0,64.3,0,6,1,0,13,0,1,0
STU05455,Male,21,MC,Day Scholar,23838,75.9,6.42,93,0,89.1,0,5,1,0,5,0,0,0
STU05456,Male,20,MC,Hosteler,62073,77.7,8.74,40,0,96.9,1,3,0,1,4,0,0,0
STU05457,Feamle,19,CSE,Day Scholar,161450,71.4,9.21,73,0,100.0,1,4,1,0,13,0,0,0
STU05458,Feamle,19,AIML,Day Scholar,159130,54.4,10.0,58,0,62.7,1,4,0,0,2,0,0,0
STU05459,Feamle,21,AIML,Hosteler,95113,99.4,5.94,33,1,73.2,0,4,1,1,5,0,0,0
STU05460,Male,23,ECE,Hosteler,109806,74.7,7.21,29,0,93.8,0,5,0,0,7,1,0,0
STU05461,Male,18,AIML,Day Scholar,53884,77.8,6.4,88,0,67.7,0,1,0,0,0,0,0,0
STU05462,Feamle,20,AIML,Hosteler,143013,100.0,6.73,61,0,85.6,1,5,0,0,11,0,0,0
STU05463,Male,21,ECE,Hosteler,179599,64.8,8.39,69,0,82.5,1,3,0,0,1,1,0,0
STU05464,Feamle,21,ECE,Hosteler,193259,84.8,6.93,54,0,67.2,0,3,0,1,11,2,0,0
STU05465,Feamle,24,AIML,Hosteler,189807,63.1,8.97,100,0,100.0,1,5,0,0,9,1,0,0
STU05466,Feamle,19,CSE,Day Scholar,167053,79.8,6.23,80,0,79.3,0,5,0,0,7,0,0,0
STU05467,Feamle,20,ECE,Hosteler,145989,78.0,8.11,99,1,65.7,1,6,0,0,7,0,0,0
STU05468,Feamle,18,MC,Hosteler,82457,86.9,6.34,95,1,98.8,1,9,1,0,11,0,0,0
STU05469,Male,19,ECE,Day Scholar,178152,93.1,4.24,21,0,100.0,0,7,0,1,3,0,0,0
STU05470,Male,21,MC,Hosteler,31797,66.3,5.47,96,2,81.6,0,5,0,0,12,0,0,0
STU05471,Male,19,ECE,Hosteler,77056,96.3,7.19,21,0,63.7,2,6,1,0,6,0,0,0
STU05472,Feamle,19,ECE,Day Scholar,46457,97.3,9.88,99,1,52.9,2,8,1,0,3,0,0,0
STU05473,Feamle,22,AIML,Day Scholar,171989,71.3,6.31,81,3,78.6,0,8,0,0,11,3,0,0
STU05474,Feamle,19,AIML,Day Scholar,28871,74.9,6.75,91,1,100.0,0,3,0,1,11,1,0,0
STU05475,Feamle,23,AIML,Hosteler,170125,67.6,7.73,12,0,90.4,1,4,0,1,2,0,0,0
STU05476,Male,19,CSE,Day Scholar,103050,70.4,6.1,81,0,66.2,1,5,1,0,1,2,0,0
STU05477,Male,23,AIML,Day Scholar,58398,56.9,6.27,22,0,76.0,0,2,1,0,0,0,0,0
STU05478,Feamle,20,AIML,Day Scholar,95058,86.7,7.11,98,0,63.5,0,4,0,0,2,0,1,0
STU05479,Feamle,19,ECE,Hosteler,25030,44.2,6.35,17,1,85.9,1,3,1,0,5,0,0,0
STU05480,Feamle,18,ECE,Hosteler,21381,64.5,4.33,73,1,48.8,1,11,1,0,8,3,0,0
STU05481,Male,23,CSE,Day Scholar,167825,74.3,6.02,65,1,87.4,1,1,0,0,11,0,0,0
STU05482,Male,23,MC,Day Scholar,156164,94.5,7.92,13,0,80.2,1,3,1,0,6,0,0,0
STU05483,Male,21,ECE,Day Scholar,72946,66.8,7.97,31,2,100.0,1,2,0,0,14,0,0,0
STU05484,Feamle,20,ECE,Hosteler,107620,81.4,9.0,29,0,90.4,0,5,1,0,8,0,1,0
STU05485,Feamle,19,MC,Hosteler,100093,73.8,8.88,18,0,99.7,0,8,0,0,0,0,0,0
STU05486,Male,24,CSE,Day Scholar,145370,89.2,5.65,68,0,94.8,1,5,0,1,5,1,0,0
STU05487,Feamle,18,ECE,Day Scholar,159639,80.6,5.88,47,2,84.2,1,5,0,0,11,0,0,0
STU05488,Male,21,AIML,Hosteler,178938,87.5,5.95,95,0,91.7,3,6,0,0,13,0,0,0
STU05489,Feamle,20,CSE,Hosteler,185783,66.7,6.77,73,0,84.5,0,6,0,0,1,0,1,0
STU05490,Male,23,MC,Day Scholar,135645,59.8,6.07,4,1,56.6,1,3,1,0,10,1,0,0
STU05491,Feamle,18,MC,Day Scholar,199815,80.5,6.74,77,1,91.1,0,4,0,0,6,0,0,0
STU05492,Male,19,AIML,Day Scholar,45386,67.7,5.69,38,0,76.0,0,3,0,0,14,0,0,0
STU05493,Male,24,AIML,Day Scholar,43013,75.5,8.18,42,1,100.0,0,7,0,0,14,0,0,0
STU05494,Male,22,AIML,Day Scholar,26885,79.8,5.58,18,0,64.1,1,7,0,0,11,2,0,0
STU05495,Male,22,CSE,Hosteler,126905,93.6,5.5,74,0,52.8,0,4,1,0,5,0,0,0
STU05496,Male,20,MC,Day Scholar,183893,86.8,7.78,98,0,96.3,1,8,0,1,11,0,0,0
STU05497,Male,24,AIML,Day Scholar,165117,64.8,8.08,38,1,32.3,0,3,0,1,8,0,1,0
STU05498,Feamle,18,AIML,Day Scholar,38780,57.8,6.66,85,1,98.8,0,6,1,1,9,2,0,0
STU05499,Feamle,21,MC,Day Scholar,176622,100.0,8.3,58,0,99.3,0,3,0,0,11,0,0,0
STU05500,Feamle,18,ECE,Hosteler,109771,51.3,8.2,93,1,73.3,1,2,0,0,6,0,0,0
STU05501,Male,24,CSE,Day Scholar,98377,68.2,9.85,51,0,74.7,0,6,1,1,1,0,0,0
STU05502,Male,23,ECE,Day Scholar,68284,84.7,8.1,93,3,58.8,1,2,0,0,9,1,0,0
STU05503,Feamle,22,AIML,Day Scholar,80238,99.6,9.56,49,0,65.1,0,7,0,0,3,0,0,0
STU05504,Male,20,CSE,Hosteler,67184,72.2,7.09,74,1,84.4,1,6,1,0,10,0,0,0
STU05505,Male,19,ECE,Day Scholar,172377,75.4,9.1,85,0,91.8,1,4,0,0,9,0,0,0
STU05506,Male,18,MC,Day Scholar,60021,61.9,9.13,9,0,72.9,0,4,0,0,6,0,0,0
STU05507,Male,22,AIML,Hosteler,148446,76.9,6.79,82,1,71.0,1,6,0,0,13,0,0,0
STU05508,Male,21,CSE,Hosteler,63184,57.7,5.97,14,0,84.0,1,6,0,0,10,0,1,0
STU05509,Feamle,20,CSE,Day Scholar,38942,63.7,6.23,59,1,95.2,0,4,0,0,14,0,0,0
STU05510,Feamle,19,CSE,Day Scholar,175786,86.5,7.62,34,0,81.8,2,8,0,1,4,0,0,0
STU05511,Feamle,18,CSE,Hosteler,71672,68.5,5.28,34,1,88.4,1,4,0,0,8,0,0,0
STU05512,Feamle,21,AIML,Day Scholar,132437,88.8,6.32,0,0,75.9,1,8,0,0,7,0,0,0
STU05513,Feamle,19,AIML,Day Scholar,106557,72.7,8.8,46,1,42.8,0,3,0,0,10,0,0,0
STU05514,Male,23,MC,Day Scholar,63201,54.5,8.0,62,0,97.3,1,3,1,1,7,1,1,1
STU05515,Male,22,MC,Hosteler,83296,92.5,3.47,17,0,33.6,0,3,0,1,0,0,0,0
STU05516,Male,23,MC,Day Scholar,108549,55.3,5.0,25,0,60.2,0,7,0,1,5,0,0,1
STU05517,Male,22,ECE,Hosteler,103257,66.0,10.0,59,0,83.4,0,13,0,0,4,0,0,0
STU05518,Feamle,21,MC,Hosteler,97817,72.0,8.77,17,1,66.7,0,4,0,0,3,2,0,0
STU05519,Feamle,23,AIML,Hosteler,34008,90.1,6.13,62,0,81.3,0,4,0,0,13,0,1,0
STU05520,Feamle,22,ECE,Day Scholar,80196,67.1,4.77,40,1,100.0,1,4,0,0,3,1,0,0
STU05521,Male,20,AIML,Hosteler,22294,61.1,5.13,81,1,48.1,0,3,1,1,9,0,0,0
STU05522,Feamle,21,ECE,Hosteler,39061,77.4,7.76,42,1,84.3,1,5,0,0,13,0,1,0
STU05523,Male,22,MC,Hosteler,75733,71.8,9.97,81,1,46.8,0,5,0,0,12,3,0,0
STU05524,Feamle,18,MC,Day Scholar,118376,68.0,9.87,95,0,74.4,1,4,0,0,0,1,0,0
STU05525,Feamle,22,MC,Day Scholar,191076,78.2,4.64,37,3,65.6,1,11,1,1,9,3,0,0
STU05526,Male,23,ECE,Day Scholar,100625,56.9,6.56,26,0,50.1,0,4,1,0,4,0,0,0
STU05527,Male,20,AIML,Hosteler,142007,49.2,5.71,48,0,100.0,0,8,0,1,10,0,0,0
STU05528,Feamle,19,CSE,Hosteler,145758,100.0,7.21,55,1,85.7,2,3,0,1,6,1,0,0
STU05529,Feamle,19,AIML,Hosteler,144686,76.6,5.0,92,1,100.0,3,4,1,0,11,0,0,0
STU05530,Male,22,MC,Day Scholar,30237,77.6,6.18,48,1,63.8,0,3,0,0,9,0,0,0
STU05531,Feamle,19,ECE,Hosteler,31694,63.3,5.7,40,2,100.0,0,3,1,0,0,0,0,0
STU05532,Feamle,22,ECE,Hosteler,106472,88.5,7.79,83,0,89.4,0,5,1,0,0,2,0,0
STU05533,Male,20,MC,Day Scholar,161540,67.0,6.23,59,0,53.6,0,6,0,0,9,1,0,0
STU05534,Feamle,19,ECE,Hosteler,169533,33.2,6.44,98,6,58.7,1,5,0,0,6,0,0,1
STU05535,Male,23,MC,Hosteler,94062,66.5,7.77,86,0,58.1,0,10,1,0,13,0,0,0
STU05536,Feamle,23,AIML,Hosteler,139443,70.8,9.46,55,2,85.3,0,2,0,1,2,1,0,0
STU05537,Male,18,ECE,Hosteler,98000,72.4,10.0,75,1,84.7,0,5,0,0,1,0,0,0
STU05538,Feamle,22,CSE,Day Scholar,96599,72.0,7.68,61,2,100.0,2,2,0,0,0,3,0,0
STU05539,Male,19,ECE,Day Scholar,33064,65.3,6.87,98,0,61.0,0,9,1,0,5,0,0,0
STU05540,Feamle,23,MC,Hosteler,164661,63.9,8.97,61,0,89.5,0,4,0,0,12,0,0,0
STU05541,Male,24,CSE,Hosteler,152004,70.5,8.75,99,0,84.3,0,4,0,1,5,0,0,0
STU05542,Feamle,20,MC,Day Scholar,168091,50.3,8.32,41,2,64.5,1,2,1,0,11,0,0,0
STU05543,Feamle,20,ECE,Day Scholar,75835,45.6,4.63,27,0,95.1,0,7,0,1,1,0,0,1
STU05544,Feamle,24,CSE,Hosteler,173229,76.5,8.81,36,0,73.5,0,6,0,0,4,0,0,0
STU05545,Feamle,24,CSE,Day Scholar,72381,76.7,7.54,19,2,82.9,0,3,0,0,9,0,0,0
STU05546,Feamle,18,ECE,Hosteler,37574,88.2,5.66,34,0,82.6,1,9,1,0,6,0,0,0
STU05547,Feamle,20,CSE,Day Scholar,199384,71.2,5.99,53,1,67.6,2,7,0,0,8,1,0,0
STU05548,Feamle,20,AIML,Day Scholar,52779,57.1,7.87,70,0,87.9,1,9,1,0,10,1,0,0
STU05549,Feamle,19,CSE,Day Scholar,130498,45.9,3.23,97,0,91.5,1,7,0,1,11,0,0,1
STU05550,Feamle,22,CSE,Day Scholar,181960,61.6,6.81,5,1,100.0,0,1,1,0,3,0,0,0
STU05551,Male,21,AIML,Hosteler,131422,81.3,6.02,18,0,73.3,0,7,1,0,1,0,0,0
STU05552,Male,20,MC,Day Scholar,46025,96.6,5.86,7,1,75.9,0,2,1,1,2,1,0,0
STU05553,Feamle,20,MC,Day Scholar,159132,75.8,6.31,47,1,56.4,1,4,0,1,5,0,0,0
STU05554,Male,21,AIML,Day Scholar,184288,56.8,4.78,93,1,69.4,0,3,0,0,1,1,0,1
STU05555,Feamle,20,CSE,Hosteler,93197,61.8,8.58,65,1,64.5,0,6,0,0,2,0,0,0
STU05556,Feamle,19,ECE,Day Scholar,120800,62.3,3.81,15,1,84.9,1,4,0,0,12,1,0,1
STU05557,Male,19,AIML,Day Scholar,84617,68.9,7.25,23,1,94.8,0,6,0,0,12,0,0,0
STU05558,Feamle,21,ECE,Hosteler,151498,91.8,5.73,24,2,100.0,0,5,0,0,3,2,0,0
STU05559,Feamle,23,MC,Hosteler,45491,93.0,9.98,12,0,100.0,0,2,0,0,5,0,0,0
STU05560,Male,20,AIML,Hosteler,39553,72.4,7.03,72,1,92.1,0,2,0,0,1,0,0,0
STU05561,Male,23,ECE,Day Scholar,163990,77.7,3.82,29,0,79.3,0,8,1,0,8,0,1,0
STU05562,Feamle,20,CSE,Day Scholar,32513,63.0,7.82,8,0,49.7,1,2,0,0,7,0,0,0
STU05563,Male,22,AIML,Day Scholar,167902,49.4,5.36,62,1,89.1,1,9,0,0,8,3,1,1
STU05564,Male,20,ECE,Hosteler,195767,100.0,8.48,39,0,61.4,0,5,1,0,14,0,0,0
STU05565,Feamle,19,AIML,Day Scholar,181243,40.2,7.93,6,0,75.0,0,4,0,0,8,0,0,0
STU05566,Male,18,AIML,Day Scholar,153322,47.5,9.21,79,1,77.4,0,7,0,0,2,0,1,0
STU05567,Male,24,MC,Hosteler,76263,100.0,7.28,31,0,61.8,0,2,1,1,5,0,1,0
STU05568,Feamle,18,MC,Hosteler,82114,75.2,8.23,60,1,64.0,0,2,1,0,13,0,0,0
STU05569,Male,18,CSE,Hosteler,22681,58.1,7.06,59,1,81.1,2,7,0,1,7,3,0,0
STU05570,Male,18,MC,Day Scholar,103321,85.2,6.12,92,0,76.2,2,10,0,0,5,0,0,0
STU05571,Feamle,24,MC,Hosteler,154479,86.6,8.6,50,2,75.4,0,5,1,0,5,0,1,0
STU05572,Feamle,23,MC,Hosteler,59529,55.0,5.15,39,2,65.2,0,5,1,0,9,0,1,1
STU05573,Feamle,24,ECE,Hosteler,68901,67.0,6.95,78,1,99.4,0,4,0,0,3,0,0,0
STU05574,Male,23,AIML,Day Scholar,37427,88.1,6.15,10,1,48.7,0,7,1,0,5,0,0,0
STU05575,Feamle,24,MC,Hosteler,149463,62.7,8.26,72,0,100.0,1,8,0,0,12,0,0,0
STU05576,Feamle,24,ECE,Hosteler,41747,79.2,5.58,15,2,79.8,0,6,0,0,6,0,0,0
STU05577,Male,20,AIML,Day Scholar,33555,96.4,6.39,24,0,66.5,0,5,0,0,4,0,0,0
STU05578,Feamle,23,MC,Day Scholar,113130,39.1,7.07,31,1,48.8,1,6,0,0,8,2,0,0
STU05579,Feamle,20,MC,Day Scholar,43263,69.9,9.23,73,0,56.4,2,7,0,0,14,0,1,0
STU05580,Feamle,22,AIML,Day Scholar,156199,78.9,6.2,9,0,83.7,0,3,0,0,4,0,0,0
STU05581,Feamle,20,ECE,Day Scholar,124893,48.1,6.4,93,0,71.1,0,2,1,0,1,1,1,0
STU05582,Male,18,ECE,Day Scholar,81453,67.1,4.98,56,1,53.0,1,3,0,0,4,1,0,0
STU05583,Feamle,21,CSE,Day Scholar,128930,90.7,5.53,83,1,54.1,1,4,0,0,7,0,0,0
STU05584,Feamle,21,AIML,Hosteler,78389,64.4,7.62,40,1,66.7,0,4,1,1,4,1,1,0
STU05585,Male,19,CSE,Day Scholar,163584,52.7,7.05,97,0,70.7,1,5,0,0,3,0,0,0
STU05586,Feamle,19,ECE,Hosteler,83722,92.0,7.07,64,0,94.8,1,5,0,1,2,0,1,0
STU05587,Male,20,MC,Hosteler,155109,81.7,9.61,31,0,68.8,0,3,1,0,8,0,0,0
STU05588,Male,24,CSE,Day Scholar,113159,74.0,4.49,94,0,100.0,2,6,0,0,11,0,0,0
STU05589,Male,24,ECE,Day Scholar,157926,73.5,10.0,47,0,84.1,0,3,1,0,13,0,0,0
STU05590,Feamle,21,ECE,Day Scholar,176805,90.4,8.77,53,0,93.4,1,3,0,0,4,0,0,0
STU05591,Male,18,MC,Day Scholar,54311,79.4,6.51,74,1,100.0,0,6,0,0,14,0,0,0
STU05592,Male,23,AIML,Day Scholar,37175,84.7,7.59,40,0,51.9,1,3,0,0,8,1,0,0
STU05593,Male,18,ECE,Day Scholar,75195,64.6,5.98,82,2,67.8,0,6,0,0,12,1,0,0
STU05594,Feamle,18,CSE,Day Scholar,48090,46.2,7.48,60,0,74.6,3,5,1,1,1,0,0,0
STU05595,Feamle,20,MC,Day Scholar,65636,84.3,10.0,6,0,100.0,1,7,1,0,2,0,0,0
STU05596,Feamle,20,AIML,Hosteler,189938,91.5,6.03,52,0,79.1,0,2,1,0,5,0,0,0
STU05597,Feamle,22,AIML,Hosteler,118248,71.6,6.65,92,1,81.9,0,5,0,0,11,0,1,0
STU05598,Feamle,18,AIML,Day Scholar,125752,88.3,5.86,52,2,97.6,0,2,0,1,1,0,0,0
STU05599,Feamle,24,ECE,Hosteler,93334,70.0,6.11,99,0,97.2,0,5,1,1,7,0,0,0
STU05600,Feamle,24,AIML,Hosteler,130956,73.6,6.4,96,1,100.0,0,7,1,0,12,0,0,0
STU05601,Male,18,ECE,Hosteler,73111,100.0,5.36,99,0,50.5,0,4,0,0,5,0,0,0
STU05602,Male,20,MC,Hosteler,106284,70.6,6.6,25,0,68.2,1,4,0,0,7,0,1,0
STU05603,Male,20,MC,Day Scholar,21716,69.7,7.08,92,0,72.1,0,4,1,0,1,0,0,0
STU05604,Male,22,AIML,Day Scholar,56404,47.0,6.4,60,0,63.6,0,7,1,1,6,0,1,0
STU05605,Feamle,22,MC,Day Scholar,195396,85.4,3.55,92,0,88.1,1,8,0,0,2,0,0,0
STU05606,Male,19,CSE,Day Scholar,93406,64.4,6.77,34,0,93.5,1,8,0,0,10,0,0,0
STU05607,Male,21,CSE,Day Scholar,99218,77.2,6.93,2,0,44.1,0,5,0,1,4,0,0,0
STU05608,Male,18,ECE,Day Scholar,173127,70.3,9.85,68,0,92.8,0,5,0,1,7,1,0,0
STU05609,Male,24,AIML,Day Scholar,196205,68.3,7.04,96,0,66.2,1,9,0,0,0,0,0,0
STU05610,Feamle,18,ECE,Day Scholar,91262,73.2,8.4,63,0,80.5,1,4,1,0,0,0,1,0
STU05611,Feamle,22,MC,Hosteler,27557,74.4,6.36,10,0,61.7,0,4,0,0,9,1,1,0
STU05612,Feamle,22,AIML,Hosteler,117304,92.6,8.95,5,3,95.8,0,4,0,0,0,0,0,0
STU05613,Male,19,ECE,Day Scholar,148301,97.8,5.58,1,3,61.8,0,10,0,0,8,0,0,0
STU05614,Feamle,21,AIML,Day Scholar,55486,84.8,7.76,76,0,79.1,0,3,0,1,10,1,0,0
STU05615,Male,19,AIML,Day Scholar,71557,94.1,8.26,64,0,91.6,0,4,0,0,1,0,1,0
STU05616,Feamle,24,ECE,Day Scholar,60655,87.8,8.04,90,0,86.2,0,4,0,0,3,0,0,0
STU05617,Feamle,21,AIML,Hosteler,146045,82.4,10.0,39,1,63.3,0,6,1,0,6,1,1,0
STU05618,Feamle,23,MC,Hosteler,109638,96.8,6.12,14,1,78.2,1,0,1,0,4,0,0,0
STU05619,Feamle,18,CSE,Day Scholar,83823,55.4,9.12,98,0,78.4,1,3,0,0,5,0,0,0
STU05620,Feamle,19,CSE,Hosteler,133827,64.7,8.73,29,0,93.1,0,6,0,0,6,0,0,0
STU05621,Male,22,AIML,Day Scholar,126836,62.7,7.07,5,1,75.8,0,5,0,0,9,0,0,0
STU05622,Feamle,19,CSE,Day Scholar,104801,70.5,9.76,97,0,74.7,0,3,0,0,13,0,0,0
STU05623,Male,23,AIML,Day Scholar,43094,85.3,6.78,20,2,74.3,4,5,0,0,13,0,0,0
STU05624,Male,19,ECE,Hosteler,149095,58.3,7.03,95,0,51.7,0,3,0,0,12,0,0,0
STU05625,Male,18,MC,Day Scholar,164425,82.5,6.99,56,1,98.0,0,1,0,0,3,0,0,0
STU05626,Male,23,CSE,Day Scholar,81850,66.2,5.09,54,0,100.0,0,2,0,0,8,0,1,0
STU05627,Male,22,ECE,Day Scholar,197025,69.8,8.14,83,0,100.0,1,7,1,0,5,0,0,0
STU05628,Feamle,22,MC,Day Scholar,184483,78.0,7.91,98,2,88.7,1,5,1,0,0,0,0,0
STU05629,Feamle,20,CSE,Day Scholar,134708,100.0,6.84,62,0,55.8,0,5,0,1,9,0,0,0
STU05630,Feamle,23,CSE,Hosteler,31264,64.3,9.64,8,0,41.0,0,10,0,1,8,1,0,0
STU05631,Feamle,20,MC,Day Scholar,184517,73.8,6.34,51,1,86.1,1,6,0,0,11,1,0,0
STU05632,Male,20,ECE,Day Scholar,167003,58.8,4.41,36,0,66.0,0,3,1,0,12,0,0,1
STU05633,Feamle,18,ECE,Hosteler,62059,64.2,9.85,69,0,72.7,0,10,1,0,13,1,0,0
STU05634,Feamle,19,CSE,Hosteler,22650,58.7,8.52,73,1,76.0,3,4,0,0,9,1,0,0
STU05635,Male,22,MC,Hosteler,63024,78.7,7.94,8,0,85.7,1,5,0,0,7,1,0,0
STU05636,Male,22,ECE,Day Scholar,162664,81.4,6.49,96,1,69.8,1,5,0,1,14,0,0,0
STU05637,Feamle,19,MC,Day Scholar,76238,85.3,7.51,15,1,94.6,0,6,0,1,9,2,0,0
STU05638,Feamle,22,MC,Hosteler,194903,63.7,5.11,31,2,65.3,0,6,0,0,2,0,0,0
STU05639,Male,19,CSE,Day Scholar,194462,82.6,6.66,83,0,74.6,1,2,1,0,13,0,0,0
STU05640,Feamle,23,MC,Day Scholar,91220,76.7,5.64,83,0,93.8,1,5,0,0,9,0,1,0
STU05641,Feamle,18,MC,Hosteler,164529,74.1,7.39,2,1,73.3,0,4,0,0,6,1,0,0
STU05642,Feamle,18,AIML,Hosteler,136104,56.4,8.39,13,2,100.0,1,7,1,0,12,1,0,1
STU05643,Feamle,24,MC,Hosteler,27074,77.3,5.43,20,1,65.3,1,5,0,0,12,0,0,0
STU05644,Male,18,ECE,Day Scholar,77344,77.8,8.09,71,0,100.0,0,2,0,0,11,0,0,0
STU05645,Male,19,CSE,Hosteler,136776,76.5,7.3,87,1,55.2,3,5,0,1,5,0,0,0
STU05646,Male,24,CSE,Day Scholar,52979,81.0,8.03,46,0,70.6,0,8,0,0,0,0,0,0
STU05647,Feamle,19,MC,Day Scholar,197484,85.4,6.64,20,0,95.6,0,3,1,0,7,0,0,0
STU05648,Feamle,21,MC,Day Scholar,89258,58.5,8.06,41,0,100.0,1,2,0,1,6,0,0,0
STU05649,Feamle,24,ECE,Hosteler,162781,71.7,5.96,95,1,90.3,0,2,1,0,4,0,1,0
STU05650,Feamle,22,AIML,Day Scholar,62925,82.7,4.48,16,0,95.3,3,6,1,0,14,1,1,1
STU05651,Feamle,22,CSE,Day Scholar,167759,71.0,4.82,39,0,90.8,0,7,1,0,11,1,0,0
STU05652,Male,21,AIML,Hosteler,85066,89.4,6.25,57,1,76.3,0,4,1,0,12,0,0,0
STU05653,Feamle,21,ECE,Hosteler,56540,76.4,4.58,3,0,32.9,0,2,0,0,7,0,0,0
STU05654,Feamle,18,CSE,Day Scholar,38165,45.7,9.33,41,0,63.9,0,5,0,1,11,0,0,0
STU05655,Male,21,ECE,Day Scholar,197961,87.6,6.88,86,1,67.8,0,8,0,0,14,0,0,0
STU05656,Feamle,19,MC,Hosteler,82055,73.2,8.38,56,0,61.0,0,3,0,0,1,0,0,0
STU05657,Male,20,ECE,Day Scholar,180266,48.5,8.18,35,0,49.7,0,6,0,1,14,0,0,0
STU05658,Male,19,MC,Day Scholar,192839,71.2,7.01,51,0,100.0,0,6,0,1,3,3,0,0
STU05659,Male,24,AIML,Day Scholar,162454,56.0,10.0,21,1,67.2,0,7,0,1,4,0,0,0
STU05660,Male,21,CSE,Hosteler,114154,86.3,10.0,88,2,52.8,0,4,1,1,8,0,1,0
STU05661,Male,22,CSE,Day Scholar,106123,74.5,9.09,67,0,100.0,0,3,1,0,2,1,1,0
STU05662,Feamle,19,AIML,Hosteler,86889,61.1,5.64,9,0,100.0,0,2,1,0,2,1,0,0
STU05663,Male,22,MC,Day Scholar,93907,87.2,9.15,23,1,61.2,0,6,0,0,10,0,1,0
STU05664,Male,19,CSE,Day Scholar,94608,81.9,4.38,34,0,63.2,1,1,0,0,3,0,0,0
STU05665,Feamle,22,ECE,Hosteler,138690,71.5,9.1,77,0,53.6,2,0,0,0,9,0,0,0
STU05666,Feamle,23,MC,Day Scholar,39184,56.3,3.17,19,0,50.6,0,6,0,0,14,0,0,1
STU05667,Male,19,CSE,Hosteler,26902,62.4,6.52,51,0,64.4,0,5,1,0,6,0,0,0
STU05668,Feamle,24,ECE,Day Scholar,40647,62.1,8.81,13,0,90.2,0,4,0,0,0,0,1,0
STU05669,Feamle,22,ECE,Hosteler,49140,86.2,7.58,38,0,100.0,2,8,0,0,11,1,0,0
STU05670,Male,20,CSE,Day Scholar,120541,49.8,4.78,72,2,100.0,1,2,1,0,1,0,0,0
STU05671,Male,24,AIML,Hosteler,71730,74.3,7.26,33,2,100.0,1,5,1,0,11,2,0,0
STU05672,Feamle,18,AIML,Day Scholar,148996,71.2,7.58,83,1,77.5,0,4,0,1,10,0,0,0
STU05673,Male,19,CSE,Day Scholar,54546,90.5,7.31,66,1,92.2,0,1,0,0,3,0,0,0
STU05674,Male,20,ECE,Day Scholar,168076,78.5,6.39,75,1,87.6,0,8,0,0,11,1,0,0
STU05675,Feamle,18,AIML,Hosteler,78557,83.0,8.28,11,0,80.8,1,6,0,0,8,0,0,0
STU05676,Male,19,AIML,Day Scholar,73206,67.1,8.72,41,0,100.0,0,4,0,0,8,0,1,0
STU05677,Male,20,AIML,Hosteler,163577,56.5,6.77,85,0,94.0,0,4,0,0,0,0,0,0
STU05678,Male,20,MC,Day Scholar,76618,70.1,9.28,98,2,84.1,0,5,0,0,5,1,0,0
STU05679,Male,24,AIML,Day Scholar,57031,86.7,6.77,30,1,64.5,0,5,0,0,11,0,0,0
STU05680,Male,23,CSE,Day Scholar,194859,86.6,6.27,70,0,100.0,0,7,1,0,11,0,0,0
STU05681,Feamle,20,CSE,Day Scholar,165649,68.5,9.04,8,1,54.6,0,6,0,0,8,1,0,0
STU05682,Feamle,23,MC,Hosteler,159115,62.1,8.98,50,2,51.5,0,6,0,0,2,1,0,0
STU05683,Male,21,MC,Day Scholar,185202,59.1,6.07,36,1,34.6,1,7,1,0,6,0,0,0
STU05684,Feamle,24,CSE,Hosteler,112950,73.0,5.85,21,1,78.4,1,9,1,0,2,0,0,0
STU05685,Male,22,MC,Day Scholar,79846,77.0,9.65,8,1,87.6,0,3,1,0,7,0,0,0
STU05686,Male,24,AIML,Day Scholar,150182,97.1,6.85,79,0,55.0,0,10,0,0,5,0,0,0
STU05687,Male,18,ECE,Day Scholar,71392,76.8,7.0,63,0,79.6,0,4,0,0,0,0,0,0
STU05688,Male,22,ECE,Day Scholar,74673,84.2,6.62,62,1,100.0,0,2,0,1,8,1,0,0
STU05689,Male,22,ECE,Hosteler,157816,63.3,8.98,84,1,92.4,0,2,1,0,9,0,0,0
STU05690,Feamle,23,CSE,Day Scholar,70390,75.6,10.0,72,1,68.9,0,6,0,0,14,1,0,0
STU05691,Feamle,22,MC,Hosteler,59260,77.1,7.1,11,2,96.2,0,5,0,0,8,0,1,0
STU05692,Male,20,ECE,Day Scholar,73760,72.9,10.0,26,1,100.0,2,5,0,0,14,1,0,0
STU05693,Feamle,23,AIML,Day Scholar,125806,74.7,6.17,46,0,100.0,0,5,0,0,5,0,0,0
STU05694,Male,22,AIML,Hosteler,23470,76.9,6.58,72,0,93.5,1,4,1,0,11,1,0,0
STU05695,Feamle,23,AIML,Hosteler,182715,82.2,8.01,90,0,49.7,0,9,0,1,6,0,0,0
STU05696,Male,21,MC,Hosteler,113347,92.5,5.77,27,1,100.0,0,7,0,0,0,0,0,0
STU05697,Feamle,23,ECE,Day Scholar,24201,41.0,7.99,34,0,85.0,0,5,0,0,3,0,0,0
STU05698,Male,19,AIML,Hosteler,100863,91.7,6.22,37,0,70.7,1,4,0,0,5,0,0,0
STU05699,Male,20,MC,Day Scholar,47340,49.3,4.68,95,1,99.6,1,3,1,1,5,0,0,0
STU05700,Feamle,18,AIML,Day Scholar,113716,79.6,4.39,40,0,75.1,2,5,0,0,9,2,0,0
STU05701,Feamle,19,ECE,Hosteler,164560,100.0,6.51,66,1,23.6,0,6,0,1,10,0,0,0
STU05702,Male,19,ECE,Day Scholar,115910,74.4,7.63,55,1,100.0,0,10,0,1,13,0,0,0
STU05703,Feamle,19,ECE,Day Scholar,156485,77.7,4.96,8,0,68.9,0,3,0,0,1,0,0,0
STU05704,Male,22,ECE,Hosteler,60200,70.3,7.27,2,2,76.5,0,10,0,0,8,0,1,0
STU05705,Feamle,23,ECE,Day Scholar,42355,85.0,7.27,50,0,80.1,0,5,1,0,12,0,0,0
STU05706,Feamle,23,AIML,Hosteler,33831,80.4,6.75,99,0,73.9,1,2,1,1,14,2,0,0
STU05707,Male,24,ECE,Hosteler,109357,64.9,5.61,76,0,83.7,0,6,0,0,5,0,0,0
STU05708,Feamle,22,AIML,Day Scholar,138589,73.3,7.36,48,1,97.4,0,4,0,0,7,0,0,0
STU05709,Feamle,20,ECE,Day Scholar,148211,58.2,6.79,97,0,90.2,1,6,1,0,13,0,0,0
STU05710,Male,22,AIML,Day Scholar,56396,73.2,8.47,93,0,59.4,1,4,0,0,9,0,0,0
STU05711,Feamle,22,ECE,Day Scholar,70920,68.7,5.06,79,1,52.8,0,3,0,0,13,0,0,0
STU05712,Male,22,AIML,Day Scholar,189192,77.0,7.17,96,1,72.2,0,5,0,1,3,0,0,0
STU05713,Male,20,ECE,Hosteler,67786,64.4,5.09,34,1,64.2,1,5,0,0,12,2,1,1
STU05714,Male,24,MC,Hosteler,150046,71.8,6.64,15,1,63.9,0,11,0,0,0,0,0,0
STU05715,Male,20,AIML,Hosteler,168997,75.1,5.36,39,1,63.3,1,3,1,0,5,0,0,0
STU05716,Male,21,MC,Day Scholar,66006,76.2,5.62,68,1,100.0,0,5,0,1,14,0,0,0
STU05717,Feamle,24,AIML,Day Scholar,87627,79.1,6.99,7,1,90.2,1,3,1,0,4,0,0,0
STU05718,Male,21,AIML,Hosteler,30842,72.4,6.15,53,1,73.6,0,9,1,0,8,0,0,0
STU05719,Male,21,AIML,Hosteler,95459,63.2,9.2,32,0,82.3,1,4,1,0,13,0,0,0
STU05720,Feamle,21,CSE,Day Scholar,133272,76.2,8.77,50,0,88.3,0,4,0,0,7,2,1,0
STU05721,Feamle,23,ECE,Hosteler,175198,72.3,8.21,93,0,65.9,0,6,1,0,4,1,0,0
STU05722,Feamle,19,MC,Day Scholar,78074,90.4,8.18,1,0,81.5,0,9,0,1,2,0,0,0
STU05723,Male,19,MC,Day Scholar,188889,92.3,7.2,37,0,34.7,0,5,0,0,0,0,0,0
STU05724,Male,21,AIML,Day Scholar,25557,54.4,8.96,55,0,81.0,2,3,1,0,5,0,0,0
STU05725,Male,21,MC,Hosteler,24432,84.3,6.56,19,0,92.7,0,5,1,0,14,0,0,0
STU05726,Feamle,18,MC,Day Scholar,163078,87.3,10.0,51,0,91.3,1,12,0,0,3,0,0,0
STU05727,Male,19,MC,Hosteler,181061,54.8,5.59,8,0,81.7,1,10,1,0,0,0,0,0
STU05728,Feamle,18,MC,Day Scholar,126291,83.7,5.31,64,2,54.6,2,3,0,0,13,2,0,0
STU05729,Male,24,CSE,Hosteler,57788,88.4,4.91,65,1,86.8,2,12,0,0,1,0,0,0
STU05730,Feamle,18,AIML,Day Scholar,84167,60.8,5.17,18,0,99.7,0,2,0,0,8,1,0,0
STU05731,Male,22,MC,Day Scholar,72166,71.5,4.56,15,1,99.0,0,2,0,0,10,0,1,0
STU05732,Male,23,CSE,Hosteler,46887,77.8,7.32,68,0,79.1,2,4,1,0,7,1,0,0
STU05733,Male,24,CSE,Day Scholar,173704,83.6,8.28,95,0,85.5,0,10,1,0,2,0,0,0
STU05734,Feamle,20,AIML,Day Scholar,136704,60.2,7.05,19,0,75.2,0,5,1,0,3,1,0,0
STU05735,Feamle,19,ECE,Hosteler,86513,92.4,4.92,51,0,92.2,2,4,1,0,8,0,0,0
STU05736,Male,21,ECE,Hosteler,59802,44.6,6.3,13,1,70.9,0,6,0,0,4,0,0,0
STU05737,Male,24,ECE,Day Scholar,54026,94.9,8.26,76,0,69.6,0,2,1,0,9,1,0,0
STU05738,Male,21,MC,Day Scholar,95706,83.3,6.49,90,0,78.2,0,4,0,0,14,0,1,0
STU05739,Feamle,20,AIML,Day Scholar,92933,65.7,5.8,34,0,77.9,1,4,1,0,6,2,1,0
STU05740,Male,24,ECE,Day Scholar,138817,88.0,4.73,56,0,50.8,0,5,0,0,10,0,1,0
STU05741,Male,19,MC,Day Scholar,181155,59.3,6.37,33,0,77.4,1,8,0,0,2,0,0,0
STU05742,Male,24,AIML,Day Scholar,21732,76.7,5.95,58,0,56.0,0,2,0,0,8,0,0,0
STU05743,Male,21,MC,Day Scholar,134164,78.6,6.87,79,0,78.9,0,6,1,0,7,0,0,0
STU05744,Feamle,21,ECE,Hosteler,154014,78.5,7.71,27,0,100.0,2,2,0,0,2,1,1,0
STU05745,Feamle,22,ECE,Day Scholar,79853,62.4,6.58,42,0,94.1,0,5,1,0,6,2,0,0
STU05746,Male,18,CSE,Hosteler,117084,67.6,7.28,34,2,58.8,1,8,0,0,7,0,0,0
STU05747,Male,24,CSE,Hosteler,29429,76.9,7.71,14,2,81.3,0,3,1,0,5,0,0,0
STU05748,Feamle,21,AIML,Day Scholar,188340,64.1,5.16,2,0,90.6,0,6,0,0,3,0,0,0
STU05749,Feamle,23,MC,Day Scholar,77676,79.1,9.83,90,0,56.1,0,2,1,0,1,0,0,0
STU05750,Male,19,MC,Hosteler,173589,65.8,5.89,26,0,87.6,0,9,0,0,2,0,0,0
STU05751,Feamle,23,ECE,Hosteler,83727,90.0,7.77,3,0,78.9,1,3,1,0,4,1,0,0
STU05752,Feamle,20,ECE,Day Scholar,115485,98.4,5.3,84,0,78.1,1,8,0,0,6,0,0,0
STU05753,Male,24,AIML,Day Scholar,48899,70.5,7.17,21,0,66.7,0,5,1,0,2,2,1,0
STU05754,Feamle,22,CSE,Day Scholar,35068,88.8,7.22,68,1,79.8,0,6,0,0,14,0,0,0
STU05755,Feamle,19,ECE,Day Scholar,85701,71.8,9.49,22,0,100.0,1,7,0,0,6,0,0,0
STU05756,Male,22,MC,Hosteler,98408,61.0,6.65,86,1,71.7,0,4,0,0,13,2,0,0
STU05757,Male,18,ECE,Hosteler,115742,68.6,8.95,12,0,99.2,1,4,1,0,13,0,0,0
STU05758,Feamle,21,CSE,Hosteler,49269,76.3,7.44,59,0,80.0,0,3,0,1,5,0,0,0
STU05759,Male,19,MC,Hosteler,114800,48.2,9.78,26,1,85.4,1,3,0,0,4,0,1,0
STU05760,Feamle,20,CSE,Day Scholar,163291,84.4,4.33,49,1,100.0,0,6,0,0,3,0,0,0
STU05761,Male,24,AIML,Hosteler,104694,76.3,7.72,78,0,78.2,0,12,1,0,13,1,0,0
STU05762,Feamle,18,AIML,Hosteler,79043,90.0,2.99,11,0,81.3,0,6,0,0,4,0,0,0
STU05763,Male,18,CSE,Day Scholar,177061,84.1,6.91,9,0,92.8,0,6,1,0,0,1,0,0
STU05764,Feamle,22,MC,Day Scholar,85263,76.8,8.53,48,1,60.9,0,6,1,0,14,0,0,0
STU05765,Feamle,18,CSE,Day Scholar,193478,69.7,9.17,91,0,99.3,0,5,1,1,1,1,0,0
STU05766,Feamle,19,ECE,Day Scholar,123324,97.8,8.11,34,0,73.7,0,3,0,1,8,3,0,0
STU05767,Male,22,ECE,Hosteler,139432,100.0,6.56,37,1,71.6,1,10,1,0,2,1,0,0
STU05768,Male,18,CSE,Day Scholar,144567,69.9,7.82,53,1,54.0,0,5,0,1,6,0,1,0
STU05769,Feamle,24,ECE,Hosteler,36830,90.6,10.0,19,1,59.3,0,6,0,0,1,0,0,0
STU05770,Feamle,20,CSE,Day Scholar,179122,64.4,7.11,11,0,87.3,0,6,0,0,2,0,0,0
STU05771,Male,24,ECE,Day Scholar,183936,66.2,8.44,2,1,100.0,0,5,0,1,1,0,1,0
STU05772,Male,23,CSE,Day Scholar,120730,69.2,6.36,1,2,64.1,1,5,0,0,10,0,0,0
STU05773,Male,19,ECE,Day Scholar,194749,85.3,8.61,91,1,91.8,1,10,0,0,6,2,1,0
STU05774,Male,20,MC,Day Scholar,39641,58.9,8.36,21,0,75.7,2,4,0,0,12,0,0,0
STU05775,Male,20,MC,Day Scholar,115911,98.2,6.08,34,0,52.5,0,0,0,0,7,0,0,0
STU05776,Male,22,ECE,Hosteler,164627,89.1,8.17,8,0,70.8,0,5,0,0,2,0,0,0
STU05777,Feamle,21,CSE,Day Scholar,174307,84.9,8.24,86,1,93.2,0,7,0,0,6,0,0,0
STU05778,Male,22,ECE,Hosteler,126998,70.6,8.11,16,0,59.5,1,4,1,0,13,0,0,0
STU05779,Feamle,19,AIML,Day Scholar,180031,87.4,6.94,13,0,53.9,0,6,0,0,2,1,0,0
STU05780,Male,19,AIML,Hosteler,192029,31.2,8.84,31,1,66.9,0,5,0,0,12,1,0,0
STU05781,Male,22,CSE,Hosteler,125044,81.6,5.6,58,0,66.0,2,4,0,0,14,1,0,0
STU05782,Feamle,21,ECE,Day Scholar,108634,77.4,7.01,57,1,100.0,0,8,0,1,11,2,0,0
STU05783,Feamle,24,ECE,Hosteler,35309,46.7,7.17,35,1,83.4,0,4,1,0,12,1,0,0
STU05784,Male,22,MC,Day Scholar,165177,81.1,8.76,32,0,100.0,0,5,0,0,6,1,1,0
STU05785,Feamle,19,CSE,Hosteler,69813,83.9,5.55,73,1,78.4,0,3,0,0,3,0,0,0
STU05786,Feamle,21,AIML,Day Scholar,94208,47.2,7.36,63,1,85.9,1,6,0,0,6,1,0,0
STU05787,Feamle,19,AIML,Day Scholar,181400,57.2,6.26,12,0,97.8,2,4,1,0,3,0,0,0
STU05788,Feamle,21,CSE,Day Scholar,125183,100.0,7.16,33,0,53.2,0,7,0,0,6,0,0,0
STU05789,Male,21,AIML,Hosteler,188502,72.2,7.59,4,1,59.9,1,0,1,0,6,0,1,0
STU05790,Feamle,22,CSE,Hosteler,191655,89.6,5.08,69,0,90.7,1,3,1,0,11,0,0,0
STU05791,Male,22,AIML,Day Scholar,56029,91.9,8.9,32,1,81.8,0,3,0,0,2,0,0,0
STU05792,Male,22,AIML,Hosteler,151477,80.9,7.64,4,0,90.6,1,4,0,0,4,0,0,0
STU05793,Male,21,CSE,Hosteler,74012,90.3,5.71,87,0,63.3,1,4,0,0,4,0,1,0
STU05794,Male,21,CSE,Day Scholar,154632,43.3,6.49,71,1,77.3,0,6,0,0,1,0,0,0
STU05795,Feamle,19,AIML,Day Scholar,31575,71.5,9.24,17,1,100.0,2,3,0,0,2,1,0,0
STU05796,Feamle,20,AIML,Hosteler,116148,28.8,7.62,88,0,68.3,0,2,0,0,0,1,0,0
STU05797,Male,22,MC,Hosteler,33153,48.8,5.55,17,0,97.4,0,7,1,1,13,2,0,1
STU05798,Male,23,ECE,Hosteler,126160,66.8,5.82,99,0,87.7,0,10,1,1,6,0,0,0
STU05799,Male,19,CSE,Day Scholar,62077,65.0,7.94,25,1,64.2,0,5,1,0,8,0,0,0
STU05800,Male,19,CSE,Hosteler,47013,75.6,8.12,83,0,100.0,0,7,0,0,13,0,0,0
STU05801,Feamle,18,ECE,Day Scholar,157762,74.7,7.54,19,2,100.0,1,3,0,0,10,1,1,0
STU05802,Male,22,MC,Hosteler,138128,77.0,6.56,87,0,53.2,0,5,1,0,4,0,0,0
STU05803,Feamle,24,AIML,Hosteler,86277,77.6,8.21,83,0,95.5,2,3,0,0,10,0,0,0
STU05804,Male,19,AIML,Day Scholar,96967,80.0,6.53,3,1,72.0,0,5,1,0,8,0,0,0
STU05805,Male,18,MC,Hosteler,158253,60.6,5.72,21,0,77.4,0,6,0,0,14,0,1,0
STU05806,Male,23,MC,Day Scholar,182377,64.1,9.38,88,2,38.8,1,5,0,0,3,0,0,0
STU05807,Male,23,ECE,Day Scholar,27731,74.4,7.73,84,1,72.6,0,3,0,0,3,0,0,0
STU05808,Feamle,24,ECE,Hosteler,121225,74.7,5.82,81,0,62.6,0,3,0,0,13,0,1,0
STU05809,Feamle,22,AIML,Day Scholar,125678,58.8,7.2,72,2,77.7,0,2,1,1,14,0,0,0
STU05810,Feamle,21,MC,Hosteler,123938,91.2,7.04,8,0,59.8,0,5,0,0,4,1,0,0
STU05811,Male,18,MC,Hosteler,20910,85.9,6.48,58,1,61.5,2,8,0,0,6,0,1,0
STU05812,Male,21,AIML,Hosteler,188542,62.1,7.35,32,0,61.2,1,5,1,1,7,0,0,0
STU05813,Feamle,23,AIML,Day Scholar,67341,71.9,5.61,6,1,100.0,1,2,1,0,6,0,0,0
STU05814,Feamle,23,AIML,Hosteler,107718,100.0,8.31,32,0,76.5,0,6,0,0,13,0,0,0
STU05815,Male,20,AIML,Day Scholar,76850,77.4,6.99,65,0,89.0,0,4,0,0,7,2,1,0
STU05816,Male,20,AIML,Day Scholar,180462,80.9,4.59,71,1,86.1,1,4,0,0,1,0,0,0
STU05817,Feamle,24,ECE,Hosteler,84229,65.9,6.66,96,1,65.7,1,6,1,0,13,0,0,0
STU05818,Male,20,AIML,Day Scholar,83891,70.3,6.08,58,2,87.2,0,3,0,0,3,2,0,0
STU05819,Male,20,MC,Day Scholar,130805,97.7,2.51,34,1,81.2,1,5,0,0,3,0,0,0
STU05820,Feamle,24,CSE,Day Scholar,155110,76.7,6.77,92,0,64.3,2,9,1,0,3,0,0,0
STU05821,Male,19,ECE,Day Scholar,179287,73.9,8.56,31,2,76.9,0,5,0,0,12,0,0,0
STU05822,Feamle,20,MC,Day Scholar,117101,75.1,6.84,0,1,100.0,0,1,0,0,4,1,0,0
STU05823,Male,19,CSE,Hosteler,183971,100.0,8.06,94,0,54.6,0,3,0,0,14,1,0,0
STU05824,Feamle,19,ECE,Day Scholar,194088,75.6,7.01,51,0,70.1,1,7,0,1,10,0,0,0
STU05825,Male,22,AIML,Day Scholar,173318,62.5,6.32,34,0,89.2,0,2,0,1,0,0,0,0
STU05826,Feamle,19,ECE,Day Scholar,38862,65.2,5.9,39,0,50.6,0,5,0,1,3,2,0,0
STU05827,Feamle,19,AIML,Day Scholar,173572,86.7,5.08,43,1,74.3,2,6,0,0,13,0,1,1
STU05828,Feamle,20,AIML,Day Scholar,102224,53.6,8.39,38,0,100.0,0,7,1,0,8,0,0,0
STU05829,Feamle,19,AIML,Day Scholar,101818,81.8,8.1,19,0,70.2,0,8,0,0,9,0,1,0
STU05830,Male,21,CSE,Day Scholar,149307,64.1,6.58,96,0,100.0,1,6,0,0,11,1,0,0
STU05831,Male,24,ECE,Hosteler,153591,47.1,3.96,86,0,60.3,0,4,1,0,11,2,0,1
STU05832,Feamle,20,AIML,Day Scholar,26112,60.3,7.71,2,3,100.0,0,7,0,1,9,0,0,0
STU05833,Male,24,MC,Hosteler,152064,75.4,5.64,52,1,100.0,2,2,1,0,6,0,0,0
STU05834,Male,18,ECE,Day Scholar,25647,95.9,7.22,11,0,43.8,2,5,1,1,6,1,0,0
STU05835,Male,20,MC,Hosteler,114550,88.7,4.69,7,1,100.0,0,5,0,0,4,0,1,0
STU05836,Male,19,CSE,Hosteler,158669,70.6,7.14,63,0,76.2,2,5,0,0,10,0,1,0
STU05837,Male,21,CSE,Hosteler,143594,89.6,6.8,40,0,72.1,0,7,0,0,7,0,0,0
STU05838,Feamle,24,ECE,Day Scholar,136397,69.6,3.39,10,0,59.9,1,5,1,1,4,0,0,0
STU05839,Feamle,20,CSE,Hosteler,77170,53.0,9.43,25,0,57.5,0,5,1,0,5,0,0,0
STU05840,Feamle,21,CSE,Day Scholar,176705,75.3,6.51,86,1,94.3,0,5,1,0,6,0,0,0
STU05841,Feamle,24,ECE,Hosteler,167926,52.4,6.61,37,0,71.6,0,4,1,0,0,0,0,0
STU05842,Male,18,MC,Day Scholar,138153,86.9,7.8,4,3,40.6,1,2,0,0,13,0,0,0
STU05843,Male,23,AIML,Hosteler,143620,87.1,6.92,31,1,97.2,0,4,0,0,9,0,1,0
STU05844,Feamle,18,ECE,Hosteler,192544,61.8,7.55,68,0,83.8,0,6,0,0,14,1,0,0
STU05845,Male,23,ECE,Day Scholar,129889,77.2,5.28,14,0,69.4,0,6,1,1,7,0,0,0
STU05846,Male,22,AIML,Day Scholar,139922,77.0,6.79,60,1,100.0,2,1,0,0,14,1,0,0
STU05847,Feamle,23,MC,Hosteler,97565,88.1,4.14,51,2,92.4,0,3,0,0,11,1,1,1
STU05848,Male,22,AIML,Day Scholar,128688,56.3,6.64,86,0,90.0,0,3,0,0,3,0,0,0
STU05849,Feamle,20,AIML,Day Scholar,98615,84.0,9.17,27,0,42.5,0,6,0,0,8,0,0,0
STU05850,Feamle,22,MC,Hosteler,100636,55.2,4.74,18,0,84.1,0,7,1,0,13,0,0,1
STU05851,Male,21,MC,Hosteler,39015,86.7,6.47,53,0,93.9,0,3,0,0,11,1,0,0
STU05852,Male,22,AIML,Day Scholar,21757,90.9,3.81,80,1,66.6,0,4,0,0,6,0,1,0
STU05853,Feamle,21,AIML,Hosteler,183157,65.0,7.01,14,1,69.4,1,3,0,0,12,0,0,0
STU05854,Feamle,24,ECE,Day Scholar,41863,93.3,7.7,12,0,37.8,0,5,0,0,5,1,0,0
STU05855,Male,24,MC,Day Scholar,46098,51.4,7.58,86,0,36.6,2,6,0,0,13,0,0,0
STU05856,Feamle,23,CSE,Day Scholar,197292,91.5,6.1,81,0,96.5,1,8,0,0,6,0,0,0
STU05857,Feamle,23,MC,Day Scholar,166367,96.6,3.78,22,0,72.8,0,7,0,0,1,0,0,0
STU05858,Feamle,23,AIML,Day Scholar,189627,80.2,5.14,79,0,62.8,1,8,0,0,6,0,0,0
STU05859,Male,22,AIML,Hosteler,45821,72.1,8.88,61,0,69.6,1,4,0,1,12,0,0,0
STU05860,Feamle,23,AIML,Day Scholar,62372,79.7,8.32,83,1,100.0,0,7,0,0,12,0,0,0
STU05861,Male,22,AIML,Day Scholar,41833,65.9,6.86,24,0,100.0,1,4,0,0,14,0,0,0
STU05862,Feamle,22,CSE,Hosteler,73990,100.0,7.24,31,1,97.3,1,5,0,1,10,0,1,0
STU05863,Male,19,MC,Day Scholar,111528,66.2,5.46,20,0,78.2,0,1,0,0,1,0,1,0
STU05864,Feamle,19,CSE,Hosteler,159621,94.8,8.94,0,1,100.0,0,6,0,1,13,0,1,0
STU05865,Male,22,CSE,Hosteler,107968,63.9,5.92,27,0,63.5,2,2,0,0,2,1,0,0
STU05866,Male,24,AIML,Day Scholar,59498,99.0,7.66,90,1,55.4,0,2,0,0,10,0,0,0
STU05867,Male,21,CSE,Day Scholar,171591,100.0,5.01,90,1,94.5,1,5,0,0,11,0,0,0
STU05868,Feamle,20,AIML,Day Scholar,145829,80.8,6.73,99,1,95.1,1,1,0,0,0,0,1,0
STU05869,Feamle,18,AIML,Hosteler,67376,79.3,8.87,11,0,85.6,0,3,0,1,13,2,0,0
STU05870,Feamle,19,AIML,Day Scholar,68547,60.7,5.58,78,2,87.1,2,7,1,0,2,0,0,0
STU05871,Male,22,CSE,Hosteler,154213,58.9,8.12,19,1,55.4,0,5,0,0,14,0,0,0
STU05872,Feamle,18,AIML,Day Scholar,162140,79.5,5.38,82,0,81.8,0,6,1,0,3,1,0,0
STU05873,Male,19,CSE,Day Scholar,116878,96.9,5.65,50,0,52.6,1,5,0,0,3,0,0,0
STU05874,Feamle,20,MC,Day Scholar,73705,66.8,6.99,25,1,84.0,0,3,0,0,1,0,0,0
STU05875,Male,21,AIML,Day Scholar,165328,100.0,8.46,84,1,100.0,0,5,0,0,2,0,0,0
STU05876,Male,22,ECE,Day Scholar,184036,65.8,6.55,100,0,87.6,0,7,1,0,4,1,0,0
STU05877,Male,20,ECE,Day Scholar,136562,78.4,7.93,42,0,65.9,0,5,1,0,13,1,0,0
STU05878,Feamle,24,ECE,Day Scholar,25830,78.5,8.72,49,0,81.0,1,5,0,0,6,0,0,0
STU05879,Feamle,19,ECE,Day Scholar,35868,73.5,5.84,73,0,75.2,0,5,0,0,8,1,0,0
STU05880,Feamle,22,ECE,Day Scholar,157751,44.3,4.71,27,0,72.3,1,2,0,1,13,0,1,1
STU05881,Male,18,CSE,Day Scholar,162794,65.7,6.47,25,0,73.4,0,7,0,0,4,0,0,0
STU05882,Male,24,MC,Day Scholar,33989,78.0,8.91,76,0,55.9,0,7,0,0,2,1,1,0
STU05883,Feamle,24,CSE,Hosteler,142850,73.6,5.78,24,0,85.4,2,8,0,0,12,1,1,0
STU05884,Feamle,23,AIML,Hosteler,75701,84.5,8.52,30,0,77.1,0,10,0,1,10,0,0,0
STU05885,Feamle,21,MC,Day Scholar,131736,86.4,6.61,83,1,100.0,0,5,0,0,4,0,0,0
STU05886,Male,24,MC,Day Scholar,34919,71.4,9.63,78,0,89.1,0,7,0,0,5,1,0,0
STU05887,Male,19,MC,Day Scholar,192378,60.6,10.0,17,0,100.0,0,5,0,0,6,0,0,0
STU05888,Male,21,MC,Hosteler,133916,98.2,8.55,39,0,100.0,1,8,0,0,2,0,0,0
STU05889,Male,22,ECE,Hosteler,162108,54.7,4.53,86,0,52.7,0,7,0,1,1,0,1,1
STU05890,Male,23,AIML,Day Scholar,126614,66.1,3.4,66,1,67.8,0,5,0,0,3,1,0,0
STU05891,Feamle,20,MC,Day Scholar,40999,62.3,7.09,62,0,53.6,3,3,0,0,3,1,0,0
STU05892,Male,21,MC,Hosteler,137154,86.2,8.36,10,0,60.5,0,3,1,1,5,0,0,0
STU05893,Male,18,ECE,Day Scholar,61543,94.8,7.75,26,0,65.9,0,5,1,0,1,0,0,0
STU05894,Male,19,CSE,Day Scholar,74560,72.4,5.91,36,0,100.0,1,6,0,0,3,3,1,0
STU05895,Male,18,CSE,Hosteler,173860,78.4,4.77,11,0,100.0,1,7,0,0,14,1,0,0
STU05896,Male,21,CSE,Hosteler,99805,81.4,8.39,96,0,85.6,1,6,1,0,5,0,0,0
STU05897,Feamle,23,AIML,Hosteler,141764,100.0,9.79,27,0,69.5,1,6,0,0,10,0,0,0
STU05898,Male,20,CSE,Hosteler,80048,48.4,5.99,5,0,47.9,1,9,0,0,13,1,0,1
STU05899,Male,20,MC,Day Scholar,172293,86.2,8.24,69,1,66.6,2,6,1,0,12,0,0,0
STU05900,Male,18,ECE,Hosteler,182829,80.6,10.0,43,0,80.6,1,4,0,0,7,0,1,0
STU05901,Feamle,22,ECE,Hosteler,79115,69.4,6.72,84,0,63.5,2,3,0,1,7,0,0,0
STU05902,Feamle,22,CSE,Day Scholar,199347,79.9,6.75,88,0,100.0,1,4,1,0,0,1,0,0
STU05903,Feamle,23,ECE,Day Scholar,128573,86.1,7.84,46,0,100.0,0,4,0,0,8,0,0,0
STU05904,Male,20,MC,Day Scholar,137173,83.7,6.57,35,1,63.8,0,6,0,0,1,0,1,0
STU05905,Feamle,18,CSE,Hosteler,128192,100.0,9.01,81,1,77.0,0,6,0,0,3,1,0,0
STU05906,Male,18,MC,Day Scholar,44324,76.9,6.39,43,0,73.2,1,6,1,0,5,0,0,0
STU05907,Male,18,AIML,Day Scholar,179806,75.4,6.95,68,1,72.4,1,3,1,0,6,1,0,0
STU05908,Feamle,21,MC,Day Scholar,70605,72.3,4.84,22,0,64.3,0,7,0,0,12,0,0,0
STU05909,Male,23,MC,Day Scholar,170662,83.3,6.65,22,2,66.5,1,6,0,0,8,1,1,0
STU05910,Male,22,MC,Day Scholar,114364,74.5,5.49,86,0,55.5,1,4,0,1,12,0,0,0
STU05911,Male,22,MC,Day Scholar,174168,75.2,7.52,34,0,89.8,0,7,0,0,6,0,1,0
STU05912,Feamle,21,AIML,Day Scholar,114984,75.3,4.5,92,0,90.6,2,7,1,0,0,1,0,0
STU05913,Male,19,CSE,Hosteler,63261,73.0,8.47,68,1,100.0,0,2,1,0,4,0,0,0
STU05914,Male,21,MC,Hosteler,96986,65.9,5.69,60,0,55.2,0,4,0,0,3,0,0,0
STU05915,Feamle,23,CSE,Hosteler,116111,81.3,9.68,80,1,52.4,1,3,0,0,10,0,0,0
STU05916,Male,18,ECE,Hosteler,76698,70.7,9.06,37,1,49.1,0,6,0,0,2,0,0,0
STU05917,Male,21,MC,Hosteler,70502,84.2,7.8,51,0,59.5,0,1,1,0,12,0,1,0
STU05918,Feamle,18,MC,Day Scholar,199056,76.7,4.69,1,2,100.0,0,7,1,0,3,0,0,0
STU05919,Male,23,ECE,Hosteler,58202,69.2,6.06,18,0,60.0,2,7,0,1,10,0,0,0
STU05920,Male,24,CSE,Day Scholar,81445,98.5,5.66,62,0,82.6,0,6,0,0,2,0,1,0
STU05921,Male,23,AIML,Day Scholar,105869,73.5,5.84,66,0,100.0,1,4,0,1,6,3,0,0
STU05922,Male,20,MC,Hosteler,160607,84.3,9.37,93,0,85.3,1,4,1,0,2,1,0,0
STU05923,Male,18,ECE,Day Scholar,189959,64.5,6.77,96,0,72.0,1,4,0,0,4,1,0,0
STU05924,Feamle,22,ECE,Hosteler,38679,44.6,6.01,22,0,28.3,1,5,1,0,6,0,0,0
STU05925,Feamle,21,MC,Day Scholar,134691,66.5,5.88,25,0,75.1,1,3,0,0,14,2,0,0
STU05926,Feamle,24,CSE,Day Scholar,108901,42.9,6.2,29,0,88.2,1,4,0,1,0,1,0,0
STU05927,Feamle,23,CSE,Hosteler,151102,71.4,7.8,18,0,75.9,0,6,0,0,0,0,0,0
STU05928,Male,18,MC,Day Scholar,140640,97.0,4.56,38,1,76.2,0,2,1,0,6,0,0,0
STU05929,Male,24,ECE,Day Scholar,78996,61.4,7.15,89,1,55.4,0,7,1,0,1,0,0,0
STU05930,Male,19,MC,Hosteler,159204,43.4,7.64,95,0,100.0,0,6,0,0,6,0,1,1
STU05931,Male,20,AIML,Day Scholar,102805,97.5,4.4,27,0,71.9,0,5,0,1,5,0,0,0
STU05932,Male,19,AIML,Day Scholar,76644,67.9,4.87,72,0,94.8,2,2,0,0,9,1,0,0
STU05933,Feamle,23,CSE,Hosteler,144080,74.8,6.93,60,0,79.4,0,4,0,0,3,0,1,0
STU05934,Feamle,19,AIML,Day Scholar,146238,86.8,9.16,47,0,72.1,3,7,0,0,6,0,1,0
STU05935,Male,19,ECE,Hosteler,112091,82.8,8.8,94,0,73.3,1,5,0,0,0,0,0,0
STU05936,Male,20,AIML,Day Scholar,41227,86.3,6.09,78,0,100.0,0,4,1,0,10,0,0,0
STU05937,Male,20,MC,Hosteler,122342,88.5,9.11,95,1,68.6,0,4,0,1,4,0,0,0
STU05938,Feamle,20,ECE,Day Scholar,112238,48.8,6.52,12,1,87.9,1,5,0,1,0,0,1,0
STU05939,Male,24,CSE,Day Scholar,169746,53.8,6.51,85,1,85.8,2,3,0,1,5,0,0,0
STU05940,Male,20,CSE,Hosteler,24596,92.6,7.14,10,0,63.9,2,7,1,0,14,0,0,0
STU05941,Male,19,AIML,Hosteler,36588,63.3,8.26,96,0,61.7,1,8,0,1,14,0,0,0
STU05942,Feamle,22,CSE,Hosteler,74654,64.9,6.09,87,0,88.4,0,4,1,0,2,0,0,0
STU05943,Male,22,MC,Day Scholar,114540,56.1,6.4,39,0,100.0,0,4,0,0,13,1,1,1
STU05944,Feamle,20,ECE,Hosteler,178298,68.9,5.13,50,0,52.1,0,3,0,1,8,2,0,0
STU05945,Feamle,24,MC,Day Scholar,32453,69.8,7.53,69,0,69.1,1,9,0,0,0,2,0,0
STU05946,Feamle,21,MC,Day Scholar,79552,60.9,8.4,79,1,80.3,0,7,1,0,5,2,1,0
STU05947,Feamle,18,MC,Day Scholar,110117,59.2,8.49,29,1,82.0,0,2,0,1,3,0,0,0
STU05948,Feamle,23,MC,Hosteler,126124,79.8,4.95,29,0,77.0,1,2,1,0,7,1,1,0
STU05949,Feamle,24,ECE,Hosteler,44524,62.9,6.43,77,0,100.0,1,8,0,0,2,0,0,0
STU05950,Male,21,ECE,Day Scholar,135219,65.9,8.87,53,0,74.9,1,8,1,0,13,0,0,0
STU05951,Male,23,MC,Day Scholar,51843,42.2,7.35,6,1,49.3,0,3,0,0,8,1,0,0
STU05952,Male,21,MC,Day Scholar,83140,100.0,7.05,66,0,100.0,0,5,1,0,8,1,0,0
STU05953,Feamle,21,CSE,Day Scholar,32744,89.1,7.02,94,2,57.4,0,13,1,1,0,1,0,0
STU05954,Male,22,CSE,Hosteler,126320,67.6,7.81,9,1,78.0,0,9,0,1,4,0,0,0
STU05955,Feamle,18,ECE,Day Scholar,58910,61.5,7.43,96,0,64.9,0,3,1,0,3,0,0,0
STU05956,Feamle,21,CSE,Hosteler,158554,75.2,6.14,60,2,63.9,2,4,1,0,12,0,0,0
STU05957,Feamle,20,ECE,Day Scholar,191153,74.8,8.32,36,0,53.7,0,6,1,0,8,0,0,0
STU05958,Male,23,ECE,Day Scholar,183096,55.9,5.2,14,0,93.4,0,6,0,1,12,0,0,1
STU05959,Feamle,24,AIML,Hosteler,165102,36.7,8.98,49,1,99.6,0,8,1,1,13,0,0,0
STU05960,Feamle,22,ECE,Day Scholar,176544,67.1,5.66,3,1,90.5,0,3,0,0,0,1,0,0
STU05961,Male,23,CSE,Day Scholar,95048,51.5,7.82,100,0,100.0,2,6,1,0,13,0,0,0
STU05962,Male,20,AIML,Day Scholar,170117,77.6,6.75,41,0,64.3,1,3,0,0,4,1,0,0
STU05963,Feamle,20,CSE,Hosteler,47135,77.7,6.29,67,1,73.9,0,6,0,0,12,0,1,0
STU05964,Feamle,21,ECE,Hosteler,84273,60.4,9.04,9,0,65.9,1,7,0,0,3,1,0,0
STU05965,Male,20,ECE,Hosteler,119968,67.0,8.11,21,0,89.3,0,4,0,0,13,0,0,0
STU05966,Male,18,MC,Hosteler,141445,100.0,6.91,30,0,84.0,2,8,0,0,7,0,1,0
STU05967,Male,20,ECE,Day Scholar,121958,86.6,9.62,99,1,49.1,0,4,0,0,10,0,1,0
STU05968,Feamle,21,AIML,Day Scholar,33733,68.2,8.47,75,1,100.0,0,2,0,0,12,0,0,0
STU05969,Male,23,ECE,Hosteler,83832,100.0,5.79,72,0,61.5,0,6,1,0,7,0,0,0
STU05970,Male,20,MC,Day Scholar,154170,57.0,3.61,27,3,48.3,0,2,1,0,11,2,0,1
STU05971,Male,22,ECE,Day Scholar,105160,62.8,7.16,97,0,53.7,1,1,1,0,0,2,0,0
STU05972,Feamle,24,ECE,Hosteler,129318,73.3,9.08,68,4,100.0,2,2,0,0,14,0,1,0
STU05973,Male,22,ECE,Hosteler,77119,52.0,7.92,93,0,100.0,1,6,0,0,9,0,0,0
STU05974,Male,22,MC,Hosteler,191618,100.0,9.36,79,1,76.3,0,6,0,0,10,1,0,0
STU05975,Male,23,CSE,Day Scholar,63887,77.7,6.1,18,1,95.8,0,4,0,0,8,0,0,0
STU05976,Male,19,ECE,Day Scholar,165322,63.2,6.82,77,0,60.8,0,5,0,1,5,1,0,0
STU05977,Male,24,AIML,Day Scholar,56382,81.7,6.86,46,0,90.8,0,5,0,0,10,0,0,0
STU05978,Feamle,22,MC,Hosteler,69999,77.2,7.36,23,0,87.7,0,4,1,1,6,0,1,0
STU05979,Feamle,22,AIML,Day Scholar,67022,70.4,8.15,55,1,54.5,0,7,0,1,14,0,1,0
STU05980,Feamle,19,ECE,Hosteler,186544,56.9,9.45,10,0,79.1,1,9,0,0,1,0,1,0
STU05981,Male,23,MC,Day Scholar,23893,53.5,9.76,76,1,80.2,1,2,1,0,2,0,0,0
STU05982,Feamle,24,ECE,Day Scholar,121298,100.0,9.5,73,0,62.7,2,5,1,0,0,1,0,0
STU05983,Feamle,22,AIML,Hosteler,188373,54.7,8.0,92,0,94.6,0,4,0,0,8,0,0,0
STU05984,Feamle,21,MC,Day Scholar,71594,100.0,6.49,90,2,56.3,2,12,0,0,3,0,0,0
STU05985,Male,23,CSE,Day Scholar,149617,62.3,7.34,53,0,96.0,2,4,0,0,2,0,0,0
STU05986,Male,24,CSE,Day Scholar,132696,86.9,7.98,58,1,100.0,0,7,1,1,9,1,0,0
STU05987,Feamle,22,CSE,Hosteler,60109,82.0,7.2,64,0,90.2,1,4,0,0,6,0,0,0
STU05988,Feamle,22,ECE,Day Scholar,79087,85.0,5.63,31,1,97.3,0,6,1,1,8,0,0,0
STU05989,Male,19,MC,Day Scholar,194262,86.0,6.31,17,0,97.0,0,10,0,0,4,1,0,0
STU05990,Male,24,AIML,Day Scholar,153738,50.8,8.3,3,0,97.5,1,4,0,0,12,0,0,0
STU05991,Feamle,21,AIML,Hosteler,127705,64.9,6.63,79,1,72.5,0,1,0,0,8,0,1,0
STU05992,Male,23,ECE,Day Scholar,73513,54.5,7.04,81,0,88.8,1,3,1,0,8,0,0,0
STU05993,Feamle,20,ECE,Hosteler,134307,77.8,6.88,84,0,87.9,0,8,0,1,12,2,0,0
STU05994,Male,18,AIML,Day Scholar,114013,55.1,5.66,50,1,51.3,1,1,0,1,13,1,1,1
STU05995,Feamle,21,MC,Hosteler,129932,45.3,6.74,46,0,70.4,0,3,0,0,1,0,0,0
STU05996,Feamle,20,ECE,Hosteler,36169,71.4,6.31,53,0,63.7,0,4,0,0,4,1,0,0
STU05997,Male,21,MC,Day Scholar,37668,41.9,5.96,24,1,69.0,1,4,1,1,10,0,0,0
STU05998,Feamle,24,AIML,Day Scholar,71810,78.9,5.41,9,0,100.0,1,6,0,0,3,0,0,0
STU05999,Feamle,20,MC,Day Scholar,171017,56.1,6.85,6,0,70.2,0,5,1,1,13,0,0,0
STU06000,Feamle,24,CSE,Day Scholar,75159,62.4,7.93,64,1,69.7,3,5,0,0,13,1,0,0
STU06001,Male,20,AIML,Hosteler,161151,40.8,8.68,96,0,80.9,0,5,0,0,6,1,0,0
STU06002,Male,21,CSE,Hosteler,138700,99.8,4.91,96,1,74.3,1,10,0,0,3,2,0,0
STU06003,Male,19,AIML,Day Scholar,38362,53.1,9.41,18,1,62.2,0,7,0,0,6,1,1,1
STU06004,Feamle,21,CSE,Hosteler,163991,69.5,7.44,6,0,82.7,0,7,1,0,0,1,0,0
STU06005,Male,24,MC,Day Scholar,171872,48.1,5.31,44,0,79.7,1,5,0,0,12,0,0,1
STU06006,Feamle,21,AIML,Day Scholar,74648,62.5,6.39,77,1,67.0,0,8,0,0,7,0,0,0
STU06007,Feamle,20,AIML,Day Scholar,114410,100.0,4.18,37,1,84.1,0,3,0,0,8,0,0,0
STU06008,Male,18,CSE,Day Scholar,77026,79.5,4.57,6,1,71.6,0,5,1,0,6,0,0,0
STU06009,Male,20,MC,Hosteler,71376,64.1,9.58,45,1,96.5,2,7,0,0,12,0,0,0
STU06010,Feamle,22,AIML,Day Scholar,114834,74.5,5.95,66,0,43.2,1,3,0,0,10,2,1,0
STU06011,Feamle,21,ECE,Day Scholar,34156,66.6,7.81,74,0,69.0,0,3,1,0,13,0,1,0
STU06012,Male,23,CSE,Day Scholar,63039,73.6,6.83,7,0,82.5,0,6,0,0,6,1,0,0
STU06013,Male,21,AIML,Day Scholar,36239,86.2,7.03,89,0,73.2,1,3,0,0,13,0,0,0
STU06014,Male,19,MC,Day Scholar,158161,70.0,7.55,2,0,51.4,1,4,1,0,1,0,0,0
STU06015,Feamle,24,MC,Day Scholar,33014,78.3,3.87,92,0,100.0,1,7,0,0,14,0,0,0
STU06016,Feamle,23,MC,Hosteler,70105,78.5,8.98,11,0,80.3,0,6,0,0,6,0,0,0
STU06017,Feamle,20,MC,Day Scholar,25917,70.1,6.85,81,0,55.3,0,6,0,0,2,2,0,0
STU06018,Feamle,19,CSE,Hosteler,35350,64.0,6.24,42,0,95.6,0,3,0,0,11,0,1,0
STU06019,Feamle,21,AIML,Hosteler,156814,67.1,7.7,6,0,72.5,0,4,0,0,12,0,0,0
STU06020,Male,20,CSE,Hosteler,135236,85.5,5.92,93,2,100.0,0,3,0,0,10,0,0,0
STU06021,Male,20,CSE,Hosteler,100197,86.7,7.31,47,1,72.0,1,5,0,1,12,0,1,0
STU06022,Feamle,22,MC,Hosteler,127554,57.9,6.75,79,1,96.6,0,3,0,0,12,0,0,0
STU06023,Feamle,22,ECE,Day Scholar,162815,71.1,8.07,44,0,80.5,0,6,0,0,9,1,1,0
STU06024,Male,18,MC,Hosteler,38891,63.7,6.68,24,3,80.4,0,3,0,1,12,0,1,0
STU06025,Male,22,ECE,Day Scholar,48483,87.0,5.45,3,1,66.9,4,12,0,0,5,0,0,0
STU06026,Male,24,CSE,Hosteler,51135,67.9,7.54,3,0,71.4,0,4,1,0,13,0,0,0
STU06027,Male,23,MC,Day Scholar,115093,100.0,6.59,49,0,86.7,1,6,0,0,0,0,0,0
STU06028,Feamle,20,MC,Hosteler,162754,78.3,4.27,57,0,74.5,0,5,0,0,6,0,1,0
STU06029,Male,22,CSE,Hosteler,32798,92.7,7.3,64,0,60.8,0,4,1,0,11,0,0,0
STU06030,Feamle,18,MC,Hosteler,114575,59.8,6.19,66,1,64.7,0,7,0,0,4,2,0,0
STU06031,Male,21,AIML,Day Scholar,194991,75.2,7.52,27,1,90.4,0,5,0,0,11,0,1,0
STU06032,Male,23,ECE,Day Scholar,34198,84.2,5.72,74,2,93.9,0,2,1,1,8,0,0,0
STU06033,Male,22,ECE,Hosteler,127378,59.5,5.19,36,1,99.4,1,4,0,0,9,0,0,0
STU06034,Feamle,20,ECE,Hosteler,52104,75.3,8.77,1,1,73.3,0,4,0,0,4,0,0,0
STU06035,Feamle,21,MC,Hosteler,27603,90.8,8.26,72,1,100.0,3,7,1,0,1,0,0,0
STU06036,Male,24,AIML,Day Scholar,170081,70.1,6.99,60,1,99.7,0,4,1,0,11,0,0,0
STU06037,Feamle,20,MC,Day Scholar,58661,62.2,7.66,80,0,79.2,1,6,1,0,7,1,0,0
STU06038,Feamle,21,ECE,Hosteler,181037,100.0,8.22,95,0,80.8,1,7,0,1,12,0,0,0
STU06039,Male,24,MC,Hosteler,174856,57.4,6.98,50,1,93.0,0,7,0,0,2,2,0,0
STU06040,Male,24,ECE,Day Scholar,49340,77.3,5.19,30,0,64.5,0,4,1,0,8,1,0,0
STU06041,Feamle,23,CSE,Hosteler,90297,64.4,7.45,84,0,51.3,0,7,0,0,7,0,1,0
STU06042,Feamle,20,ECE,Day Scholar,174641,60.9,8.5,80,1,83.2,0,8,0,0,7,2,0,0
STU06043,Feamle,22,CSE,Hosteler,69411,86.1,7.89,80,0,82.1,0,8,0,0,10,3,0,0
STU06044,Male,22,CSE,Day Scholar,128004,71.9,7.09,42,0,64.0,0,1,0,0,9,0,0,0
STU06045,Male,18,CSE,Day Scholar,178326,81.1,7.85,90,0,66.6,0,6,0,1,0,0,0,0
STU06046,Feamle,21,ECE,Day Scholar,120148,41.2,6.67,27,1,98.7,0,10,1,1,1,0,0,0
STU06047,Male,18,AIML,Day Scholar,125573,82.5,8.57,38,0,82.2,1,5,0,1,0,1,0,0
STU06048,Male,19,ECE,Day Scholar,178232,64.2,9.02,64,2,47.7,1,4,0,0,10,2,0,0
STU06049,Feamle,22,MC,Day Scholar,32206,46.8,5.06,15,0,28.7,0,1,1,0,14,0,0,1
STU06050,Feamle,21,MC,Hosteler,64211,100.0,8.67,66,0,35.0,0,4,0,0,5,0,0,0
STU06051,Male,23,AIML,Day Scholar,21533,84.0,10.0,78,1,100.0,0,4,1,0,2,1,1,0
STU06052,Male,18,AIML,Day Scholar,91132,78.4,7.79,67,1,67.0,1,7,0,0,12,0,0,0
STU06053,Feamle,23,AIML,Day Scholar,193455,93.7,8.48,35,0,74.9,0,11,0,0,9,0,0,0
STU06054,Male,23,CSE,Hosteler,26358,78.7,6.03,29,1,100.0,2,7,0,1,4,2,0,0
STU06055,Male,23,AIML,Day Scholar,140190,63.0,6.24,92,0,60.7,1,3,0,0,13,0,1,0
STU06056,Feamle,18,AIML,Day Scholar,74395,72.4,6.69,22,0,97.9,0,7,1,0,10,0,0,0
STU06057,Feamle,19,AIML,Day Scholar,183107,64.8,6.4,62,0,74.9,0,4,1,0,14,2,0,0
STU06058,Male,24,ECE,Hosteler,185531,67.5,5.03,68,0,97.2,0,8,1,1,0,0,1,0
STU06059,Male,24,MC,Hosteler,192359,56.1,6.74,46,1,89.7,1,7,0,1,8,1,0,1
STU06060,Male,18,MC,Hosteler,171209,60.4,8.25,10,0,40.5,0,6,0,0,5,0,0,0
STU06061,Feamle,24,AIML,Day Scholar,145774,88.4,5.05,18,0,61.4,0,7,0,0,14,0,0,0
STU06062,Male,20,MC,Day Scholar,188594,80.0,7.27,61,1,61.6,0,5,0,0,14,0,0,0
STU06063,Male,24,ECE,Day Scholar,112459,67.5,7.22,71,0,84.5,0,5,1,0,5,0,0,0
STU06064,Feamle,22,MC,Day Scholar,58941,59.6,6.55,42,0,67.6,0,5,1,1,8,1,1,1
STU06065,Feamle,18,CSE,Day Scholar,193129,68.9,7.74,74,0,85.2,1,7,1,0,1,2,0,0
STU06066,Male,24,ECE,Day Scholar,180761,49.7,7.6,8,0,91.5,1,1,0,0,12,0,0,0
STU06067,Feamle,18,MC,Day Scholar,93588,76.9,6.44,24,1,100.0,0,4,1,0,11,3,1,0
STU06068,Feamle,19,MC,Day Scholar,106938,89.2,8.59,88,1,91.0,0,11,0,0,13,0,0,0
STU06069,Male,20,ECE,Day Scholar,91240,100.0,7.84,77,0,78.6,0,5,0,0,2,1,0,0
STU06070,Feamle,18,MC,Day Scholar,191751,58.5,9.36,30,1,84.0,1,7,0,0,14,0,0,0
STU06071,Feamle,22,MC,Hosteler,114846,88.6,6.9,12,1,46.0,1,4,0,0,6,0,0,0
STU06072,Male,24,AIML,Hosteler,77428,64.4,6.52,64,2,69.0,0,4,0,0,6,0,1,0
STU06073,Feamle,22,CSE,Day Scholar,185117,58.1,6.69,29,0,60.2,0,1,0,1,8,0,0,0
STU06074,Male,24,ECE,Day Scholar,63671,58.1,8.77,72,0,100.0,0,7,0,0,5,0,0,0
STU06075,Male,18,AIML,Day Scholar,66903,77.1,6.78,28,0,94.9,1,2,0,0,3,0,0,0
STU06076,Feamle,23,MC,Hosteler,31715,61.0,6.87,94,1,43.1,1,1,0,0,7,1,0,0
STU06077,Feamle,24,ECE,Day Scholar,172882,65.9,9.94,17,1,93.0,1,0,1,0,13,0,1,0
STU06078,Feamle,23,ECE,Day Scholar,60583,68.4,4.98,2,0,97.7,0,2,0,0,7,1,1,0
STU06079,Male,20,CSE,Day Scholar,113497,63.9,7.54,34,1,64.9,0,3,0,1,0,0,0,0
STU06080,Feamle,22,CSE,Day Scholar,40706,62.8,6.91,65,0,96.4,0,4,0,0,14,0,0,0
STU06081,Male,23,ECE,Day Scholar,41316,38.6,6.62,3,0,83.4,1,3,1,1,11,1,0,0
STU06082,Feamle,22,CSE,Day Scholar,187667,76.3,5.57,40,0,54.4,0,9,0,0,13,2,0,0
STU06083,Feamle,24,CSE,Day Scholar,79655,76.0,6.0,78,0,51.8,1,8,0,0,13,0,0,0
STU06084,Feamle,24,MC,Hosteler,22497,63.0,6.39,80,1,100.0,0,4,0,1,5,1,0,0
STU06085,Male,20,CSE,Hosteler,33562,80.4,7.74,89,1,75.4,0,3,0,1,3,1,0,0
STU06086,Feamle,24,CSE,Hosteler,121783,96.0,8.28,94,0,87.2,0,4,1,0,10,0,0,0
STU06087,Feamle,20,AIML,Hosteler,114377,75.4,4.33,29,0,49.9,0,5,0,0,5,0,1,0
STU06088,Male,23,MC,Hosteler,159829,95.0,5.2,86,0,100.0,0,6,1,0,3,1,0,0
STU06089,Male,24,MC,Hosteler,29018,100.0,7.82,93,2,96.5,0,7,0,0,9,2,0,0
STU06090,Feamle,18,ECE,Hosteler,180349,100.0,7.95,10,0,83.1,0,4,0,0,0,0,0,0
STU06091,Feamle,21,CSE,Hosteler,195149,57.2,4.8,32,1,100.0,1,8,0,1,13,0,0,1
STU06092,Feamle,19,AIML,Hosteler,185644,57.3,8.31,37,1,50.1,0,3,0,0,7,1,0,0
STU06093,Male,21,AIML,Hosteler,62020,68.3,6.98,4,0,66.3,0,1,0,0,10,0,0,0
STU06094,Male,21,MC,Day Scholar,130005,76.9,8.12,58,0,80.7,0,3,0,1,9,0,1,0
STU06095,Male,22,CSE,Day Scholar,77264,98.8,5.72,98,1,68.0,3,4,0,0,3,0,0,0
STU06096,Male,20,AIML,Hosteler,145936,84.4,4.91,50,0,96.0,0,3,0,0,6,0,1,0
STU06097,Feamle,22,ECE,Day Scholar,155242,57.0,6.54,64,0,90.3,0,3,0,0,10,1,0,0
STU06098,Male,23,CSE,Day Scholar,113202,65.8,6.6,67,1,100.0,0,3,1,1,1,0,1,0
STU06099,Male,19,CSE,Day Scholar,192219,74.4,6.52,57,1,83.5,1,7,0,1,2,0,1,0
STU06100,Male,23,CSE,Hosteler,64944,52.7,6.41,47,1,60.0,0,1,0,0,5,2,0,0
STU06101,Feamle,18,AIML,Day Scholar,44714,75.2,9.54,57,0,73.9,0,4,0,0,7,1,1,0
STU06102,Feamle,19,MC,Hosteler,69294,57.2,4.45,36,0,91.6,1,4,0,0,4,1,1,1
STU06103,Male,22,MC,Hosteler,183783,50.2,5.73,6,1,73.5,0,8,0,1,10,0,0,0
STU06104,Male,24,ECE,Hosteler,20220,60.8,6.37,59,1,82.3,2,4,0,0,5,0,0,0
STU06105,Feamle,24,AIML,Hosteler,59769,81.2,7.04,58,1,71.0,2,2,1,0,9,0,0,0
STU06106,Feamle,22,CSE,Day Scholar,81949,81.1,8.07,9,0,90.2,1,6,0,0,5,2,0,0
STU06107,Feamle,23,ECE,Day Scholar,145303,76.4,8.3,32,2,90.7,0,6,0,0,0,0,0,0
STU06108,Feamle,22,ECE,Day Scholar,97828,89.9,8.61,50,2,100.0,0,7,0,1,11,0,0,0
STU06109,Feamle,22,MC,Hosteler,179676,88.3,7.72,77,0,47.4,0,6,0,1,0,1,1,0
STU06110,Feamle,21,CSE,Hosteler,36771,78.1,4.4,35,0,86.4,0,7,0,0,5,0,0,0
STU06111,Feamle,18,CSE,Hosteler,81182,76.0,4.5,37,0,100.0,0,1,0,0,7,0,1,0
STU06112,Feamle,24,AIML,Hosteler,183786,76.9,8.72,54,0,100.0,0,12,0,0,1,0,0,0
STU06113,Male,21,AIML,Day Scholar,50429,72.8,8.62,29,1,100.0,0,3,1,1,13,0,0,0
STU06114,Male,22,AIML,Day Scholar,58759,42.4,7.95,25,1,58.7,1,11,1,0,12,0,1,1
STU06115,Male,20,ECE,Day Scholar,21839,92.0,5.77,94,0,81.1,2,3,1,1,14,1,0,0
STU06116,Male,21,CSE,Day Scholar,148759,81.0,6.52,41,0,52.2,0,5,1,0,12,2,0,0
STU06117,Male,22,MC,Day Scholar,44940,56.8,6.4,46,1,62.9,0,3,0,0,12,1,0,1
STU06118,Male,24,ECE,Hosteler,110528,96.4,5.46,18,0,100.0,1,4,1,0,0,0,0,0
STU06119,Feamle,22,ECE,Day Scholar,27676,66.2,7.39,76,0,56.7,0,6,0,0,10,0,0,0
STU06120,Feamle,18,MC,Day Scholar,128131,73.4,10.0,86,1,73.8,1,6,1,1,14,0,0,0
STU06121,Male,23,MC,Day Scholar,103988,90.4,6.26,82,1,61.4,0,3,1,1,6,1,0,0
STU06122,Male,19,AIML,Day Scholar,167972,78.3,8.95,79,2,85.8,1,4,0,0,2,1,0,0
STU06123,Feamle,21,MC,Hosteler,193252,95.0,5.67,24,1,50.4,0,9,0,0,10,0,0,0
STU06124,Feamle,21,MC,Day Scholar,86196,69.7,4.7,89,0,80.1,1,7,0,1,7,1,1,0
STU06125,Feamle,21,MC,Day Scholar,138104,100.0,8.48,84,1,98.2,1,7,0,1,10,1,1,0
STU06126,Male,22,MC,Day Scholar,110441,63.3,6.67,17,0,72.9,3,10,0,0,6,0,0,0
STU06127,Feamle,18,AIML,Day Scholar,85913,94.8,8.91,8,0,100.0,0,7,0,0,13,0,0,0
STU06128,Male,22,ECE,Hosteler,162546,41.0,9.21,87,0,90.1,1,6,0,0,12,0,0,0
STU06129,Male,22,CSE,Day Scholar,151231,58.5,6.58,16,0,73.1,0,2,0,0,5,0,0,0
STU06130,Feamle,23,CSE,Hosteler,167001,79.5,9.01,93,0,65.8,0,7,0,0,2,0,1,0
STU06131,Feamle,20,ECE,Hosteler,188014,69.0,5.69,3,2,100.0,1,5,0,0,3,0,0,0
STU06132,Male,18,CSE,Day Scholar,153271,73.9,5.66,54,0,73.7,1,4,0,0,4,0,1,0
STU06133,Feamle,21,CSE,Hosteler,32980,75.6,8.61,53,0,77.6,1,8,0,0,0,0,1,0
STU06134,Feamle,19,ECE,Day Scholar,194069,57.1,4.68,27,0,100.0,2,3,1,0,8,0,0,0
STU06135,Male,21,CSE,Day Scholar,194431,58.3,7.0,39,1,100.0,0,2,0,0,9,0,0,0
STU06136,Feamle,22,CSE,Hosteler,111336,78.5,8.87,8,0,64.2,0,6,1,0,6,0,0,0
STU06137,Male,18,ECE,Day Scholar,197078,65.0,8.98,35,2,81.9,0,4,0,0,6,1,0,0
STU06138,Male,24,CSE,Day Scholar,157348,95.1,6.35,7,0,99.8,0,5,0,0,9,0,0,0
STU06139,Feamle,18,MC,Hosteler,38372,72.1,8.51,61,0,67.0,0,3,0,0,3,1,0,0
STU06140,Male,18,ECE,Day Scholar,141000,85.8,5.32,85,0,100.0,1,7,0,0,8,0,1,0
STU06141,Male,20,AIML,Day Scholar,28168,81.6,6.0,88,1,88.9,0,13,0,0,7,3,0,0
STU06142,Feamle,21,CSE,Day Scholar,44966,66.0,7.35,48,1,100.0,0,7,1,0,8,2,0,0
STU06143,Feamle,20,AIML,Day Scholar,127904,45.3,7.57,69,1,74.5,0,6,0,0,5,0,1,0
STU06144,Feamle,24,CSE,Day Scholar,155987,92.8,5.43,89,0,91.6,0,4,0,0,11,2,0,0
STU06145,Male,24,MC,Day Scholar,190081,60.3,9.79,41,0,65.6,0,6,0,0,11,1,0,0
STU06146,Male,23,ECE,Day Scholar,68921,68.9,4.18,1,0,78.2,0,4,0,0,5,0,0,0
STU06147,Feamle,19,AIML,Hosteler,125439,72.7,7.08,30,0,68.2,0,6,0,0,11,0,0,0
STU06148,Male,23,ECE,Day Scholar,180083,74.2,7.29,75,0,100.0,1,7,0,0,8,2,0,0
STU06149,Feamle,22,AIML,Hosteler,103474,89.4,4.38,18,0,47.3,0,6,0,0,6,0,1,0
STU06150,Feamle,20,CSE,Day Scholar,24047,75.1,8.99,100,0,23.5,0,5,0,0,11,0,0,0
STU06151,Male,20,MC,Day Scholar,36515,73.1,5.89,100,0,85.8,0,6,0,1,4,0,0,0
STU06152,Feamle,23,AIML,Day Scholar,173809,90.3,7.15,64,0,81.4,0,7,0,0,3,0,0,0
STU06153,Male,22,AIML,Hosteler,180120,84.0,7.49,73,0,64.6,1,4,0,1,2,1,1,0
STU06154,Male,18,MC,Day Scholar,163999,64.0,4.82,59,1,82.1,0,3,0,0,13,2,0,1
STU06155,Feamle,22,MC,Hosteler,84565,57.8,5.39,61,0,40.9,0,6,0,0,9,1,0,1
STU06156,Male,21,MC,Day Scholar,185361,62.6,9.34,59,1,100.0,0,10,0,0,8,0,0,0
STU06157,Feamle,23,MC,Day Scholar,69592,74.3,6.9,97,0,64.3,1,2,1,1,8,0,0,0
STU06158,Male,22,MC,Day Scholar,95469,56.3,2.95,15,1,100.0,1,4,0,1,4,0,0,1
STU06159,Male,18,ECE,Hosteler,143120,76.4,6.55,6,0,57.0,1,6,0,0,5,0,0,0
STU06160,Male,22,CSE,Day Scholar,116017,73.1,6.95,76,2,53.0,1,1,0,0,6,1,0,0
STU06161,Feamle,20,CSE,Day Scholar,105311,36.9,7.33,67,0,61.2,0,1,0,0,11,0,0,0
STU06162,Male,19,AIML,Day Scholar,34836,53.9,4.0,94,0,80.8,1,5,0,0,9,0,0,0
STU06163,Feamle,20,MC,Day Scholar,105641,31.7,6.96,73,0,98.1,0,1,0,0,10,0,0,0
STU06164,Male,24,ECE,Hosteler,196150,69.8,5.75,11,0,100.0,0,7,0,1,13,0,1,0
STU06165,Male,19,ECE,Day Scholar,190615,91.1,7.33,97,0,100.0,0,9,1,0,0,0,1,0
STU06166,Feamle,24,AIML,Day Scholar,150674,46.6,7.76,91,0,51.8,0,4,1,1,14,0,1,1
STU06167,Feamle,22,MC,Day Scholar,109080,55.2,7.6,4,1,76.1,0,3,0,1,0,0,0,0
STU06168,Feamle,21,CSE,Day Scholar,167025,72.5,9.11,91,0,70.1,0,5,1,0,11,0,0,0
STU06169,Feamle,22,MC,Hosteler,142393,59.0,10.0,46,1,78.4,1,3,0,0,2,2,0,0
STU06170,Feamle,18,ECE,Day Scholar,122498,59.0,5.3,10,1,87.6,1,1,0,1,10,0,0,1
STU06171,Male,22,MC,Hosteler,184584,83.1,6.43,33,0,64.6,0,10,0,0,11,0,1,0
STU06172,Male,19,CSE,Day Scholar,173002,67.6,8.11,78,1,100.0,0,2,1,0,0,0,0,0
STU06173,Feamle,20,CSE,Day Scholar,69604,52.7,6.81,50,0,71.5,0,5,0,1,2,0,0,0
STU06174,Male,21,AIML,Day Scholar,23262,43.7,2.92,4,1,95.0,1,3,1,1,7,0,0,0
STU06175,Male,24,ECE,Day Scholar,31213,100.0,6.71,47,0,50.8,2,4,0,0,11,0,0,0
STU06176,Male,22,MC,Hosteler,44129,91.9,8.85,84,2,100.0,1,3,1,1,7,0,0,0
STU06177,Feamle,22,MC,Hosteler,80606,68.2,4.91,30,0,93.4,2,6,0,0,9,0,0,0
STU06178,Male,20,AIML,Hosteler,36524,76.3,7.33,39,0,74.0,1,8,0,0,10,0,0,0
STU06179,Male,21,AIML,Hosteler,38098,67.7,4.14,6,0,87.1,0,8,0,0,0,1,0,0
STU06180,Male,23,AIML,Day Scholar,96548,82.7,8.31,98,0,88.6,0,4,0,0,2,0,0,0
STU06181,Feamle,24,ECE,Hosteler,187345,62.2,7.36,84,0,83.9,2,3,0,0,1,0,0,0
STU06182,Male,22,MC,Day Scholar,82903,66.9,6.15,39,0,74.5,0,4,0,0,14,1,1,0
STU06183,Male,22,AIML,Day Scholar,89138,81.8,6.37,68,1,54.8,0,3,0,1,11,0,1,0
STU06184,Feamle,23,ECE,Day Scholar,43059,96.8,4.75,13,2,100.0,1,8,1,0,13,2,0,0
STU06185,Feamle,24,MC,Day Scholar,192949,86.1,8.51,97,0,83.8,1,4,0,0,10,0,0,0
STU06186,Male,19,CSE,Hosteler,193854,93.5,5.8,9,1,64.7,1,3,0,1,1,0,0,0
STU06187,Male,19,AIML,Hosteler,173960,70.3,7.75,81,0,74.5,0,7,0,1,1,1,1,0
STU06188,Feamle,18,ECE,Hosteler,179470,65.7,5.56,80,0,100.0,0,10,0,0,9,2,0,0
STU06189,Feamle,20,MC,Day Scholar,161867,45.9,10.0,48,0,100.0,0,4,0,1,10,0,0,0
STU06190,Feamle,21,MC,Day Scholar,106723,76.1,9.34,95,0,74.3,0,4,0,0,4,0,0,0
STU06191,Feamle,22,AIML,Hosteler,103650,80.7,10.0,16,0,69.0,1,11,0,1,3,0,0,0
STU06192,Feamle,24,AIML,Day Scholar,97156,70.5,10.0,85,0,70.3,0,4,0,0,7,0,0,0
STU06193,Feamle,22,MC,Hosteler,91512,63.3,6.05,88,1,100.0,1,7,0,0,1,0,0,0
STU06194,Feamle,18,ECE,Day Scholar,49232,93.7,5.67,50,0,100.0,3,10,0,0,11,0,0,0
STU06195,Male,24,CSE,Day Scholar,164356,84.5,10.0,79,0,74.9,0,4,0,0,5,1,0,0
STU06196,Feamle,24,MC,Day Scholar,142499,94.7,6.79,61,2,92.8,0,4,0,0,9,0,0,0
STU06197,Feamle,22,ECE,Day Scholar,125332,60.7,8.25,29,2,73.5,2,7,0,1,5,0,0,0
STU06198,Male,20,AIML,Day Scholar,82630,64.4,6.07,54,3,52.8,0,5,0,0,13,0,0,0
STU06199,Feamle,18,MC,Day Scholar,122022,93.0,6.09,33,0,92.1,0,2,1,0,7,0,0,0
STU06200,Feamle,20,AIML,Hosteler,131558,74.3,8.24,68,1,76.8,1,6,1,0,8,0,1,0
STU06201,Male,18,CSE,Day Scholar,185646,66.5,4.05,32,0,77.2,0,3,0,0,6,0,1,0
STU06202,Feamle,22,AIML,Day Scholar,83683,67.5,8.17,4,2,96.0,0,4,0,1,13,0,1,0
STU06203,Male,18,CSE,Hosteler,94081,74.8,7.79,41,0,53.3,0,5,0,1,6,0,0,0
STU06204,Male,19,AIML,Day Scholar,184780,90.0,6.2,2,0,37.5,0,6,1,0,8,0,0,0
STU06205,Male,24,AIML,Hosteler,158859,72.6,7.04,62,1,87.3,1,3,0,1,8,0,0,0
STU06206,Male,21,CSE,Hosteler,108978,86.9,7.27,37,2,100.0,3,4,0,0,3,0,0,0
STU06207,Feamle,22,AIML,Day Scholar,179790,82.0,7.36,12,0,99.3,3,7,1,0,9,0,0,0
STU06208,Male,23,ECE,Day Scholar,148308,61.8,8.04,7,0,64.7,0,5,1,0,8,0,0,0
STU06209,Male,21,AIML,Hosteler,159493,61.8,5.78,60,1,85.6,0,2,1,0,3,2,0,0
STU06210,Feamle,22,MC,Day Scholar,181668,68.2,10.0,29,1,90.3,0,1,1,0,0,2,1,0
STU06211,Male,21,AIML,Day Scholar,82540,54.9,6.69,49,0,91.4,1,7,0,0,9,0,1,1
STU06212,Male,19,ECE,Hosteler,32365,67.3,6.8,68,0,68.1,1,4,0,0,8,0,1,0
STU06213,Male,21,MC,Day Scholar,137469,97.7,9.92,37,1,67.9,0,3,0,1,2,1,0,0
STU06214,Male,18,ECE,Day Scholar,190927,74.5,4.26,58,0,33.5,1,9,0,1,13,0,0,0
STU06215,Feamle,21,MC,Hosteler,166847,63.5,9.9,94,1,84.5,0,10,0,0,8,0,0,0
STU06216,Male,22,AIML,Day Scholar,129591,100.0,7.14,1,0,95.3,1,5,0,0,2,0,0,0
STU06217,Feamle,23,ECE,Hosteler,58022,61.0,6.2,56,1,99.4,1,10,0,0,12,0,0,0
STU06218,Feamle,23,AIML,Day Scholar,86448,60.6,5.32,6,2,57.9,0,4,0,0,12,0,0,0
STU06219,Male,20,MC,Day Scholar,57213,93.4,5.1,79,2,78.7,0,5,0,0,6,0,0,0
STU06220,Male,24,ECE,Hosteler,78648,84.9,6.49,9,0,78.2,0,6,1,0,0,0,0,0
STU06221,Male,21,CSE,Day Scholar,30715,73.0,7.42,28,1,62.8,0,7,1,1,14,0,1,0
STU06222,Male,23,ECE,Day Scholar,53059,87.5,7.93,93,0,100.0,0,5,1,0,14,0,1,0
STU06223,Feamle,21,AIML,Hosteler,35223,79.5,7.4,83,0,79.9,0,7,0,0,14,1,0,0
STU06224,Feamle,24,CSE,Day Scholar,184307,57.2,6.23,33,0,69.9,0,2,0,0,13,1,0,1
STU06225,Feamle,23,CSE,Hosteler,165713,39.0,9.01,71,0,100.0,0,5,0,0,11,0,0,0
STU06226,Male,24,MC,Day Scholar,74455,66.5,10.0,97,2,92.4,0,3,0,0,3,0,0,0
STU06227,Feamle,21,CSE,Day Scholar,31391,91.3,9.24,97,0,66.4,2,5,0,0,14,2,0,0
STU06228,Male,22,CSE,Day Scholar,108512,68.6,6.46,44,3,45.1,0,4,1,0,11,0,0,0
STU06229,Male,21,MC,Day Scholar,40709,81.9,7.75,99,0,64.5,1,3,0,0,11,0,0,0
STU06230,Male,24,ECE,Day Scholar,184904,77.8,7.85,70,3,82.1,0,5,0,0,3,0,1,0
STU06231,Male,22,AIML,Day Scholar,188728,49.6,9.41,57,0,69.7,0,5,0,0,7,1,0,0
STU06232,Male,22,ECE,Day Scholar,31655,68.9,6.49,77,0,56.3,1,5,0,0,10,0,0,0
STU06233,Feamle,20,CSE,Day Scholar,33111,80.4,5.55,83,0,75.0,0,7,0,0,0,0,0,0
STU06234,Feamle,23,AIML,Day Scholar,177341,63.2,8.7,100,0,45.6,0,6,0,0,14,0,0,0
STU06235,Male,18,ECE,Hosteler,82275,69.6,7.61,32,1,91.0,0,2,1,0,14,0,0,0
STU06236,Feamle,22,AIML,Day Scholar,84532,80.9,5.34,94,0,100.0,1,3,0,0,8,2,0,0
STU06237,Male,24,CSE,Day Scholar,169850,76.1,8.06,96,0,91.9,0,7,1,0,0,0,1,0
STU06238,Male,23,ECE,Day Scholar,128553,90.7,9.76,89,1,100.0,1,6,0,0,3,1,1,0
STU06239,Male,19,AIML,Day Scholar,112704,80.8,5.96,89,2,66.7,0,5,1,0,5,0,0,0
STU06240,Feamle,21,AIML,Hosteler,137608,60.7,5.66,50,0,72.7,3,1,0,0,6,1,0,0
STU06241,Male,24,ECE,Day Scholar,66418,67.8,7.05,63,1,56.0,0,3,1,0,11,0,0,0
STU06242,Male,19,ECE,Hosteler,58708,75.3,8.02,37,0,91.7,0,3,1,0,4,0,0,0
STU06243,Feamle,24,CSE,Day Scholar,126352,95.1,6.89,79,0,100.0,0,4,0,0,5,1,1,0
STU06244,Feamle,21,MC,Day Scholar,129444,67.9,8.7,11,0,67.3,1,7,1,0,10,0,0,0
STU06245,Feamle,20,AIML,Day Scholar,130353,49.0,7.39,62,1,84.0,0,7,0,0,5,0,0,0
STU06246,Male,24,ECE,Day Scholar,193506,81.6,8.52,64,2,50.1,3,4,0,1,13,1,1,0
STU06247,Male,22,ECE,Day Scholar,94858,63.7,5.92,59,0,76.5,0,10,0,0,8,0,0,0
STU06248,Feamle,18,ECE,Day Scholar,45977,55.7,5.16,19,0,62.9,1,5,0,0,8,0,0,1
STU06249,Male,22,AIML,Day Scholar,150247,75.3,6.49,65,0,82.5,0,6,0,0,5,0,1,0
STU06250,Feamle,21,CSE,Hosteler,79319,89.6,4.98,94,0,91.8,0,7,0,1,9,0,0,0
STU06251,Feamle,24,MC,Day Scholar,99702,66.4,7.61,17,0,60.9,0,6,0,1,12,0,0,0
STU06252,Male,18,AIML,Day Scholar,103670,82.4,3.97,41,0,52.9,0,2,0,0,14,0,0,0
STU06253,Male,22,CSE,Day Scholar,118305,85.2,6.32,73,0,78.1,0,5,1,0,7,0,1,0
STU06254,Feamle,18,AIML,Day Scholar,177286,86.9,6.57,5,0,78.6,0,5,0,0,0,1,0,0
STU06255,Feamle,21,AIML,Day Scholar,61108,64.0,5.43,65,1,77.5,0,3,0,1,0,0,0,0
STU06256,Feamle,20,ECE,Hosteler,182739,58.2,6.54,79,1,54.6,0,2,0,0,11,1,0,1
STU06257,Feamle,20,CSE,Hosteler,40631,60.2,7.01,68,0,54.9,0,9,0,0,9,2,0,0
STU06258,Male,24,ECE,Day Scholar,109652,86.9,8.9,85,1,84.7,0,11,0,1,6,0,0,0
STU06259,Feamle,22,ECE,Hosteler,52421,85.0,5.44,21,2,43.6,1,6,0,0,14,1,0,1
STU06260,Feamle,19,CSE,Hosteler,42419,60.6,7.54,21,0,55.4,1,5,0,0,2,2,0,0
STU06261,Feamle,21,ECE,Day Scholar,194385,100.0,7.83,64,2,100.0,0,7,1,0,1,0,0,0
STU06262,Male,22,ECE,Day Scholar,87579,58.9,6.97,99,1,68.7,0,8,0,1,3,1,0,0
STU06263,Male,22,MC,Day Scholar,152774,90.0,6.25,48,2,50.7,0,5,1,0,7,0,0,0
STU06264,Feamle,20,CSE,Hosteler,189787,97.8,5.29,76,2,53.9,1,3,1,0,3,0,1,0
STU06265,Male,24,CSE,Day Scholar,63889,76.6,9.85,11,0,100.0,2,2,1,1,14,0,0,0
STU06266,Male,18,ECE,Day Scholar,163834,63.5,7.11,62,0,65.5,1,4,0,0,10,0,1,0
STU06267,Male,21,ECE,Hosteler,54155,63.8,6.53,12,0,75.9,0,7,0,0,10,0,0,0
STU06268,Feamle,18,CSE,Day Scholar,147782,71.1,10.0,61,1,70.2,0,5,0,0,1,2,0,0
STU06269,Feamle,23,CSE,Day Scholar,164454,91.2,7.33,58,1,49.9,0,8,0,1,1,0,0,0
STU06270,Male,23,AIML,Day Scholar,112192,57.0,10.0,10,0,48.6,1,5,1,0,11,0,0,0
STU06271,Feamle,21,CSE,Hosteler,49852,47.4,4.88,81,0,88.1,2,9,1,0,13,0,1,1
STU06272,Feamle,24,AIML,Day Scholar,148329,80.4,6.64,85,1,55.4,0,4,0,0,4,3,1,0
STU06273,Male,19,ECE,Hosteler,133417,83.7,4.94,0,2,100.0,0,3,0,0,3,0,0,0
STU06274,Male,23,MC,Hosteler,68843,100.0,6.82,67,0,49.5,0,6,1,0,4,2,0,0
STU06275,Feamle,20,MC,Day Scholar,74978,54.3,6.81,8,0,55.8,1,4,0,0,7,0,0,0
STU06276,Male,19,AIML,Day Scholar,52130,73.0,6.31,2,1,89.0,0,3,0,0,3,0,0,0
STU06277,Feamle,22,ECE,Day Scholar,161260,92.4,7.08,71,0,82.5,0,4,1,0,9,0,1,0
STU06278,Feamle,23,ECE,Day Scholar,48268,76.8,6.39,8,1,100.0,2,5,0,0,13,0,0,0
STU06279,Male,20,ECE,Hosteler,113342,72.1,6.83,81,0,89.0,0,5,0,0,9,0,0,0
STU06280,Feamle,22,CSE,Day Scholar,198970,86.8,5.87,68,1,100.0,1,4,0,0,7,0,0,0
STU06281,Feamle,19,ECE,Hosteler,134629,66.0,9.16,21,0,100.0,0,8,1,0,6,0,1,0
STU06282,Male,21,CSE,Day Scholar,197690,87.8,5.34,100,2,73.7,0,7,0,0,9,3,0,0
STU06283,Male,22,AIML,Day Scholar,45826,56.2,7.32,68,0,41.8,0,10,0,0,9,0,1,0
STU06284,Male,18,MC,Day Scholar,51995,52.2,5.21,22,2,100.0,0,5,0,0,0,1,0,1
STU06285,Feamle,21,AIML,Day Scholar,155534,70.9,5.75,79,0,98.7,0,6,1,0,6,0,0,0
STU06286,Male,21,ECE,Day Scholar,54804,36.6,5.91,4,0,90.4,0,3,1,0,12,0,0,0
STU06287,Male,19,ECE,Day Scholar,174245,76.3,6.8,100,0,100.0,0,4,0,0,1,2,0,0
STU06288,Male,19,AIML,Day Scholar,69689,49.0,7.26,38,1,78.4,0,3,0,0,11,0,1,1
STU06289,Male,20,CSE,Day Scholar,150090,79.2,5.34,2,0,68.0,0,4,0,0,14,2,0,0
STU06290,Feamle,20,CSE,Day Scholar,79496,77.8,6.38,25,0,100.0,1,7,0,0,9,2,0,0
STU06291,Feamle,18,CSE,Day Scholar,160054,74.0,5.51,7,0,85.3,0,4,1,1,9,0,1,0
STU06292,Male,21,MC,Day Scholar,115434,81.5,5.45,84,0,75.5,0,6,0,0,1,2,0,0
STU06293,Feamle,24,MC,Hosteler,92399,78.1,8.7,51,1,100.0,1,5,0,0,3,0,0,0
STU06294,Male,18,ECE,Hosteler,38332,70.6,4.91,81,3,100.0,0,8,0,1,4,0,0,0
STU06295,Male,18,AIML,Day Scholar,99525,100.0,7.11,68,0,68.7,0,5,0,0,1,0,0,0
STU06296,Feamle,24,AIML,Day Scholar,123482,80.9,9.55,5,0,50.8,1,4,1,0,9,0,0,0
STU06297,Feamle,24,ECE,Day Scholar,172560,86.6,8.81,26,0,60.6,0,2,0,0,3,0,0,0
STU06298,Male,24,CSE,Day Scholar,106063,91.1,7.64,85,0,68.2,0,3,1,0,3,0,1,0
STU06299,Male,19,MC,Hosteler,98483,85.0,6.98,21,0,70.2,0,6,0,0,13,0,0,0
STU06300,Feamle,18,AIML,Day Scholar,150324,100.0,8.1,55,0,85.4,0,6,1,1,2,0,0,0
STU06301,Male,18,ECE,Day Scholar,64209,77.5,7.55,42,0,100.0,1,10,0,0,0,0,0,0
STU06302,Feamle,22,CSE,Day Scholar,39232,74.9,9.13,26,0,100.0,0,10,1,0,2,1,0,0
STU06303,Male,24,CSE,Day Scholar,142993,65.3,6.8,44,0,100.0,3,7,0,0,14,0,0,0
STU06304,Male,24,MC,Hosteler,137031,71.2,8.5,45,0,79.4,0,6,1,0,14,0,0,0
STU06305,Feamle,20,MC,Hosteler,73685,64.0,6.51,32,1,84.6,1,3,1,0,10,0,0,0
STU06306,Feamle,20,ECE,Day Scholar,116521,85.2,9.84,94,1,90.3,0,3,0,0,2,0,0,0
STU06307,Feamle,21,ECE,Day Scholar,36545,61.3,6.76,27,1,100.0,1,6,1,0,0,0,0,0
STU06308,Feamle,20,CSE,Day Scholar,77847,76.1,4.57,93,1,99.5,0,5,0,0,4,0,1,0
STU06309,Feamle,23,CSE,Day Scholar,33347,83.4,7.12,97,1,94.1,0,4,0,1,4,0,0,0
STU06310,Feamle,21,AIML,Hosteler,153706,77.3,8.15,80,1,67.2,0,6,0,1,14,0,0,0
STU06311,Feamle,24,CSE,Day Scholar,156173,61.6,9.44,50,0,45.9,0,5,0,0,8,0,0,0
STU06312,Male,22,ECE,Day Scholar,107686,85.5,5.51,63,0,100.0,1,6,0,0,10,1,0,0
STU06313,Male,20,MC,Day Scholar,177042,73.7,4.38,34,1,94.6,0,7,0,0,10,1,0,0
STU06314,Male,22,ECE,Day Scholar,37893,31.9,7.75,35,0,67.4,0,4,0,0,8,0,0,0
STU06315,Feamle,20,AIML,Day Scholar,38703,60.2,7.7,5,1,100.0,0,4,0,0,3,2,0,0
STU06316,Feamle,20,AIML,Day Scholar,113362,96.0,4.88,92,0,63.1,0,3,0,0,11,0,0,0
STU06317,Feamle,22,MC,Hosteler,42489,97.3,6.51,57,1,79.3,0,6,0,0,1,0,1,0
STU06318,Male,18,ECE,Hosteler,126975,82.9,6.57,22,1,75.1,0,3,1,1,0,0,0,0
STU06319,Feamle,18,AIML,Day Scholar,130750,86.8,8.23,13,0,66.4,1,2,1,0,13,2,0,0
STU06320,Feamle,18,ECE,Day Scholar,187839,63.3,6.38,72,0,69.7,0,3,0,0,9,0,0,0
STU06321,Male,23,AIML,Day Scholar,39733,71.1,6.35,55,2,67.6,0,3,0,0,7,0,1,0
STU06322,Feamle,18,MC,Day Scholar,96942,93.5,7.17,78,0,65.5,0,3,0,0,7,0,1,0
STU06323,Male,20,AIML,Day Scholar,181731,81.4,4.93,24,2,91.1,1,6,1,0,3,0,0,0
STU06324,Male,24,ECE,Day Scholar,159023,76.0,9.85,19,0,97.1,0,13,1,1,1,0,0,0
STU06325,Feamle,19,ECE,Hosteler,141519,72.2,8.4,85,1,67.3,0,5,1,1,1,0,0,0
STU06326,Feamle,22,AIML,Hosteler,84417,92.6,5.95,70,0,70.0,0,7,1,0,1,2,0,0
STU06327,Feamle,24,CSE,Hosteler,185078,91.8,5.32,17,0,87.6,1,6,0,0,7,1,0,0
STU06328,Male,19,MC,Day Scholar,20740,84.7,5.44,16,1,84.8,0,2,0,0,2,0,0,0
STU06329,Male,24,MC,Hosteler,113995,76.0,7.88,13,0,82.6,2,9,0,0,8,0,0,0
STU06330,Male,23,AIML,Day Scholar,182171,69.6,5.48,25,0,84.0,1,5,0,1,12,0,0,0
STU06331,Feamle,19,AIML,Hosteler,129339,85.4,6.63,31,0,92.2,0,2,0,1,0,0,1,0
STU06332,Feamle,21,CSE,Day Scholar,29727,58.5,4.46,92,0,100.0,0,5,1,0,6,0,1,1
STU06333,Feamle,18,MC,Day Scholar,142179,61.6,7.81,58,1,69.0,0,8,0,0,8,0,1,0
STU06334,Feamle,23,CSE,Day Scholar,128767,53.2,7.87,70,0,86.8,0,4,0,0,2,0,0,0
STU06335,Male,24,MC,Hosteler,177605,93.5,6.72,56,0,70.3,1,5,1,0,10,0,0,0
STU06336,Male,20,AIML,Hosteler,181480,64.2,7.29,72,0,40.3,0,2,0,0,13,1,0,0
STU06337,Male,18,MC,Day Scholar,123523,81.1,8.19,11,0,62.1,0,3,0,0,1,0,1,0
STU06338,Male,18,MC,Day Scholar,85305,73.1,7.25,2,1,100.0,1,7,0,0,2,0,0,0
STU06339,Feamle,19,MC,Day Scholar,127594,100.0,8.17,31,2,100.0,0,5,0,0,1,2,0,0
STU06340,Feamle,21,CSE,Day Scholar,166110,81.6,5.25,96,0,39.8,1,4,0,0,2,1,0,0
STU06341,Feamle,18,CSE,Hosteler,127887,47.1,7.57,14,0,66.2,1,3,0,0,2,1,0,0
STU06342,Male,24,MC,Hosteler,95759,92.6,7.29,8,0,76.6,0,5,0,1,3,0,0,0
STU06343,Male,24,ECE,Day Scholar,69061,69.2,8.8,48,0,80.7,0,6,1,0,14,1,0,0
STU06344,Feamle,22,CSE,Day Scholar,177326,72.0,7.05,43,1,68.8,1,8,0,0,6,0,0,0
STU06345,Feamle,22,AIML,Hosteler,177794,64.9,6.85,80,0,95.7,1,6,1,0,9,0,0,0
STU06346,Male,18,AIML,Day Scholar,39208,77.9,6.16,27,0,100.0,0,8,0,0,10,1,0,0
STU06347,Feamle,19,MC,Day Scholar,80640,77.7,9.24,44,0,100.0,1,6,0,0,5,0,0,0
STU06348,Male,19,AIML,Day Scholar,106090,65.3,3.47,12,0,69.1,0,4,0,1,12,0,0,0
STU06349,Male,20,CSE,Hosteler,40165,67.4,7.77,46,0,52.6,0,6,1,0,4,2,0,0
STU06350,Male,23,ECE,Hosteler,113476,76.5,6.97,20,0,92.1,0,3,0,1,14,0,0,0
STU06351,Feamle,23,ECE,Day Scholar,170584,39.9,6.72,49,0,50.2,1,3,0,0,13,0,0,0
STU06352,Feamle,23,ECE,Hosteler,153051,53.4,6.51,46,0,94.7,1,6,0,0,0,0,0,0
STU06353,Male,21,AIML,Hosteler,113809,100.0,6.92,4,0,100.0,0,6,1,0,14,0,0,0
STU06354,Feamle,19,MC,Day Scholar,157684,79.9,7.72,6,1,90.3,1,4,0,0,2,0,0,0
STU06355,Male,20,AIML,Hosteler,46763,67.1,5.81,37,2,58.4,0,6,0,1,9,0,1,0
STU06356,Male,22,MC,Day Scholar,157094,49.6,7.2,36,0,60.4,1,6,1,0,11,1,0,0
STU06357,Male,24,ECE,Day Scholar,79750,74.2,7.53,82,1,81.3,1,4,0,0,0,0,1,0
STU06358,Male,23,CSE,Day Scholar,179127,89.8,5.57,31,1,100.0,0,6,1,0,2,0,0,0
STU06359,Feamle,22,AIML,Hosteler,93368,100.0,7.76,55,1,82.8,1,6,1,0,6,0,0,0
STU06360,Male,22,CSE,Day Scholar,144349,100.0,7.54,42,2,57.6,1,4,0,0,14,2,0,0
STU06361,Male,18,ECE,Day Scholar,143859,61.7,5.8,66,1,77.8,0,3,0,0,14,0,0,0
STU06362,Feamle,21,MC,Day Scholar,168711,67.6,5.22,98,0,100.0,2,7,1,0,12,1,0,0
STU06363,Male,20,CSE,Hosteler,20299,52.9,5.78,26,0,50.5,0,2,0,0,11,0,1,1
STU06364,Male,21,AIML,Hosteler,139209,62.4,7.2,50,1,100.0,0,3,0,0,14,0,0,0
STU06365,Feamle,18,CSE,Day Scholar,148377,71.8,6.89,47,1,73.3,1,4,1,0,3,0,0,0
STU06366,Feamle,20,CSE,Day Scholar,116190,69.5,9.09,71,0,89.7,0,4,0,0,3,0,0,0
STU06367,Feamle,20,AIML,Day Scholar,132533,100.0,6.45,52,1,98.6,1,4,0,0,6,1,0,0
STU06368,Male,19,MC,Day Scholar,103200,55.3,5.67,82,0,65.1,0,6,0,0,9,2,0,0
STU06369,Feamle,21,AIML,Day Scholar,164100,74.3,7.99,93,0,100.0,0,7,0,1,11,0,0,0
STU06370,Feamle,21,ECE,Day Scholar,45437,44.0,5.53,47,0,89.9,0,5,1,0,0,1,0,0
STU06371,Male,19,MC,Day Scholar,24589,80.0,5.81,9,1,100.0,2,4,1,0,5,0,0,0
STU06372,Male,22,CSE,Day Scholar,93669,54.9,5.83,93,0,88.1,1,4,0,0,8,0,0,0
STU06373,Male,18,AIML,Hosteler,100995,91.5,2.5,8,2,100.0,1,4,0,0,10,1,0,0
STU06374,Male,21,ECE,Day Scholar,170240,70.6,7.85,85,0,47.1,0,9,1,1,7,0,0,0
STU06375,Male,19,AIML,Day Scholar,83845,54.0,8.41,94,0,94.0,0,7,0,0,10,0,0,0
STU06376,Feamle,24,MC,Day Scholar,92934,43.5,8.38,45,0,85.7,0,5,0,1,13,0,0,0
STU06377,Feamle,20,ECE,Day Scholar,43092,60.3,9.83,9,0,58.7,1,3,1,0,5,0,0,0
STU06378,Feamle,23,CSE,Day Scholar,163449,78.6,9.26,35,0,100.0,3,4,0,0,1,0,0,0
STU06379,Male,24,MC,Hosteler,138847,81.3,6.5,9,0,58.0,1,7,0,0,3,0,0,0
STU06380,Male,19,ECE,Hosteler,111168,67.5,8.66,26,2,94.3,2,7,0,0,5,0,0,0
STU06381,Male,23,MC,Day Scholar,66635,88.9,6.85,78,0,72.2,1,6,0,1,13,0,0,0
STU06382,Feamle,22,CSE,Hosteler,120604,58.0,6.36,18,1,100.0,1,6,0,0,8,0,1,0
STU06383,Feamle,18,ECE,Day Scholar,75402,31.1,5.87,10,0,92.7,1,6,0,0,13,0,0,0
STU06384,Male,23,AIML,Hosteler,100801,79.2,6.6,31,0,93.2,1,5,0,1,8,0,0,0
STU06385,Feamle,22,AIML,Hosteler,122295,94.4,7.49,19,0,100.0,0,5,0,0,5,1,0,0
STU06386,Male,23,CSE,Hosteler,102433,94.5,9.37,45,2,80.6,0,3,1,0,1,0,0,0
STU06387,Feamle,20,ECE,Day Scholar,122535,55.5,8.09,59,0,90.6,1,2,0,0,4,0,0,0
STU06388,Feamle,20,CSE,Day Scholar,28312,66.8,5.84,78,2,54.0,0,5,1,0,14,1,0,0
STU06389,Feamle,20,CSE,Hosteler,104767,85.9,5.43,67,2,81.1,0,9,0,0,5,0,0,0
STU06390,Male,20,MC,Hosteler,82263,65.6,7.85,16,1,81.9,2,5,1,0,14,0,0,0
STU06391,Feamle,19,AIML,Day Scholar,184957,76.6,8.35,64,0,42.4,2,8,0,1,8,0,0,0
STU06392,Feamle,20,CSE,Day Scholar,63951,64.3,8.84,56,1,89.4,0,10,0,0,11,1,0,0
STU06393,Male,24,MC,Day Scholar,128119,58.7,6.6,18,1,100.0,0,6,0,0,7,1,0,0
STU06394,Feamle,20,CSE,Day Scholar,191701,61.6,7.7,4,0,97.7,1,8,0,1,6,1,1,0
STU06395,Male,24,CSE,Day Scholar,186078,89.3,8.28,81,0,100.0,0,8,0,0,12,0,1,0
STU06396,Male,19,CSE,Day Scholar,124904,75.2,4.97,80,1,94.0,2,6,0,0,6,0,0,0
STU06397,Male,20,AIML,Hosteler,176450,94.1,7.42,54,1,81.3,0,8,0,0,5,1,1,0
STU06398,Male,22,ECE,Day Scholar,43393,82.8,8.36,3,0,43.9,0,8,0,1,11,1,1,0
STU06399,Male,22,AIML,Day Scholar,158238,99.1,7.77,51,0,62.6,0,3,0,0,7,0,0,0
STU06400,Feamle,21,MC,Day Scholar,122677,87.3,6.88,18,0,82.1,2,4,1,0,6,0,0,0
STU06401,Male,22,ECE,Hosteler,126450,86.4,10.0,30,0,69.1,0,5,0,0,14,0,0,0
STU06402,Male,18,MC,Day Scholar,87007,73.2,9.9,2,0,61.7,0,5,0,0,11,0,0,0
STU06403,Male,18,CSE,Day Scholar,94554,100.0,7.01,66,0,100.0,1,6,0,0,13,2,0,0
STU06404,Male,18,ECE,Day Scholar,49616,76.7,6.72,28,2,100.0,1,7,0,0,0,0,0,0
STU06405,Feamle,19,MC,Hosteler,181843,45.4,8.05,52,1,100.0,0,6,0,0,11,0,0,0
STU06406,Male,22,CSE,Hosteler,168884,79.0,6.91,7,1,69.5,1,5,0,0,9,0,1,0
STU06407,Feamle,24,MC,Day Scholar,145323,60.3,8.91,4,0,78.3,0,4,0,0,8,3,0,0
STU06408,Male,18,MC,Day Scholar,74026,90.3,5.1,63,0,72.2,0,4,0,0,11,0,0,0
STU06409,Feamle,21,AIML,Hosteler,166101,85.9,6.64,94,0,41.9,0,2,0,0,1,0,0,0
STU06410,Male,19,CSE,Day Scholar,89842,72.1,8.03,26,1,88.6,0,2,0,0,4,0,0,0
STU06411,Male,21,AIML,Hosteler,33177,61.7,8.51,32,0,70.7,1,4,0,0,1,0,1,0
STU06412,Feamle,22,ECE,Day Scholar,177673,77.2,4.78,57,0,69.8,0,4,0,1,13,0,0,0
STU06413,Male,20,CSE,Hosteler,169773,65.4,5.57,61,0,64.5,0,3,0,0,14,1,1,0
STU06414,Feamle,21,AIML,Hosteler,26688,86.8,4.49,81,0,78.8,0,5,0,0,8,0,1,0
STU06415,Male,20,AIML,Hosteler,168462,83.3,5.69,87,1,95.6,0,2,0,1,3,0,0,0
STU06416,Feamle,19,ECE,Hosteler,110956,100.0,5.08,25,1,61.2,0,5,1,0,0,3,1,0
STU06417,Male,21,MC,Hosteler,57879,68.3,7.81,94,0,73.1,0,6,0,0,7,0,0,0
STU06418,Male,21,MC,Day Scholar,109369,70.4,7.34,13,0,74.9,1,3,0,0,13,1,0,0
STU06419,Feamle,23,MC,Day Scholar,52492,72.7,6.77,88,0,77.3,0,7,1,1,13,0,0,0
STU06420,Male,19,ECE,Day Scholar,170743,73.3,7.04,31,0,63.3,0,5,1,0,11,0,0,0
STU06421,Male,19,AIML,Hosteler,146383,90.4,8.79,40,0,90.8,1,4,0,0,14,0,0,0
STU06422,Male,18,CSE,Hosteler,140128,70.9,5.44,13,0,80.3,0,3,0,0,3,1,1,1
STU06423,Male,22,ECE,Day Scholar,121165,100.0,4.1,47,2,74.5,0,2,0,0,10,2,1,1
STU06424,Male,21,MC,Day Scholar,69790,83.7,8.07,47,0,88.1,1,3,0,1,12,0,0,0
STU06425,Male,21,MC,Hosteler,94220,67.7,6.41,90,0,77.5,0,3,1,0,11,0,0,0
STU06426,Feamle,24,CSE,Hosteler,47574,63.9,5.47,85,1,63.5,0,6,1,0,13,0,0,0
STU06427,Feamle,19,ECE,Day Scholar,91261,90.6,7.83,37,1,85.6,0,6,1,1,13,0,0,0
STU06428,Feamle,19,MC,Day Scholar,162921,75.4,4.05,6,2,82.6,1,5,0,0,10,2,0,0
STU06429,Male,22,ECE,Day Scholar,140283,75.1,5.71,32,1,41.2,0,6,0,0,9,0,0,0
STU06430,Feamle,19,AIML,Day Scholar,182243,66.0,3.42,96,0,99.9,0,6,0,0,6,0,0,0
STU06431,Male,20,ECE,Day Scholar,119789,74.1,7.39,23,0,55.1,0,6,0,0,8,1,0,0
STU06432,Male,20,AIML,Day Scholar,183723,65.4,9.36,25,4,80.0,2,9,0,0,11,0,1,1
STU06433,Male,23,CSE,Hosteler,157653,95.4,6.14,49,0,72.1,1,3,1,0,8,0,0,0
STU06434,Male,20,AIML,Day Scholar,156293,85.8,5.81,41,0,83.4,0,8,0,1,14,0,0,0
STU06435,Feamle,20,AIML,Hosteler,143438,72.4,9.68,94,0,69.8,0,4,0,0,7,0,0,0
STU06436,Male,22,CSE,Day Scholar,72900,72.2,7.94,90,0,85.8,0,4,0,0,6,0,0,0
STU06437,Feamle,21,MC,Day Scholar,111081,76.4,10.0,12,1,100.0,1,3,0,0,5,0,0,0
STU06438,Male,20,CSE,Day Scholar,156104,74.9,7.24,30,1,70.0,0,5,0,0,7,0,1,0
STU06439,Feamle,23,ECE,Day Scholar,190266,60.6,7.34,95,1,72.2,1,8,0,0,0,1,0,0
STU06440,Feamle,19,CSE,Hosteler,56777,46.5,9.17,22,0,66.0,0,6,0,0,5,0,0,0
STU06441,Feamle,20,ECE,Hosteler,172779,63.0,6.78,36,0,86.3,0,5,0,0,2,0,0,0
STU06442,Feamle,23,MC,Day Scholar,142965,73.1,7.37,58,0,74.8,0,7,1,0,5,1,1,0
STU06443,Feamle,22,ECE,Day Scholar,181692,63.9,3.37,57,0,82.4,0,3,0,0,3,0,0,0
STU06444,Feamle,24,CSE,Hosteler,147852,87.3,9.61,15,0,56.6,0,8,0,0,13,0,0,0
STU06445,Male,24,CSE,Day Scholar,186968,71.6,7.59,38,2,81.2,0,4,0,0,11,2,0,0
STU06446,Feamle,24,MC,Hosteler,57069,100.0,6.84,71,0,44.3,0,4,0,0,14,0,1,0
STU06447,Male,19,CSE,Day Scholar,147766,66.6,8.36,81,0,90.2,0,2,0,0,2,0,0,0
STU06448,Feamle,23,MC,Hosteler,151005,77.1,5.23,90,0,66.9,0,8,1,0,6,1,0,0
STU06449,Male,20,MC,Day Scholar,130549,70.7,6.17,8,1,72.0,0,7,1,0,0,0,0,0
STU06450,Feamle,21,CSE,Hosteler,140097,81.6,7.83,63,0,82.5,0,1,0,0,6,2,1,0
STU06451,Feamle,19,AIML,Day Scholar,102866,91.0,7.07,91,0,58.8,3,3,1,0,4,0,0,0
STU06452,Male,19,ECE,Hosteler,79337,84.1,7.67,21,0,59.4,0,8,1,1,11,0,0,0
STU06453,Feamle,24,AIML,Hosteler,88976,44.5,7.37,74,1,100.0,2,5,1,0,7,0,0,0
STU06454,Feamle,21,MC,Day Scholar,21545,82.5,7.95,53,0,79.7,0,5,0,0,11,0,0,0
STU06455,Feamle,24,ECE,Day Scholar,150867,59.8,5.02,21,0,98.6,1,5,0,0,2,0,0,1
STU06456,Male,19,AIML,Hosteler,196684,70.4,8.92,13,0,66.9,0,5,1,0,9,0,1,0
STU06457,Feamle,20,CSE,Hosteler,72659,85.3,6.27,86,0,76.4,0,7,1,0,5,2,0,0
STU06458,Male,24,AIML,Day Scholar,182552,58.2,7.09,65,0,65.3,0,2,0,0,3,1,0,0
STU06459,Feamle,24,ECE,Hosteler,52797,92.3,6.1,78,0,100.0,1,2,1,0,12,1,1,0
STU06460,Feamle,24,ECE,Day Scholar,116480,69.7,6.57,49,1,85.2,0,7,1,0,2,1,1,0
STU06461,Male,19,ECE,Day Scholar,179408,100.0,7.34,4,0,72.7,1,9,1,1,12,0,0,0
STU06462,Feamle,20,ECE,Hosteler,121983,76.0,8.1,92,0,90.6,0,9,1,0,3,0,0,0
STU06463,Feamle,21,AIML,Day Scholar,77872,100.0,8.35,96,0,66.6,0,10,0,0,0,1,0,0
STU06464,Male,18,CSE,Day Scholar,85661,93.0,7.65,93,0,53.7,2,1,0,0,2,2,0,0
STU06465,Feamle,21,CSE,Hosteler,57676,65.8,6.11,16,0,100.0,1,10,0,1,12,0,0,0
STU06466,Male,20,ECE,Day Scholar,179504,55.5,7.55,0,0,75.3,0,3,1,1,7,0,0,0
STU06467,Male,22,CSE,Day Scholar,157714,76.7,7.36,13,1,87.5,0,5,0,0,5,0,0,0
STU06468,Male,24,AIML,Day Scholar,192685,66.3,7.09,54,0,74.5,1,6,0,0,10,0,0,0
STU06469,Feamle,21,CSE,Day Scholar,117651,98.7,7.8,16,1,88.0,0,7,0,1,4,0,1,0
STU06470,Male,22,MC,Hosteler,147113,71.3,5.09,8,0,41.1,2,8,0,0,2,1,0,0
STU06471,Male,22,CSE,Hosteler,110061,70.5,3.96,98,1,64.1,1,3,1,0,3,1,0,0
STU06472,Feamle,20,ECE,Hosteler,197488,54.1,8.78,94,0,43.6,0,8,0,0,2,0,0,0
STU06473,Male,20,CSE,Hosteler,127236,81.3,6.8,11,0,100.0,0,4,1,1,7,0,0,0
STU06474,Feamle,24,CSE,Hosteler,191793,57.4,7.62,65,2,83.0,1,8,0,0,2,0,0,0
STU06475,Feamle,18,CSE,Day Scholar,175938,81.6,5.7,14,0,73.4,0,6,0,0,1,0,0,0
STU06476,Feamle,23,CSE,Hosteler,96719,83.7,8.89,33,1,63.1,1,5,0,1,7,1,1,0
STU06477,Feamle,19,MC,Hosteler,96305,63.8,7.53,36,0,100.0,0,3,0,0,13,0,1,0
STU06478,Male,21,AIML,Day Scholar,162003,89.3,6.73,52,0,100.0,0,3,1,0,14,1,0,0
STU06479,Male,20,ECE,Hosteler,169149,70.9,7.43,40,0,86.6,0,6,1,0,0,0,0,0
STU06480,Male,21,ECE,Hosteler,45895,52.9,4.39,93,0,84.7,0,7,0,0,4,0,0,1
STU06481,Male,23,CSE,Hosteler,72814,98.2,7.56,77,1,85.5,0,6,1,0,11,0,0,0
STU06482,Male,23,AIML,Hosteler,117272,61.1,9.23,3,1,69.6,1,4,1,0,10,0,1,0
STU06483,Feamle,24,CSE,Day Scholar,100290,82.6,7.47,7,1,76.9,1,2,0,1,9,0,1,0
STU06484,Male,22,MC,Day Scholar,68793,81.4,7.28,86,0,43.6,1,3,1,0,10,0,0,0
STU06485,Male,24,AIML,Hosteler,101754,80.8,6.52,70,1,59.6,0,4,0,0,6,1,0,0
STU06486,Male,19,AIML,Hosteler,64189,80.6,8.62,16,1,87.5,0,5,0,0,11,1,0,0
STU06487,Feamle,18,AIML,Hosteler,74346,60.4,8.85,21,0,75.1,0,2,0,1,11,0,0,0
STU06488,Feamle,21,AIML,Day Scholar,21395,100.0,6.35,89,0,100.0,1,8,1,0,2,0,1,0
STU06489,Male,19,CSE,Day Scholar,23961,89.3,7.54,7,0,56.0,2,5,0,0,0,0,0,0
STU06490,Feamle,18,MC,Day Scholar,55382,82.1,7.35,21,1,100.0,0,2,0,0,4,0,0,0
STU06491,Male,21,AIML,Hosteler,108790,55.0,7.6,39,2,68.2,0,6,1,0,6,0,0,0
STU06492,Male,19,ECE,Hosteler,37928,60.3,5.84,21,2,67.6,1,5,1,0,11,0,0,0
STU06493,Feamle,20,ECE,Day Scholar,32093,84.9,8.71,4,0,67.6,0,4,0,0,7,0,0,0
STU06494,Feamle,21,MC,Day Scholar,196529,44.9,7.85,8,0,65.1,1,5,0,0,0,2,0,1
STU06495,Male,19,ECE,Day Scholar,111892,80.1,8.8,59,0,92.5,0,0,0,0,5,0,1,0
STU06496,Male,23,CSE,Hosteler,159058,55.0,5.33,19,0,68.9,0,9,0,0,4,0,1,1
STU06497,Feamle,18,CSE,Day Scholar,46726,62.0,5.42,85,1,42.8,0,3,0,0,10,0,0,0
STU06498,Male,19,MC,Day Scholar,98196,53.8,10.0,33,1,86.1,0,5,0,0,2,2,0,0
STU06499,Feamle,20,AIML,Day Scholar,92570,78.7,8.72,98,0,87.0,0,1,0,0,8,2,1,0
STU06500,Male,24,ECE,Hosteler,84619,91.7,5.78,35,0,77.6,1,5,0,0,7,0,0,0
STU06501,Feamle,21,ECE,Day Scholar,164652,80.2,8.3,82,1,81.0,0,2,0,0,4,0,1,0
STU06502,Male,21,MC,Hosteler,128464,81.9,6.3,91,1,79.2,2,5,0,0,4,0,0,0
STU06503,Male,21,MC,Day Scholar,152276,77.5,4.45,70,0,93.9,0,4,1,0,9,0,0,0
STU06504,Feamle,20,ECE,Hosteler,44331,85.2,3.85,37,2,100.0,0,5,0,1,3,2,0,0
STU06505,Male,18,AIML,Day Scholar,154655,82.0,6.97,66,1,56.6,1,10,1,0,12,1,0,0
STU06506,Male,21,MC,Day Scholar,64099,34.3,9.34,31,0,100.0,0,3,1,0,4,0,0,0
STU06507,Feamle,18,CSE,Hosteler,146854,88.6,9.28,45,0,100.0,0,7,1,0,0,0,0,0
STU06508,Male,19,ECE,Day Scholar,27539,87.0,8.89,94,0,74.3,0,5,0,0,7,0,0,0
STU06509,Male,23,MC,Hosteler,64379,69.6,8.25,24,0,86.0,1,1,0,1,7,0,0,0
STU06510,Male,23,MC,Day Scholar,76292,45.4,7.48,63,0,100.0,0,5,0,0,0,0,0,0
STU06511,Feamle,18,MC,Hosteler,144612,78.6,8.73,32,0,93.5,0,9,1,0,14,0,0,0
STU06512,Feamle,18,ECE,Hosteler,159295,79.9,3.98,46,1,91.7,0,7,1,0,3,1,1,0
STU06513,Feamle,23,CSE,Day Scholar,95696,68.4,8.48,68,0,100.0,0,5,0,0,8,1,0,0
STU06514,Male,21,CSE,Hosteler,182411,77.8,5.32,28,0,49.8,0,6,1,0,14,1,0,0
STU06515,Male,22,ECE,Day Scholar,84590,91.1,5.63,58,1,62.1,0,1,0,0,3,0,1,0
STU06516,Male,22,MC,Day Scholar,31522,100.0,8.04,30,0,77.1,0,3,0,0,7,0,0,0
STU06517,Male,20,ECE,Day Scholar,121872,77.2,8.39,25,0,100.0,1,9,1,0,7,0,0,0
STU06518,Feamle,24,ECE,Day Scholar,48014,80.0,6.09,62,0,100.0,0,6,0,1,2,0,1,0
STU06519,Male,23,MC,Hosteler,142894,62.6,7.97,57,0,93.6,0,2,1,0,6,0,0,0
STU06520,Male,23,ECE,Day Scholar,64082,67.5,7.84,84,0,69.8,1,5,1,0,3,0,0,0
STU06521,Male,20,AIML,Hosteler,72945,73.0,6.53,97,0,78.7,2,3,0,1,11,0,0,0
STU06522,Feamle,22,CSE,Day Scholar,147444,92.7,7.23,100,0,65.5,0,3,0,0,9,2,0,0
STU06523,Male,19,AIML,Day Scholar,93492,87.3,10.0,48,0,68.8,0,3,1,1,9,3,0,0
STU06524,Male,21,AIML,Day Scholar,158457,100.0,6.58,64,0,65.4,0,8,0,0,9,0,1,0
STU06525,Male,21,AIML,Hosteler,84552,52.6,6.63,58,0,91.1,0,4,0,0,5,0,0,0
STU06526,Male,19,ECE,Day Scholar,185634,55.1,7.23,61,0,88.5,0,5,0,0,4,0,0,0
STU06527,Male,19,MC,Day Scholar,86944,91.5,6.73,67,0,100.0,1,4,0,0,8,0,0,0
STU06528,Feamle,22,ECE,Day Scholar,151988,96.7,8.19,46,1,84.7,1,2,0,0,1,1,0,0
STU06529,Male,20,CSE,Hosteler,85226,75.5,9.2,21,0,72.2,0,8,0,0,8,0,0,0
STU06530,Male,19,ECE,Day Scholar,73583,20.0,6.63,79,0,89.9,1,4,0,1,11,0,0,0
STU06531,Male,20,ECE,Hosteler,128180,63.8,5.71,63,1,100.0,0,3,0,0,11,0,0,0
STU06532,Male,24,ECE,Day Scholar,91882,80.0,9.96,45,0,92.6,0,4,0,0,14,0,0,0
STU06533,Male,18,ECE,Day Scholar,134173,61.5,7.18,58,0,100.0,0,9,0,0,6,0,0,0
STU06534,Male,21,AIML,Hosteler,187006,77.8,4.44,31,1,85.4,0,2,0,0,10,1,0,0
STU06535,Male,22,MC,Hosteler,36448,100.0,9.79,97,0,51.5,1,2,1,0,6,1,0,0
STU06536,Male,21,CSE,Day Scholar,187490,96.4,8.69,84,1,97.0,0,3,0,0,1,0,0,0
STU06537,Male,22,CSE,Hosteler,34715,87.1,9.4,90,0,96.2,0,8,0,0,13,0,0,0
STU06538,Male,18,CSE,Hosteler,185855,74.0,9.15,36,0,100.0,0,1,0,0,3,1,0,0
STU06539,Feamle,21,ECE,Day Scholar,45897,67.6,10.0,66,1,64.4,0,4,0,0,11,0,1,0
STU06540,Feamle,18,CSE,Day Scholar,122328,86.4,5.44,51,1,84.8,0,6,0,0,11,1,0,0
STU06541,Feamle,22,AIML,Day Scholar,173770,75.4,5.81,42,1,83.8,0,6,1,0,12,0,0,0
STU06542,Feamle,19,MC,Hosteler,61572,75.9,6.26,33,1,75.4,0,5,0,0,12,0,0,0
STU06543,Male,24,ECE,Hosteler,159915,51.7,6.22,60,0,51.6,1,7,1,0,14,0,0,0
STU06544,Feamle,21,ECE,Day Scholar,51551,64.3,7.18,70,2,73.1,0,6,0,0,14,0,0,0
STU06545,Feamle,18,AIML,Day Scholar,119691,86.3,6.27,92,1,75.1,2,6,1,0,1,1,1,0
STU06546,Male,23,CSE,Day Scholar,47442,58.5,5.22,66,0,71.6,1,2,0,0,0,0,0,1
STU06547,Feamle,21,ECE,Day Scholar,177768,79.0,5.69,44,1,88.1,2,4,0,1,9,1,0,0
STU06548,Feamle,21,ECE,Day Scholar,107099,81.2,6.56,40,0,100.0,0,5,0,0,11,1,1,0
STU06549,Male,21,AIML,Hosteler,108399,82.1,8.72,51,0,95.0,1,6,1,1,8,0,0,0
STU06550,Male,20,AIML,Day Scholar,24763,83.4,6.14,65,1,63.5,0,6,0,0,0,0,0,0
STU06551,Male,18,CSE,Day Scholar,47771,84.4,8.21,11,1,100.0,3,5,0,1,12,0,0,0
STU06552,Feamle,18,MC,Day Scholar,117734,65.6,5.02,14,0,100.0,0,3,0,0,8,0,0,0
STU06553,Feamle,21,MC,Day Scholar,106029,53.0,2.2,15,0,91.9,0,2,0,0,6,0,0,1
STU06554,Male,19,CSE,Day Scholar,156607,61.9,6.8,2,0,100.0,1,4,0,1,10,0,0,0
STU06555,Male,21,MC,Day Scholar,52519,85.9,6.08,26,0,76.8,0,9,0,0,7,0,0,0
STU06556,Feamle,20,AIML,Hosteler,149050,57.0,5.68,22,3,100.0,0,4,0,0,1,0,0,0
STU06557,Male,22,AIML,Day Scholar,163092,59.4,5.5,63,1,85.7,1,5,0,1,14,3,0,1
STU06558,Feamle,20,AIML,Day Scholar,180817,59.3,5.94,32,1,33.9,0,5,0,0,5,0,0,0
STU06559,Male,19,MC,Day Scholar,50906,47.3,5.52,47,0,100.0,1,5,0,0,4,1,0,0
STU06560,Male,21,MC,Day Scholar,186968,57.8,5.65,90,2,56.9,1,11,1,0,2,0,1,0
STU06561,Feamle,18,ECE,Day Scholar,106786,90.0,4.96,87,0,78.0,0,3,1,0,8,0,0,0
STU06562,Male,24,ECE,Day Scholar,31297,64.2,3.81,54,0,71.4,1,3,0,0,7,0,0,0
STU06563,Male,23,ECE,Day Scholar,148996,48.8,3.69,26,1,74.5,0,7,0,0,7,2,0,1
STU06564,Male,21,MC,Day Scholar,74183,67.3,10.0,46,0,79.9,3,5,0,0,5,0,0,0
STU06565,Feamle,19,ECE,Day Scholar,177855,82.7,6.91,30,0,99.4,0,7,0,0,9,0,0,0
STU06566,Male,18,AIML,Day Scholar,66791,47.5,9.29,78,0,89.2,0,6,0,1,3,0,0,0
STU06567,Male,20,MC,Day Scholar,50086,89.3,6.73,34,0,79.9,0,2,0,1,3,0,0,0
STU06568,Male,22,CSE,Day Scholar,128818,53.4,6.78,35,0,71.0,0,5,0,0,1,0,1,0
STU06569,Male,22,MC,Hosteler,115520,69.1,7.46,23,0,76.5,0,6,0,0,2,0,0,0
STU06570,Male,24,ECE,Hosteler,103957,68.9,7.96,16,0,100.0,0,9,0,0,8,2,0,0
STU06571,Male,21,MC,Day Scholar,147233,66.6,5.13,44,2,85.3,0,8,1,1,13,0,0,0
STU06572,Feamle,20,ECE,Day Scholar,61922,74.0,6.43,97,0,65.5,2,10,0,0,4,0,0,0
STU06573,Feamle,24,ECE,Hosteler,21243,86.7,7.46,61,1,91.5,0,8,0,1,1,0,0,0
STU06574,Male,23,CSE,Hosteler,143412,74.4,4.1,0,0,100.0,0,7,0,0,0,0,0,0
STU06575,Feamle,23,CSE,Hosteler,62829,65.9,8.95,19,1,63.6,0,4,0,0,14,0,0,0
STU06576,Feamle,24,AIML,Day Scholar,72282,81.9,8.59,69,1,43.5,2,7,0,0,12,2,0,0
STU06577,Male,19,ECE,Day Scholar,172935,78.1,3.85,68,0,80.9,1,7,0,0,8,0,0,0
STU06578,Feamle,22,MC,Hosteler,52337,65.0,5.68,63,0,92.1,1,5,0,0,10,0,0,0
STU06579,Feamle,20,CSE,Day Scholar,119957,75.6,7.16,92,1,100.0,0,8,0,0,9,1,0,0
STU06580,Feamle,21,CSE,Hosteler,175760,63.7,8.26,69,2,64.5,0,5,1,0,9,1,0,0
STU06581,Feamle,18,ECE,Day Scholar,27974,62.0,9.29,49,1,75.8,1,7,1,0,2,0,1,0
STU06582,Feamle,21,MC,Day Scholar,160563,87.1,6.04,52,0,71.5,0,7,1,0,3,2,0,0
STU06583,Feamle,21,CSE,Day Scholar,22304,81.7,10.0,96,0,94.3,2,8,0,0,10,2,0,0
STU06584,Feamle,20,CSE,Hosteler,180072,86.6,6.93,37,0,58.3,3,4,0,0,9,0,0,0
STU06585,Feamle,22,MC,Hosteler,108840,84.5,6.66,51,0,100.0,1,6,0,0,8,0,1,0
STU06586,Male,20,CSE,Day Scholar,31498,61.7,7.84,92,1,91.3,1,7,1,0,1,3,0,0
STU06587,Male,18,MC,Hosteler,97874,90.0,7.47,60,0,55.2,2,5,0,1,0,1,1,0
STU06588,Feamle,24,ECE,Day Scholar,144581,70.5,7.38,73,2,74.4,1,5,1,0,10,1,0,0
STU06589,Feamle,20,CSE,Day Scholar,154886,88.9,9.99,95,1,83.2,0,5,1,0,7,0,1,0
STU06590,Male,19,ECE,Day Scholar,145710,73.1,7.37,24,0,65.5,1,3,0,0,13,0,0,0
STU06591,Feamle,21,MC,Day Scholar,112755,79.7,5.52,91,1,65.6,3,5,0,0,13,0,1,0
STU06592,Feamle,22,ECE,Hosteler,49925,80.1,5.74,28,0,66.5,3,4,1,0,8,3,0,0
STU06593,Male,23,ECE,Day Scholar,98045,87.2,9.21,34,0,66.0,0,6,0,0,8,3,0,0
STU06594,Male,18,ECE,Day Scholar,188878,50.5,8.03,46,1,37.3,2,5,1,0,10,0,0,0
STU06595,Male,23,AIML,Hosteler,199865,51.4,4.67,56,0,98.1,1,2,0,0,8,1,0,1
STU06596,Feamle,21,MC,Day Scholar,33365,85.1,4.59,31,1,100.0,1,4,1,0,1,0,0,0
STU06597,Feamle,20,MC,Day Scholar,187621,80.3,7.04,45,0,45.3,0,6,1,0,7,0,0,0
STU06598,Male,23,MC,Day Scholar,54726,63.4,7.92,35,0,82.6,1,0,0,1,10,1,0,0
STU06599,Male,19,MC,Hosteler,70448,80.5,5.98,70,0,73.4,1,2,1,1,11,1,0,0
STU06600,Feamle,20,MC,Day Scholar,190181,53.9,4.48,9,0,73.0,0,5,1,0,8,0,0,1
STU06601,Male,21,CSE,Day Scholar,83615,100.0,5.31,45,1,62.0,2,4,1,0,4,0,0,0
STU06602,Feamle,23,CSE,Hosteler,140411,94.7,9.47,97,0,72.4,1,4,1,0,12,0,0,0
STU06603,Feamle,24,CSE,Day Scholar,29224,84.3,7.75,96,1,100.0,1,6,0,0,12,2,0,0
STU06604,Male,18,ECE,Day Scholar,90618,76.1,8.5,25,3,95.0,0,7,1,0,5,0,0,0
STU06605,Male,23,ECE,Day Scholar,106242,65.7,8.75,47,0,78.3,1,7,0,0,13,0,1,0
STU06606,Feamle,24,MC,Day Scholar,191141,55.3,6.06,47,1,51.9,2,4,0,0,3,0,0,0
STU06607,Male,24,AIML,Day Scholar,198115,73.3,6.44,12,1,70.3,0,4,0,0,10,2,0,0
STU06608,Male,23,MC,Hosteler,182006,62.1,6.75,29,0,79.4,1,5,0,0,6,3,1,0
STU06609,Male,22,CSE,Day Scholar,49526,63.0,7.63,95,1,62.9,1,4,1,1,13,0,1,0
STU06610,Male,23,MC,Day Scholar,39612,53.7,8.63,96,1,84.2,1,9,0,0,4,2,0,0
STU06611,Feamle,21,ECE,Hosteler,103395,78.7,9.8,69,0,77.2,0,3,0,0,7,0,0,0
STU06612,Feamle,24,MC,Day Scholar,145245,69.3,8.22,99,0,96.1,0,12,0,0,7,0,1,0
STU06613,Feamle,18,CSE,Day Scholar,186247,83.0,8.23,65,0,64.3,0,6,0,1,8,0,0,0
STU06614,Feamle,21,MC,Day Scholar,135623,81.9,9.89,6,0,89.7,2,4,0,0,14,2,0,0
STU06615,Male,19,ECE,Day Scholar,63927,78.4,6.69,55,0,91.5,1,3,0,0,6,2,1,0
STU06616,Male,20,AIML,Day Scholar,123719,100.0,8.78,29,0,85.5,1,5,1,0,5,0,1,0
STU06617,Feamle,23,CSE,Hosteler,42073,87.4,7.87,54,0,75.1,0,4,1,0,0,0,0,0
STU06618,Feamle,22,MC,Day Scholar,145517,56.1,7.92,89,3,93.2,0,4,1,0,8,0,1,0
STU06619,Male,18,ECE,Day Scholar,106257,81.9,6.68,88,0,68.0,0,4,1,0,1,2,0,0
STU06620,Feamle,22,CSE,Hosteler,157644,74.2,4.91,32,0,42.6,0,8,1,0,14,0,0,0
STU06621,Feamle,22,CSE,Hosteler,155022,54.9,7.52,41,0,72.3,0,2,0,1,4,1,0,0
STU06622,Male,22,ECE,Day Scholar,104578,53.7,7.52,5,0,80.6,2,4,1,0,10,0,0,0
STU06623,Feamle,23,MC,Day Scholar,30006,81.8,6.14,7,0,63.5,1,1,0,0,2,2,0,0
STU06624,Male,18,MC,Hosteler,191325,85.5,6.85,72,1,78.0,0,5,0,0,6,0,0,0
STU06625,Male,18,MC,Hosteler,178803,59.3,5.68,74,0,43.3,1,6,0,0,1,0,1,0
STU06626,Feamle,24,CSE,Hosteler,185487,89.6,5.69,87,0,92.3,1,4,0,0,0,0,0,0
STU06627,Male,22,AIML,Day Scholar,67813,79.3,6.28,69,0,91.8,0,4,1,1,9,0,0,0
STU06628,Feamle,24,CSE,Hosteler,146491,92.9,5.01,39,1,79.5,1,1,0,0,8,0,0,0
STU06629,Male,24,MC,Day Scholar,191932,91.3,6.12,55,0,100.0,0,4,0,0,13,0,0,0
STU06630,Feamle,20,CSE,Hosteler,42013,72.6,8.07,79,0,61.6,0,4,1,0,11,0,0,0
STU06631,Feamle,23,AIML,Day Scholar,23244,99.5,9.18,16,0,95.8,1,6,0,0,12,0,1,0
STU06632,Feamle,23,CSE,Day Scholar,97428,58.1,10.0,87,0,87.8,0,5,0,0,9,1,0,0
STU06633,Male,21,ECE,Day Scholar,61462,100.0,6.4,6,0,71.3,0,8,1,0,5,2,0,0
STU06634,Male,24,MC,Day Scholar,173826,61.8,8.8,39,0,76.8,0,9,0,0,0,2,0,0
STU06635,Feamle,23,MC,Hosteler,40588,74.3,7.5,57,0,78.4,1,4,1,0,4,1,1,0
STU06636,Male,22,MC,Day Scholar,82182,66.5,6.64,61,0,85.4,0,4,0,0,3,0,0,0
STU06637,Feamle,19,CSE,Hosteler,138500,69.3,7.6,90,0,82.6,0,5,0,0,12,0,0,0
STU06638,Feamle,22,CSE,Day Scholar,174710,100.0,8.65,73,0,52.5,0,5,1,0,10,0,0,0
STU06639,Male,18,CSE,Hosteler,20785,68.1,6.25,53,0,96.4,1,9,1,1,2,0,0,0
STU06640,Feamle,23,MC,Day Scholar,151299,87.8,6.22,8,1,98.1,3,2,0,0,13,0,0,0
STU06641,Male,23,CSE,Day Scholar,90483,71.5,6.39,50,0,82.7,0,4,0,0,6,0,0,0
STU06642,Feamle,21,MC,Day Scholar,158549,89.0,6.06,9,0,99.5,0,5,0,0,0,1,0,0
STU06643,Male,24,CSE,Day Scholar,37211,66.8,8.8,48,0,62.8,0,3,0,0,10,0,0,0
STU06644,Feamle,19,MC,Day Scholar,99430,78.8,5.85,29,2,100.0,0,5,0,0,3,0,0,0
STU06645,Feamle,23,ECE,Day Scholar,179459,84.4,6.12,8,1,62.8,1,4,0,0,6,1,0,0
STU06646,Male,21,CSE,Day Scholar,30217,64.2,7.47,45,1,100.0,1,6,0,1,12,0,1,0
STU06647,Feamle,21,MC,Hosteler,198560,100.0,7.35,25,0,83.9,0,7,1,1,7,2,0,0
STU06648,Feamle,19,ECE,Day Scholar,31556,85.2,6.39,63,0,87.7,0,6,0,1,8,0,0,0
STU06649,Male,22,ECE,Day Scholar,97104,71.6,9.53,33,0,100.0,0,6,0,0,6,0,0,0
STU06650,Feamle,22,AIML,Hosteler,46914,64.5,6.05,98,0,92.5,0,2,0,0,5,0,0,0
STU06651,Male,22,CSE,Day Scholar,176776,76.4,6.74,26,0,64.8,0,5,0,1,8,0,0,0
STU06652,Feamle,20,MC,Day Scholar,173538,56.8,4.11,83,0,90.8,0,2,0,0,4,0,0,1
STU06653,Male,24,AIML,Day Scholar,171004,100.0,6.54,87,0,100.0,0,5,0,1,14,0,0,0
STU06654,Feamle,24,CSE,Day Scholar,58199,81.5,5.02,26,0,100.0,0,4,1,1,0,2,0,0
STU06655,Feamle,22,ECE,Day Scholar,179849,73.7,5.63,40,1,100.0,1,7,0,0,7,0,0,0
STU06656,Feamle,19,CSE,Hosteler,170126,90.7,4.07,82,1,89.4,1,8,1,0,1,1,0,0
STU06657,Male,20,MC,Hosteler,198264,64.2,5.66,17,0,64.4,0,8,0,1,7,1,0,0
STU06658,Male,24,ECE,Day Scholar,23339,57.7,6.89,49,0,88.6,2,6,1,1,10,0,0,0
STU06659,Male,22,AIML,Day Scholar,104709,73.0,6.63,42,0,78.5,1,3,1,0,1,1,0,0
STU06660,Male,20,CSE,Day Scholar,118118,76.9,6.38,40,1,69.2,0,9,0,0,1,0,0,0
STU06661,Feamle,19,CSE,Day Scholar,80534,83.0,6.51,75,0,76.4,1,8,0,1,14,2,0,0
STU06662,Feamle,22,AIML,Hosteler,197027,52.9,6.24,17,0,65.1,0,5,0,0,0,2,0,0
STU06663,Male,18,CSE,Day Scholar,112604,68.2,6.95,60,2,100.0,0,7,0,0,12,0,0,0
STU06664,Male,23,CSE,Hosteler,58316,28.7,6.83,71,0,72.4,1,1,0,0,1,0,0,0
STU06665,Male,19,CSE,Hosteler,107022,57.3,7.41,99,1,96.2,2,2,0,1,12,3,0,0
STU06666,Feamle,21,ECE,Day Scholar,76670,85.7,6.7,52,0,80.2,0,7,0,0,12,0,1,0
STU06667,Male,21,ECE,Hosteler,181713,89.4,6.35,79,0,54.5,0,4,0,0,9,0,0,0
STU06668,Male,19,MC,Day Scholar,81745,57.9,8.17,52,1,78.3,0,6,0,0,11,0,0,0
STU06669,Feamle,21,CSE,Hosteler,39046,70.1,7.9,12,0,81.5,1,7,0,0,0,3,0,0
STU06670,Feamle,24,MC,Hosteler,167657,75.4,6.95,25,0,100.0,0,3,0,1,6,1,0,0
STU06671,Male,19,ECE,Day Scholar,27087,91.2,8.79,89,0,78.0,1,7,0,0,12,1,0,0
STU06672,Feamle,18,CSE,Day Scholar,131638,97.9,7.12,55,1,59.6,0,0,0,0,13,1,0,0
STU06673,Male,19,MC,Hosteler,146041,77.3,6.76,84,0,57.4,0,4,0,0,9,2,0,0
STU06674,Feamle,22,CSE,Day Scholar,61430,71.1,6.9,60,2,100.0,0,7,1,0,8,2,0,0
STU06675,Male,22,CSE,Day Scholar,60711,53.3,7.25,49,0,67.3,0,9,0,0,3,0,0,0
STU06676,Male,20,AIML,Day Scholar,121660,76.6,5.62,20,0,81.9,0,10,0,0,5,0,0,0
STU06677,Male,21,MC,Hosteler,194388,100.0,4.19,7,0,45.8,1,6,0,0,7,0,0,0
STU06678,Male,23,ECE,Day Scholar,63543,94.4,7.42,96,1,100.0,0,7,0,0,5,0,0,0
STU06679,Feamle,21,MC,Day Scholar,155543,77.6,8.25,69,1,61.0,0,4,0,0,2,0,1,0
STU06680,Feamle,24,MC,Hosteler,47122,79.6,5.5,63,0,98.3,1,11,1,0,7,1,0,0
STU06681,Feamle,19,MC,Hosteler,88659,64.7,8.61,49,0,100.0,0,7,0,0,4,0,0,0
STU06682,Feamle,23,AIML,Day Scholar,96869,69.6,4.53,1,0,100.0,1,3,0,1,0,0,0,0
STU06683,Male,23,CSE,Hosteler,71459,77.2,6.16,71,0,59.6,0,5,0,0,5,1,0,0
STU06684,Male,21,ECE,Hosteler,58771,77.3,9.56,69,0,81.4,0,5,0,0,7,0,0,0
STU06685,Feamle,23,AIML,Hosteler,89326,90.2,7.53,5,0,100.0,0,5,0,0,5,1,0,0
STU06686,Feamle,23,ECE,Day Scholar,52036,89.4,6.55,21,0,68.2,1,3,0,0,1,0,0,0
STU06687,Feamle,22,AIML,Day Scholar,75087,82.8,7.38,88,1,78.6,0,6,1,1,10,1,0,0
STU06688,Feamle,18,CSE,Hosteler,186950,60.0,8.79,45,1,95.5,0,5,0,1,11,1,0,0
STU06689,Feamle,19,ECE,Day Scholar,152673,60.6,4.83,94,0,99.2,0,9,0,0,14,1,1,1
STU06690,Male,21,MC,Day Scholar,162860,61.7,8.98,60,1,100.0,1,2,0,0,11,0,0,0
STU06691,Male,22,AIML,Hosteler,172379,78.5,6.26,34,1,69.6,0,3,0,0,10,0,1,0
STU06692,Male,24,ECE,Day Scholar,178201,44.6,8.06,61,0,70.0,0,0,0,0,13,0,0,0
STU06693,Feamle,24,CSE,Day Scholar,163784,74.9,6.08,68,2,83.3,1,1,0,1,3,0,0,0
STU06694,Feamle,20,ECE,Day Scholar,42303,96.1,9.53,85,0,100.0,0,2,1,0,14,0,1,0
STU06695,Feamle,23,AIML,Hosteler,66515,85.0,6.95,56,0,68.1,0,5,1,0,8,0,1,0
STU06696,Feamle,23,CSE,Day Scholar,167076,69.7,5.01,24,0,73.9,1,9,0,0,3,0,0,0
STU06697,Male,21,MC,Day Scholar,105698,64.5,7.71,81,2,69.2,0,4,1,1,9,0,0,0
STU06698,Male,18,AIML,Day Scholar,113773,87.1,8.95,72,0,76.1,0,4,0,0,13,0,0,0
STU06699,Feamle,18,AIML,Day Scholar,96025,79.6,8.78,24,0,70.1,0,5,0,0,11,1,0,0
STU06700,Male,21,CSE,Hosteler,140551,71.3,7.14,92,2,87.9,1,7,0,1,10,0,0,0
STU06701,Male,21,AIML,Day Scholar,102099,66.2,8.22,32,0,75.2,0,2,0,1,5,0,0,0
STU06702,Feamle,22,ECE,Day Scholar,40349,76.1,6.37,7,0,100.0,0,6,1,1,6,0,0,0
STU06703,Feamle,24,MC,Hosteler,66059,70.5,7.89,12,0,80.2,0,4,0,0,4,0,0,0
STU06704,Feamle,21,ECE,Hosteler,199877,86.8,7.54,60,0,43.9,0,7,0,0,1,1,0,0
STU06705,Feamle,24,CSE,Hosteler,166757,93.6,2.66,7,0,100.0,1,6,0,0,1,1,0,0
STU06706,Feamle,20,AIML,Day Scholar,192769,54.5,5.5,26,0,96.5,0,8,0,0,12,1,0,0
STU06707,Feamle,24,MC,Day Scholar,122023,56.6,7.31,53,1,100.0,0,6,1,0,0,0,0,0
STU06708,Male,22,CSE,Day Scholar,141018,95.2,7.25,2,1,74.5,1,3,0,1,10,0,0,0
STU06709,Male,23,ECE,Hosteler,134742,77.5,6.96,32,0,100.0,0,6,0,0,0,0,0,0
STU06710,Feamle,23,AIML,Day Scholar,46009,58.0,7.13,94,0,95.2,0,3,0,1,10,0,0,0
STU06711,Male,24,AIML,Day Scholar,142686,89.7,8.81,27,0,95.2,1,5,1,0,13,0,0,0
STU06712,Feamle,23,CSE,Hosteler,130138,80.1,7.53,84,0,36.8,0,5,1,0,7,0,0,0
STU06713,Feamle,23,ECE,Hosteler,138871,100.0,3.5,51,2,76.6,0,5,1,0,9,0,0,0
STU06714,Feamle,19,AIML,Hosteler,39678,71.5,9.92,28,0,92.9,1,5,0,1,6,0,0,0
STU06715,Feamle,20,ECE,Day Scholar,56623,91.6,4.14,92,1,86.2,1,8,0,0,12,0,0,0
STU06716,Male,22,MC,Day Scholar,33369,53.3,8.44,60,0,68.9,1,2,1,0,2,0,1,0
STU06717,Feamle,22,AIML,Day Scholar,186591,95.9,4.65,72,0,25.1,2,7,0,0,6,0,1,0
STU06718,Male,23,MC,Hosteler,119028,89.2,9.14,60,0,83.8,0,8,0,0,8,1,1,0
STU06719,Feamle,18,AIML,Day Scholar,127749,99.1,6.58,21,0,86.6,0,6,0,0,0,0,0,0
STU06720,Feamle,22,CSE,Day Scholar,62256,91.7,7.58,71,0,100.0,2,4,1,0,11,0,0,0
STU06721,Feamle,20,AIML,Day Scholar,98893,73.5,4.02,56,0,92.9,0,6,1,0,3,0,1,0
STU06722,Male,21,AIML,Hosteler,111006,57.4,8.09,44,0,84.0,1,5,0,0,14,0,0,0
STU06723,Feamle,20,ECE,Day Scholar,104419,66.0,7.62,80,0,82.6,0,3,1,1,3,0,0,0
STU06724,Feamle,23,ECE,Day Scholar,152401,48.6,7.93,86,0,83.5,0,6,1,0,12,0,0,0
STU06725,Feamle,23,MC,Hosteler,112586,61.2,8.42,29,1,71.0,0,5,0,0,9,0,0,0
STU06726,Male,19,MC,Hosteler,149141,81.4,7.27,78,1,71.5,1,9,0,0,3,2,0,0
STU06727,Male,24,MC,Day Scholar,51407,74.3,6.68,13,2,84.1,1,6,1,0,5,0,0,0
STU06728,Male,22,AIML,Day Scholar,139805,71.6,5.78,88,1,100.0,0,5,0,0,2,1,1,0
STU06729,Feamle,24,AIML,Day Scholar,98074,63.1,6.34,79,0,96.0,0,6,0,0,14,1,0,0
STU06730,Male,24,MC,Hosteler,169906,48.4,8.81,47,0,90.4,1,8,0,0,7,0,0,0
STU06731,Feamle,22,CSE,Day Scholar,67303,77.7,5.74,17,1,51.1,0,4,0,0,13,0,0,0
STU06732,Male,22,CSE,Hosteler,127665,80.7,4.24,31,2,99.4,0,4,1,1,2,0,0,0
STU06733,Male,23,AIML,Day Scholar,59825,60.1,5.52,37,2,88.0,0,2,0,0,13,0,0,0
STU06734,Feamle,22,CSE,Day Scholar,97167,67.0,7.91,52,1,100.0,0,2,0,1,4,0,1,0
STU06735,Male,18,CSE,Day Scholar,63327,98.1,6.55,14,0,81.9,0,5,0,0,9,0,0,0
STU06736,Feamle,18,MC,Hosteler,89830,92.4,7.91,36,0,94.7,1,4,0,1,9,0,0,0
STU06737,Feamle,21,CSE,Day Scholar,62424,52.7,4.0,48,2,90.2,1,6,0,1,10,0,0,1
STU06738,Male,22,CSE,Day Scholar,131674,73.7,2.53,32,1,79.7,0,3,0,1,7,1,0,0
STU06739,Feamle,19,AIML,Day Scholar,103650,96.8,7.4,12,1,80.6,0,2,1,0,4,1,1,0
STU06740,Feamle,21,AIML,Day Scholar,198318,71.8,8.51,70,0,71.0,1,9,0,1,14,0,0,0
STU06741,Male,23,AIML,Day Scholar,80638,71.0,4.43,63,0,92.7,0,3,0,0,6,0,0,0
STU06742,Male,22,CSE,Day Scholar,174649,91.4,7.79,18,0,55.2,1,9,1,0,1,0,0,0
STU06743,Feamle,18,MC,Hosteler,183247,89.8,8.79,84,1,100.0,1,3,0,0,3,1,0,0
STU06744,Male,19,ECE,Day Scholar,139309,89.0,6.99,55,0,78.5,1,2,0,0,7,0,0,0
STU06745,Feamle,21,AIML,Hosteler,134952,71.1,8.35,36,1,70.5,1,3,0,0,8,0,0,0
STU06746,Feamle,19,AIML,Day Scholar,133670,84.9,7.29,57,1,77.0,0,3,0,1,8,0,0,0
STU06747,Male,22,AIML,Day Scholar,103949,97.4,6.61,8,0,100.0,0,7,0,0,11,2,0,0
STU06748,Male,20,MC,Hosteler,78587,74.3,8.23,3,1,95.1,1,5,1,1,13,0,0,0
STU06749,Male,19,ECE,Day Scholar,154838,68.9,9.87,94,0,80.3,1,4,0,0,11,0,0,0
STU06750,Male,19,ECE,Day Scholar,59824,93.5,6.16,70,0,72.6,0,5,1,0,11,0,0,0
STU06751,Feamle,23,AIML,Day Scholar,46056,100.0,6.87,12,0,60.0,0,4,0,0,2,0,0,0
STU06752,Feamle,18,CSE,Day Scholar,28299,100.0,5.51,62,1,80.0,0,3,0,0,2,0,0,0
STU06753,Male,22,AIML,Day Scholar,56331,69.4,7.23,62,0,88.3,1,4,0,0,0,1,0,0
STU06754,Male,19,AIML,Day Scholar,194938,70.9,6.77,60,1,37.7,1,4,1,1,6,0,0,0
STU06755,Feamle,22,CSE,Hosteler,147611,59.6,8.74,35,2,100.0,1,8,1,0,6,1,0,0
STU06756,Feamle,18,CSE,Hosteler,158921,76.8,9.13,7,0,91.5,0,5,0,0,11,0,0,0
STU06757,Feamle,23,AIML,Day Scholar,164843,58.9,8.18,89,1,74.8,0,6,1,0,5,0,0,0
STU06758,Feamle,22,MC,Day Scholar,49604,67.1,8.57,26,0,81.6,0,8,0,1,4,0,1,0
STU06759,Male,24,MC,Hosteler,157107,85.5,5.94,25,2,63.8,0,1,1,1,6,0,0,0
STU06760,Feamle,18,CSE,Day Scholar,93495,80.8,5.57,44,0,83.4,1,6,1,1,1,1,1,0
STU06761,Feamle,18,AIML,Hosteler,23196,47.8,7.66,41,0,40.0,0,8,0,0,10,0,0,0
STU06762,Male,21,MC,Day Scholar,70337,98.6,7.03,13,1,100.0,0,7,0,0,4,0,0,0
STU06763,Feamle,23,AIML,Hosteler,56899,58.7,10.0,83,0,76.9,2,1,0,0,7,0,0,0
STU06764,Feamle,23,AIML,Day Scholar,170531,60.6,4.12,91,0,43.3,0,4,0,0,9,0,0,0
STU06765,Male,24,AIML,Day Scholar,113270,56.4,7.93,71,0,100.0,1,5,1,0,7,0,0,0
STU06766,Male,22,MC,Day Scholar,96687,65.1,7.9,51,0,72.0,1,3,1,0,0,0,0,0
STU06767,Male,20,ECE,Day Scholar,187687,61.5,5.86,68,1,70.2,0,4,1,0,1,0,0,0
STU06768,Feamle,24,AIML,Day Scholar,159866,61.9,5.55,52,1,72.6,1,8,0,0,4,0,0,0
STU06769,Feamle,21,MC,Day Scholar,44358,38.0,6.49,50,0,70.1,1,3,0,0,12,1,0,0
STU06770,Male,23,ECE,Day Scholar,53849,76.9,4.54,76,1,93.0,0,6,0,0,13,1,0,1
STU06771,Male,18,CSE,Hosteler,82603,78.5,9.19,1,0,78.2,1,6,1,1,8,0,0,0
STU06772,Feamle,23,MC,Day Scholar,139043,100.0,10.0,47,0,72.4,1,8,1,0,12,2,0,0
STU06773,Male,24,ECE,Day Scholar,109582,82.3,6.49,77,0,74.5,0,5,0,1,2,2,0,0
STU06774,Male,20,MC,Day Scholar,28389,67.6,6.04,48,0,100.0,1,4,0,0,12,0,1,0
STU06775,Male,19,ECE,Day Scholar,192454,57.0,5.03,58,1,67.6,0,6,0,1,11,0,0,1
STU06776,Feamle,19,ECE,Day Scholar,103061,73.6,5.36,66,1,79.2,1,7,1,0,7,0,0,0
STU06777,Feamle,23,MC,Day Scholar,76087,81.7,6.12,79,2,60.9,0,5,0,0,1,0,0,0
STU06778,Feamle,23,CSE,Day Scholar,151028,67.4,8.81,8,0,100.0,0,6,1,0,14,0,0,0
STU06779,Feamle,21,AIML,Hosteler,95781,75.9,10.0,1,0,67.8,0,5,0,1,0,0,1,0
STU06780,Feamle,23,ECE,Day Scholar,97895,100.0,5.92,74,1,100.0,2,2,0,0,4,0,1,0
STU06781,Feamle,20,AIML,Hosteler,117184,69.2,5.65,87,2,100.0,1,1,0,0,9,0,0,0
STU06782,Male,23,CSE,Hosteler,155599,46.7,5.25,42,0,94.9,0,3,0,1,3,0,1,1
STU06783,Feamle,22,AIML,Day Scholar,130971,88.1,7.68,92,0,67.5,0,6,1,0,13,0,0,0
STU06784,Feamle,24,AIML,Hosteler,26693,79.7,7.52,13,1,61.6,0,8,1,0,7,0,0,0
STU06785,Male,20,MC,Day Scholar,57671,49.4,7.15,39,0,100.0,0,10,0,0,0,0,0,0
STU06786,Feamle,21,MC,Day Scholar,52823,81.4,6.33,54,0,86.5,0,4,0,1,12,2,1,0
STU06787,Feamle,22,CSE,Day Scholar,98950,60.0,9.04,58,0,80.6,2,5,0,1,7,0,1,0
STU06788,Male,22,MC,Hosteler,126786,81.6,8.15,85,0,91.2,0,8,1,0,1,0,1,0
STU06789,Male,24,ECE,Hosteler,100586,100.0,8.08,46,0,62.0,1,2,1,0,0,1,0,0
STU06790,Male,19,CSE,Day Scholar,38378,72.3,7.56,33,0,76.4,1,4,1,0,10,1,0,0
STU06791,Feamle,20,MC,Hosteler,37218,91.2,6.72,35,0,61.7,0,7,1,1,10,0,1,0
STU06792,Male,24,MC,Day Scholar,165598,56.6,5.93,32,1,88.1,0,6,0,1,6,0,0,0
STU06793,Feamle,22,CSE,Day Scholar,100278,52.2,7.78,62,1,94.2,0,10,0,0,6,0,0,0
STU06794,Feamle,21,ECE,Day Scholar,138997,100.0,7.63,17,0,100.0,2,6,1,0,6,0,0,0
STU06795,Feamle,24,CSE,Day Scholar,193946,79.6,7.85,21,0,68.2,0,4,0,0,7,0,0,0
STU06796,Feamle,19,MC,Hosteler,129097,84.6,4.65,88,1,100.0,0,3,0,0,12,1,0,0
STU06797,Male,22,MC,Day Scholar,119805,92.3,7.51,100,1,46.2,0,3,0,0,1,0,1,0
STU06798,Male,24,CSE,Hosteler,100831,67.1,6.54,4,1,59.0,1,4,0,0,14,0,0,0
STU06799,Feamle,20,ECE,Day Scholar,101089,87.4,5.68,31,2,93.6,2,5,0,0,11,2,0,0
STU06800,Male,19,ECE,Day Scholar,64281,85.1,8.09,48,1,91.8,0,6,0,1,14,1,1,0
STU06801,Feamle,20,AIML,Hosteler,106608,55.6,7.27,35,0,89.0,0,5,1,0,1,0,0,0
STU06802,Feamle,20,ECE,Hosteler,165777,97.7,10.0,72,0,49.0,0,7,1,0,6,0,1,0
STU06803,Feamle,20,CSE,Day Scholar,167475,94.6,7.73,13,0,100.0,1,5,0,0,11,0,1,0
STU06804,Male,24,ECE,Day Scholar,37416,55.7,6.55,63,0,87.1,0,2,0,1,6,0,0,0
STU06805,Feamle,19,ECE,Hosteler,61784,78.0,6.84,31,1,84.6,0,8,0,1,7,0,1,0
STU06806,Feamle,24,AIML,Day Scholar,132251,71.5,5.24,8,0,95.6,0,3,0,1,3,0,1,0
STU06807,Male,24,ECE,Day Scholar,83376,96.3,8.85,86,0,72.2,0,4,0,1,1,1,0,0
STU06808,Male,24,AIML,Day Scholar,31853,53.8,7.47,47,2,100.0,0,8,0,1,12,1,0,0
STU06809,Male,22,AIML,Day Scholar,48369,100.0,7.5,51,0,86.4,0,7,0,0,10,0,1,0
STU06810,Male,23,ECE,Hosteler,198193,72.4,5.4,8,1,88.7,1,7,0,0,7,1,1,0
STU06811,Feamle,18,MC,Day Scholar,20747,86.1,8.17,84,0,96.6,1,8,0,0,8,1,1,0
STU06812,Male,22,CSE,Day Scholar,194398,95.8,5.6,31,0,47.2,0,7,0,0,10,0,0,0
STU06813,Feamle,19,CSE,Day Scholar,134375,72.1,6.17,9,1,72.0,0,3,1,1,0,1,0,0
STU06814,Male,18,ECE,Day Scholar,190844,73.3,7.19,92,0,73.4,0,0,0,1,0,0,0,0
STU06815,Male,18,CSE,Day Scholar,102887,67.5,6.13,97,0,67.4,0,6,0,0,10,1,1,0
STU06816,Male,18,CSE,Hosteler,199481,61.7,5.81,85,2,86.3,0,3,0,0,5,0,0,0
STU06817,Male,23,AIML,Day Scholar,147227,79.1,6.92,68,1,73.2,2,2,0,0,9,0,0,0
STU06818,Male,24,MC,Day Scholar,180083,73.0,8.52,10,0,97.8,1,7,0,0,2,0,1,0
STU06819,Male,21,CSE,Hosteler,104718,67.4,8.34,57,0,86.0,0,7,0,0,4,0,0,0
STU06820,Feamle,19,MC,Day Scholar,70956,68.2,8.06,27,1,66.6,1,3,0,1,0,0,0,0
STU06821,Male,23,CSE,Hosteler,87559,83.6,7.73,87,0,85.4,1,3,0,0,14,0,0,0
STU06822,Male,23,MC,Day Scholar,94128,63.0,6.29,33,2,60.1,0,8,0,0,12,0,1,0
STU06823,Male,21,MC,Day Scholar,83769,71.3,8.68,52,0,56.6,0,6,1,0,6,0,1,0
STU06824,Male,18,CSE,Day Scholar,51109,88.5,4.4,39,1,75.3,0,1,1,0,5,0,0,0
STU06825,Feamle,24,AIML,Day Scholar,106352,78.7,7.65,63,0,91.5,0,2,1,1,7,1,0,0
STU06826,Male,21,MC,Day Scholar,46499,59.3,8.26,9,0,92.5,0,5,0,1,12,0,0,0
STU06827,Male,21,MC,Day Scholar,177016,74.6,6.86,25,0,93.2,0,4,0,1,10,0,0,0
STU06828,Male,23,CSE,Day Scholar,117798,81.6,5.92,42,0,69.5,1,2,1,0,2,0,0,0
STU06829,Male,19,MC,Hosteler,194352,89.8,6.94,70,1,68.9,1,8,0,0,8,0,0,0
STU06830,Feamle,20,MC,Hosteler,121628,63.7,5.86,43,2,31.6,0,6,0,0,2,1,0,0
STU06831,Male,24,AIML,Day Scholar,141851,66.6,7.77,70,0,51.7,0,8,0,0,5,0,0,0
STU06832,Feamle,21,MC,Day Scholar,169333,64.6,8.42,56,0,100.0,0,6,1,0,4,0,1,0
STU06833,Male,24,AIML,Day Scholar,194719,65.3,7.67,47,0,81.9,0,8,0,0,10,2,0,0
STU06834,Feamle,21,MC,Day Scholar,78741,81.1,7.58,78,0,71.4,0,8,1,1,3,1,1,0
STU06835,Feamle,18,MC,Day Scholar,43345,83.9,8.14,61,0,97.4,0,6,0,0,8,0,0,0
STU06836,Male,24,AIML,Hosteler,161183,90.8,8.31,60,0,89.7,1,8,0,0,2,0,0,0
STU06837,Male,18,AIML,Day Scholar,167461,73.6,5.83,66,0,86.9,0,2,0,1,3,0,0,0
STU06838,Feamle,23,ECE,Day Scholar,123837,53.9,4.69,44,1,72.2,0,1,0,0,1,0,0,1
STU06839,Feamle,18,MC,Day Scholar,160785,85.0,7.42,60,0,78.6,1,4,0,0,2,1,0,0
STU06840,Male,24,AIML,Day Scholar,187718,77.4,8.39,89,0,93.2,2,3,0,0,1,0,0,0
STU06841,Feamle,22,MC,Day Scholar,170925,75.9,4.63,70,0,100.0,0,2,1,0,7,0,0,0
STU06842,Feamle,24,MC,Day Scholar,160085,55.7,7.1,1,1,77.9,0,8,0,0,14,0,0,0
STU06843,Feamle,21,MC,Day Scholar,139021,72.1,8.69,73,0,93.1,1,6,0,0,6,0,1,0
STU06844,Male,18,CSE,Day Scholar,141321,57.1,6.83,93,1,46.9,0,4,0,0,5,0,0,0
STU06845,Feamle,19,ECE,Day Scholar,23093,82.2,9.28,46,0,64.7,1,6,1,0,7,1,1,0
STU06846,Feamle,22,CSE,Hosteler,198616,68.6,9.0,66,0,73.4,0,4,0,1,13,0,0,0
STU06847,Feamle,23,ECE,Hosteler,118057,67.2,6.73,28,0,58.6,1,4,0,1,10,2,0,0
STU06848,Male,20,MC,Hosteler,177953,51.9,6.45,62,1,70.8,1,7,0,0,6,1,1,0
STU06849,Male,21,MC,Day Scholar,181839,90.4,6.48,24,1,100.0,1,11,0,0,8,0,0,0
STU06850,Feamle,21,AIML,Hosteler,191817,71.1,7.2,3,0,100.0,0,5,0,0,8,0,0,0
STU06851,Male,19,ECE,Day Scholar,120854,76.3,5.24,46,1,54.9,0,5,1,0,3,0,0,0
STU06852,Feamle,20,ECE,Day Scholar,79530,64.0,4.96,68,0,75.2,0,8,0,1,14,0,0,0
STU06853,Male,20,CSE,Day Scholar,53993,50.2,3.59,62,1,73.2,1,6,0,0,0,0,1,1
STU06854,Male,23,ECE,Hosteler,47132,67.0,6.97,5,0,67.2,1,4,1,0,13,1,0,0
STU06855,Feamle,23,MC,Hosteler,192685,69.4,10.0,82,0,53.3,0,6,0,0,1,0,0,0
STU06856,Male,22,AIML,Hosteler,76552,79.4,4.01,17,0,77.5,0,8,0,0,2,0,0,0
STU06857,Male,21,CSE,Day Scholar,90092,69.7,6.72,35,4,63.9,1,5,0,0,6,0,1,0
STU06858,Male,18,AIML,Day Scholar,153789,64.2,6.68,75,1,54.0,0,3,1,1,13,3,1,0
STU06859,Feamle,23,ECE,Day Scholar,121696,52.4,6.77,87,0,66.6,0,8,1,1,0,1,0,0
STU06860,Male,19,ECE,Day Scholar,175610,75.7,8.89,56,0,100.0,0,3,0,0,13,0,0,0
STU06861,Male,19,CSE,Day Scholar,193094,63.1,5.67,29,1,69.7,0,4,0,0,11,1,0,0
STU06862,Feamle,19,ECE,Hosteler,58890,94.8,4.08,13,1,69.3,0,4,0,0,7,1,0,0
STU06863,Male,24,AIML,Day Scholar,59407,77.3,6.2,38,1,80.4,1,4,0,0,0,0,0,0
STU06864,Male,23,MC,Day Scholar,43402,83.4,6.0,1,1,100.0,0,10,1,0,14,0,0,0
STU06865,Male,23,CSE,Day Scholar,178296,71.3,3.65,33,0,51.7,0,6,1,1,9,0,0,0
STU06866,Male,19,ECE,Hosteler,131749,78.0,7.37,57,0,92.1,1,6,0,0,3,0,1,0
STU06867,Male,23,AIML,Day Scholar,90286,61.6,5.22,83,0,83.9,0,6,0,0,5,1,0,0
STU06868,Feamle,24,MC,Hosteler,33820,57.3,6.88,99,0,97.6,0,2,0,0,10,0,0,0
STU06869,Feamle,18,ECE,Day Scholar,120958,75.2,6.46,86,0,92.3,0,3,0,1,1,0,1,0
STU06870,Male,18,CSE,Day Scholar,55837,83.6,5.39,34,0,100.0,0,5,1,0,2,1,0,0
STU06871,Male,22,ECE,Day Scholar,172050,45.8,8.34,33,1,68.4,0,3,0,0,2,1,0,0
STU06872,Male,21,ECE,Day Scholar,164785,67.5,6.58,84,0,62.4,0,8,0,0,12,0,0,0
STU06873,Feamle,18,ECE,Hosteler,60431,100.0,7.08,7,1,66.9,0,5,0,0,5,0,0,0
STU06874,Feamle,22,MC,Day Scholar,51207,82.2,7.88,42,0,85.5,0,4,0,0,12,0,1,0
STU06875,Male,20,MC,Hosteler,26142,98.1,7.43,62,0,100.0,0,9,1,0,10,1,0,0
STU06876,Male,21,ECE,Day Scholar,23755,65.5,7.22,61,0,100.0,0,5,0,1,14,0,0,0
STU06877,Feamle,18,ECE,Day Scholar,86366,68.1,5.76,93,1,68.1,1,5,0,0,4,0,0,0
STU06878,Male,24,CSE,Day Scholar,131929,89.5,5.33,19,2,100.0,1,1,1,0,12,1,0,0
STU06879,Feamle,20,ECE,Day Scholar,190414,84.4,7.24,51,0,84.9,1,7,1,1,3,0,0,0
STU06880,Feamle,22,AIML,Day Scholar,99229,73.6,5.56,83,0,78.8,0,8,0,0,9,2,0,0
STU06881,Male,18,AIML,Day Scholar,26121,56.1,8.19,86,0,78.8,1,6,1,1,14,0,0,0
STU06882,Feamle,18,CSE,Hosteler,179376,92.4,6.81,83,0,100.0,1,4,0,0,10,0,1,0
STU06883,Male,23,MC,Day Scholar,68294,100.0,7.97,45,0,61.9,0,6,0,0,9,1,0,0
STU06884,Male,20,ECE,Day Scholar,107994,51.4,5.52,86,0,87.4,3,2,0,0,2,1,0,0
STU06885,Male,18,CSE,Day Scholar,84902,96.1,5.29,3,0,83.4,0,3,1,0,14,0,0,0
STU06886,Male,19,MC,Day Scholar,63704,68.0,9.52,61,0,53.5,0,5,0,0,8,0,0,0
STU06887,Male,24,CSE,Day Scholar,196330,70.0,6.78,9,0,27.8,0,8,0,0,13,0,0,0
STU06888,Male,23,MC,Day Scholar,54612,79.0,8.37,39,3,82.1,0,4,0,1,12,0,0,0
STU06889,Feamle,23,ECE,Hosteler,197089,56.9,4.88,4,0,55.4,1,4,0,0,0,0,1,1
STU06890,Feamle,18,CSE,Day Scholar,135149,74.4,6.58,95,0,74.5,0,2,1,0,5,2,0,0
STU06891,Feamle,24,ECE,Day Scholar,116081,50.8,8.95,17,0,79.0,1,2,0,0,5,0,0,0
STU06892,Feamle,23,CSE,Day Scholar,137679,82.1,4.65,60,0,46.2,1,6,0,1,4,1,0,0
STU06893,Male,21,MC,Hosteler,174299,100.0,10.0,56,0,76.3,0,5,0,0,12,1,1,0
STU06894,Feamle,20,CSE,Day Scholar,78922,65.4,7.3,62,0,69.1,2,7,0,0,1,0,1,0
STU06895,Feamle,21,AIML,Hosteler,85736,72.5,5.77,88,1,68.9,0,6,0,0,8,0,1,0
STU06896,Feamle,22,AIML,Day Scholar,102435,73.2,7.53,80,0,70.1,0,4,0,0,10,1,0,0
STU06897,Male,21,CSE,Hosteler,172906,89.8,8.66,4,0,72.1,2,8,1,1,11,1,0,0
STU06898,Feamle,24,AIML,Day Scholar,182397,81.1,5.76,98,0,58.7,1,8,0,0,4,0,0,0
STU06899,Male,19,ECE,Hosteler,49546,88.8,5.98,20,0,100.0,0,3,1,0,13,2,0,0
STU06900,Feamle,23,AIML,Hosteler,108410,67.4,7.37,99,0,45.8,1,4,0,0,3,0,1,0
STU06901,Male,24,AIML,Day Scholar,178044,81.5,7.69,18,2,88.2,2,3,1,0,9,0,0,0
STU06902,Male,23,ECE,Hosteler,23696,24.5,6.7,22,1,73.6,1,1,0,0,7,2,1,1
STU06903,Feamle,19,ECE,Hosteler,72445,85.0,7.6,68,1,64.1,0,5,0,0,10,0,0,0
STU06904,Male,23,MC,Hosteler,108921,56.7,8.28,32,1,91.7,0,6,0,0,4,0,0,0
STU06905,Male,21,ECE,Day Scholar,169085,70.1,7.26,3,1,100.0,1,4,0,0,7,1,0,0
STU06906,Feamle,22,CSE,Day Scholar,171474,86.2,5.96,96,0,83.2,0,4,1,0,2,1,0,0
STU06907,Feamle,18,AIML,Hosteler,188329,52.0,6.97,34,0,82.9,0,3,1,1,2,0,0,0
STU06908,Feamle,19,MC,Day Scholar,142251,91.3,9.63,58,0,84.3,0,5,0,1,8,0,0,0
STU06909,Male,21,ECE,Hosteler,87552,73.1,7.5,41,0,75.4,0,5,1,0,9,0,0,0
STU06910,Male,24,AIML,Day Scholar,82417,96.8,8.86,89,0,94.2,0,4,0,0,11,1,0,0
STU06911,Male,21,CSE,Day Scholar,61126,61.5,6.23,100,1,56.2,0,5,1,0,8,0,1,0
STU06912,Feamle,21,CSE,Day Scholar,53743,47.8,7.39,85,1,54.7,2,4,0,0,1,0,1,0
STU06913,Male,18,MC,Day Scholar,106467,74.6,8.19,74,0,100.0,1,5,0,1,2,0,0,0
STU06914,Male,20,CSE,Hosteler,60073,83.8,9.25,48,2,44.5,1,6,0,1,0,0,0,0
STU06915,Male,23,AIML,Hosteler,37243,85.1,8.84,89,1,74.6,1,7,1,1,8,1,0,0
STU06916,Male,23,ECE,Day Scholar,40328,58.0,5.32,40,1,54.3,0,4,0,0,11,0,0,1
STU06917,Male,24,CSE,Hosteler,20209,50.6,8.73,76,1,76.2,2,3,1,0,14,1,0,0
STU06918,Male,22,ECE,Hosteler,29800,70.3,9.53,77,0,68.3,0,8,0,0,2,1,1,0
STU06919,Male,24,AIML,Hosteler,85749,82.7,6.14,48,0,98.6,1,6,0,0,2,0,0,0
STU06920,Feamle,20,AIML,Day Scholar,107817,82.0,5.66,70,1,100.0,0,9,0,0,4,0,1,0
STU06921,Feamle,23,ECE,Day Scholar,48007,98.6,6.96,79,0,57.5,3,6,1,1,12,2,0,0
STU06922,Feamle,22,AIML,Hosteler,58550,69.4,7.27,83,0,63.0,0,7,0,0,12,0,0,0
STU06923,Male,24,MC,Hosteler,191242,47.3,6.47,45,1,69.8,2,7,1,0,2,1,0,0
STU06924,Male,22,CSE,Day Scholar,176620,92.9,5.22,63,1,75.9,0,3,0,0,13,1,1,1
STU06925,Feamle,21,MC,Hosteler,179447,77.9,9.21,49,0,97.4,0,6,0,0,2,1,0,0
STU06926,Male,19,MC,Day Scholar,148396,79.2,5.71,42,0,59.7,0,6,1,0,8,0,0,0
STU06927,Feamle,21,MC,Hosteler,85839,86.5,6.24,26,0,74.6,1,5,0,0,6,1,1,0
STU06928,Male,18,ECE,Day Scholar,141964,94.0,7.16,33,0,75.2,1,6,0,0,0,0,1,0
STU06929,Male,23,ECE,Day Scholar,110094,74.7,4.79,85,1,71.0,1,4,0,0,14,2,0,1
STU06930,Feamle,22,AIML,Hosteler,70012,92.6,4.68,62,0,91.9,0,11,0,0,10,0,0,0
STU06931,Feamle,24,ECE,Day Scholar,186007,83.3,6.35,100,1,75.1,0,4,0,0,14,0,0,0
STU06932,Feamle,19,AIML,Day Scholar,91495,65.2,8.24,66,1,47.2,0,5,0,0,8,1,0,0
STU06933,Feamle,24,ECE,Day Scholar,117489,71.5,7.28,26,0,52.9,1,5,1,0,3,2,0,0
STU06934,Feamle,23,AIML,Day Scholar,186314,84.3,3.91,6,1,77.6,0,4,1,1,10,0,0,0
STU06935,Male,22,CSE,Hosteler,120681,64.4,9.08,98,1,100.0,0,7,1,0,3,1,0,0
STU06936,Male,22,AIML,Hosteler,46326,88.3,8.2,22,2,90.5,1,8,0,1,0,0,0,0
STU06937,Male,21,CSE,Hosteler,150194,77.4,7.29,65,1,99.3,1,6,0,1,14,1,0,0
STU06938,Feamle,19,AIML,Hosteler,105331,80.7,7.25,87,0,79.2,1,3,0,0,4,1,0,0
STU06939,Feamle,19,ECE,Day Scholar,73811,96.6,8.01,1,1,80.3,1,3,1,0,3,0,0,0
STU06940,Feamle,23,ECE,Day Scholar,73537,80.3,10.0,35,0,84.9,0,8,0,0,8,1,0,0
STU06941,Feamle,22,CSE,Day Scholar,77829,76.1,8.32,57,1,81.2,0,3,1,0,11,1,1,0
STU06942,Feamle,19,MC,Day Scholar,29552,73.8,7.44,80,1,83.9,1,2,1,0,8,1,0,0
STU06943,Feamle,19,MC,Day Scholar,35485,73.0,5.16,10,1,100.0,0,8,0,0,6,0,1,0
STU06944,Male,24,AIML,Day Scholar,184612,79.7,7.25,6,0,81.7,1,5,1,0,11,0,1,0
STU06945,Male,23,ECE,Hosteler,97505,95.4,8.16,65,0,78.2,1,6,1,0,1,0,0,0
STU06946,Male,21,MC,Day Scholar,70984,65.8,6.83,78,0,100.0,0,5,0,0,6,0,0,0
STU06947,Male,24,ECE,Day Scholar,197185,64.7,6.22,30,0,90.1,1,8,0,0,9,0,1,0
STU06948,Male,24,ECE,Hosteler,158677,94.3,7.83,45,0,44.4,0,9,0,0,5,1,0,0
STU06949,Feamle,20,ECE,Hosteler,119603,66.5,5.52,69,0,63.5,0,5,0,0,1,0,1,0
STU06950,Feamle,18,AIML,Day Scholar,101389,78.2,8.3,100,0,53.7,0,7,1,1,10,0,0,0
STU06951,Feamle,20,CSE,Day Scholar,175829,66.1,6.35,52,3,90.7,0,5,0,0,12,0,0,0
STU06952,Feamle,19,AIML,Hosteler,144142,49.8,3.82,92,0,100.0,0,3,0,0,4,2,0,1
STU06953,Feamle,22,MC,Day Scholar,64865,78.0,6.32,67,0,95.8,1,4,0,0,12,0,0,0
STU06954,Feamle,18,CSE,Day Scholar,82811,91.7,6.91,45,0,77.2,0,6,1,0,0,0,0,0
STU06955,Male,18,MC,Day Scholar,28337,74.1,7.83,36,0,100.0,0,6,0,1,14,0,1,0
STU06956,Feamle,22,CSE,Hosteler,97670,52.8,7.66,75,1,86.0,0,5,0,1,13,0,0,0
STU06957,Feamle,18,CSE,Hosteler,152911,76.6,5.06,26,0,98.2,0,10,1,0,10,0,0,0
STU06958,Feamle,22,AIML,Day Scholar,73102,63.7,7.18,24,2,87.9,1,9,0,0,2,3,0,0
STU06959,Feamle,18,ECE,Day Scholar,37702,35.7,6.2,11,0,58.1,1,6,0,0,0,0,0,0
STU06960,Male,24,ECE,Day Scholar,36359,73.8,6.46,59,1,72.1,0,6,0,0,6,1,0,0
STU06961,Male,23,CSE,Hosteler,108038,82.8,5.5,16,0,90.0,0,5,0,0,5,2,0,0
STU06962,Feamle,23,AIML,Day Scholar,52514,92.7,6.92,49,1,86.9,0,5,0,0,5,1,0,0
STU06963,Male,20,MC,Hosteler,194290,100.0,10.0,75,0,76.9,1,2,1,1,11,1,0,0
STU06964,Male,24,MC,Day Scholar,154012,84.8,9.78,94,0,71.7,0,3,0,1,13,0,0,0
STU06965,Feamle,18,ECE,Day Scholar,43953,89.0,5.5,8,0,91.9,0,3,0,1,11,1,0,0
STU06966,Feamle,21,ECE,Day Scholar,58226,55.7,7.1,82,0,99.9,3,10,0,0,5,2,1,1
STU06967,Feamle,22,MC,Hosteler,22052,99.3,6.53,28,1,85.4,0,6,0,0,14,0,0,0
STU06968,Feamle,24,MC,Hosteler,195884,94.0,7.21,24,2,100.0,1,5,1,0,10,0,0,0
STU06969,Feamle,18,AIML,Day Scholar,157377,69.5,8.37,14,1,100.0,0,3,0,1,4,0,0,0
STU06970,Male,23,MC,Day Scholar,159479,85.2,6.81,8,2,71.0,2,2,0,0,4,1,0,0
STU06971,Feamle,23,AIML,Day Scholar,20785,83.7,5.93,12,0,95.7,0,5,0,1,2,0,0,0
STU06972,Feamle,22,ECE,Day Scholar,142026,97.1,8.73,46,0,100.0,0,5,0,0,3,2,1,0
STU06973,Feamle,21,MC,Day Scholar,165344,72.7,5.15,43,0,64.0,1,5,0,0,8,2,0,0
STU06974,Male,18,ECE,Day Scholar,30491,63.8,7.28,2,0,92.2,0,14,0,0,9,0,1,0
STU06975,Feamle,18,CSE,Day Scholar,97480,67.7,4.77,73,0,46.2,1,6,0,1,3,1,0,0
STU06976,Feamle,21,CSE,Hosteler,154181,88.5,5.46,17,1,94.8,0,6,0,0,5,0,0,0
STU06977,Feamle,21,CSE,Day Scholar,163587,46.2,8.12,9,3,98.4,1,10,0,1,10,0,0,0
STU06978,Male,21,MC,Hosteler,140741,30.0,5.98,35,0,78.8,1,9,0,1,7,1,1,1
STU06979,Feamle,23,ECE,Day Scholar,188844,88.4,4.19,91,0,74.3,0,3,0,0,9,0,0,0
STU06980,Feamle,22,MC,Hosteler,173212,79.1,5.92,56,1,80.0,1,6,0,0,5,0,0,0
STU06981,Feamle,24,ECE,Day Scholar,92981,75.3,5.76,2,0,56.2,0,6,1,0,4,0,0,0
STU06982,Male,21,AIML,Day Scholar,53052,55.4,5.11,19,0,73.4,0,5,1,1,0,0,0,0
STU06983,Feamle,22,MC,Day Scholar,64541,49.4,7.83,17,0,77.9,1,8,0,0,14,2,0,0
STU06984,Feamle,20,CSE,Day Scholar,149672,65.5,4.68,48,1,96.0,0,5,1,0,0,0,0,0
STU06985,Feamle,18,AIML,Hosteler,153485,80.4,6.12,36,0,34.4,1,9,0,0,14,1,0,0
STU06986,Male,18,ECE,Day Scholar,169099,66.2,7.2,19,0,83.6,0,7,0,1,12,1,0,0
STU06987,Feamle,19,MC,Hosteler,160391,88.5,6.49,73,2,63.1,0,5,0,1,14,1,1,0
STU06988,Feamle,20,ECE,Hosteler,179120,60.7,6.39,97,0,80.9,0,6,0,1,3,1,1,0
STU06989,Feamle,24,ECE,Hosteler,181444,67.2,5.92,63,0,100.0,0,0,0,0,7,0,0,0
STU06990,Male,21,MC,Hosteler,91871,85.5,5.17,21,0,69.8,0,2,0,0,1,1,0,0
STU06991,Male,21,MC,Day Scholar,69795,69.3,6.04,20,1,53.0,0,8,1,0,5,0,0,0
STU06992,Feamle,24,ECE,Day Scholar,141999,70.1,7.99,96,1,47.9,1,8,0,0,7,1,0,0
STU06993,Male,23,ECE,Day Scholar,84394,65.3,6.35,79,0,82.7,0,7,1,0,5,0,0,0
STU06994,Male,20,AIML,Hosteler,112890,62.6,7.25,34,1,100.0,0,6,1,0,1,1,0,0
STU06995,Male,21,CSE,Hosteler,192057,80.3,8.68,99,1,46.8,0,5,0,0,14,0,0,0
STU06996,Feamle,19,ECE,Hosteler,128541,82.3,7.9,0,1,94.3,0,4,1,0,3,1,0,0
STU06997,Feamle,22,CSE,Hosteler,122241,78.4,5.09,11,1,66.5,0,5,1,0,7,0,1,0
STU06998,Male,18,AIML,Hosteler,90343,65.8,7.67,12,1,79.5,1,7,0,0,3,0,0,0
STU06999,Male,20,CSE,Hosteler,166022,72.0,8.57,7,1,100.0,1,7,0,0,13,2,0,0
STU07000,Male,18,CSE,Day Scholar,91872,98.9,6.13,30,0,73.8,0,2,0,1,6,0,0,0
STU07001,Feamle,22,AIML,Day Scholar,157596,53.7,4.62,4,1,89.6,0,7,0,1,0,0,0,1
STU07002,Feamle,20,ECE,Day Scholar,58490,100.0,6.34,43,1,67.7,1,5,0,0,8,1,0,0
STU07003,Male,22,CSE,Hosteler,70220,76.5,7.28,50,0,74.3,1,4,0,0,10,0,0,0
STU07004,Male,21,ECE,Day Scholar,192970,72.3,7.89,99,0,78.5,0,8,1,0,13,2,0,0
STU07005,Male,24,ECE,Day Scholar,187938,89.3,6.22,24,0,75.1,1,3,0,0,11,1,0,0
STU07006,Male,21,MC,Hosteler,35265,44.0,3.95,44,0,38.3,0,9,0,0,0,0,0,1
STU07007,Feamle,24,ECE,Hosteler,113759,95.7,5.09,12,1,82.1,1,6,0,0,9,0,0,0
STU07008,Male,21,ECE,Hosteler,49830,100.0,7.54,34,0,91.8,0,3,0,0,11,0,0,0
STU07009,Feamle,22,CSE,Hosteler,99138,91.3,9.99,31,1,82.8,1,11,1,0,11,3,0,0
STU07010,Male,22,ECE,Day Scholar,161589,43.5,6.97,71,1,97.6,2,8,0,1,8,0,1,0
STU07011,Male,22,ECE,Hosteler,159167,86.5,8.97,21,0,86.1,0,5,0,0,4,0,0,0
STU07012,Male,18,MC,Day Scholar,67385,99.7,5.41,5,0,52.2,0,5,1,0,3,1,1,0
STU07013,Male,22,MC,Hosteler,70295,98.1,6.03,48,0,71.8,0,5,1,0,6,0,0,0
STU07014,Male,21,CSE,Day Scholar,42277,53.9,3.49,10,0,60.5,0,3,0,0,14,0,0,1
STU07015,Feamle,19,CSE,Hosteler,109261,90.2,7.55,70,2,27.8,0,4,1,0,3,2,1,0
STU07016,Male,22,MC,Day Scholar,116714,100.0,5.66,14,0,100.0,0,3,0,1,11,0,0,0
STU07017,Male,19,MC,Hosteler,191637,75.4,7.9,67,0,100.0,1,6,0,0,4,0,0,0
STU07018,Male,24,AIML,Hosteler,121048,53.2,6.25,39,0,66.5,0,7,0,0,13,0,0,0
STU07019,Feamle,21,ECE,Day Scholar,199954,87.4,10.0,33,0,84.0,3,3,0,0,10,0,0,0
STU07020,Feamle,22,CSE,Day Scholar,73822,90.8,9.69,85,1,61.7,0,6,0,0,7,0,1,0
STU07021,Feamle,18,CSE,Hosteler,21920,72.9,3.54,29,1,84.4,0,6,1,0,0,0,0,0
STU07022,Feamle,18,ECE,Day Scholar,160948,57.1,7.89,18,1,100.0,1,5,0,0,4,0,0,0
STU07023,Male,24,ECE,Day Scholar,173068,89.7,5.89,100,0,90.1,1,4,1,0,13,0,1,0
STU07024,Male,19,CSE,Day Scholar,157491,63.5,7.97,61,1,100.0,1,5,0,0,3,0,0,0
STU07025,Male,23,MC,Day Scholar,29160,81.0,4.98,61,1,100.0,2,6,1,0,10,0,0,0
STU07026,Feamle,18,MC,Day Scholar,51706,98.4,9.16,37,2,100.0,1,9,0,0,3,0,1,0
STU07027,Male,18,ECE,Hosteler,190012,50.1,8.55,29,0,86.3,1,6,1,1,1,1,0,0
STU07028,Male,18,CSE,Hosteler,58698,88.6,4.88,31,0,63.0,1,4,0,0,8,1,0,0
STU07029,Feamle,21,ECE,Hosteler,195347,71.9,6.73,82,0,67.1,0,3,1,0,11,0,0,0
STU07030,Feamle,18,MC,Day Scholar,198496,72.3,7.24,24,0,77.0,0,4,0,0,3,0,0,0
STU07031,Feamle,20,AIML,Day Scholar,188578,82.7,8.08,100,0,74.5,0,3,0,0,13,0,0,0
STU07032,Male,22,AIML,Day Scholar,42879,63.4,6.98,86,0,52.0,0,5,0,0,7,0,0,0
STU07033,Male,24,MC,Day Scholar,171845,57.4,8.18,11,0,79.6,0,3,0,0,0,1,0,0
STU07034,Feamle,18,ECE,Day Scholar,98570,48.2,6.89,8,0,82.6,1,5,0,0,11,0,1,1
STU07035,Male,23,AIML,Day Scholar,23884,93.5,7.92,36,1,62.0,0,2,1,1,0,0,1,0
STU07036,Feamle,23,MC,Day Scholar,119036,69.4,4.95,16,1,78.8,1,6,0,0,7,1,0,0
STU07037,Feamle,18,CSE,Day Scholar,51803,83.5,6.96,34,0,56.6,1,6,1,0,13,0,1,0
STU07038,Male,18,ECE,Hosteler,171135,67.7,8.73,93,0,84.9,0,6,0,1,11,0,1,0
STU07039,Feamle,20,ECE,Day Scholar,40236,57.6,9.12,59,0,63.5,0,4,0,0,8,0,0,0
STU07040,Feamle,18,AIML,Day Scholar,182334,84.8,7.26,3,0,86.5,2,6,0,0,1,0,0,0
STU07041,Feamle,18,ECE,Day Scholar,122003,79.9,6.85,40,0,92.1,1,2,0,0,11,0,0,0
STU07042,Male,22,AIML,Day Scholar,90717,71.4,9.05,67,0,96.1,0,9,1,0,9,0,0,0
STU07043,Feamle,23,AIML,Day Scholar,142001,79.5,6.85,87,1,100.0,0,4,1,0,3,0,0,0
STU07044,Feamle,20,MC,Day Scholar,38484,60.6,8.72,2,0,89.4,0,2,0,1,3,1,0,0
STU07045,Feamle,23,AIML,Day Scholar,128388,90.9,6.84,8,1,79.2,1,8,0,0,7,0,1,0
STU07046,Feamle,20,CSE,Hosteler,33280,94.4,7.06,10,0,98.6,0,5,0,0,2,0,0,0
STU07047,Feamle,23,ECE,Hosteler,22754,86.4,5.34,95,0,48.4,0,6,0,0,6,1,0,0
STU07048,Feamle,18,AIML,Day Scholar,70258,69.4,5.13,60,0,71.4,0,5,0,0,4,0,0,0
STU07049,Feamle,23,ECE,Day Scholar,63386,75.9,8.47,92,0,70.4,0,7,0,1,0,0,0,0
STU07050,Male,23,AIML,Day Scholar,51365,98.5,9.58,97,0,64.4,1,4,1,0,14,0,0,0
STU07051,Male,20,MC,Day Scholar,101353,94.2,7.16,97,1,75.7,0,2,0,0,13,0,0,0
STU07052,Feamle,24,CSE,Day Scholar,180676,100.0,6.75,20,1,100.0,0,3,0,0,3,0,0,0
STU07053,Male,19,ECE,Hosteler,21803,63.3,8.53,24,1,75.5,0,5,1,0,9,1,0,0
STU07054,Male,20,MC,Day Scholar,144907,61.9,7.51,84,2,90.2,1,4,0,0,8,0,0,0
STU07055,Feamle,20,ECE,Day Scholar,159344,77.0,3.4,61,1,63.5,0,4,1,0,4,0,0,0
STU07056,Male,20,MC,Day Scholar,141345,81.1,8.49,83,0,64.8,1,4,0,0,6,1,0,0
STU07057,Feamle,21,CSE,Day Scholar,125210,72.9,4.99,23,1,61.5,1,3,0,0,2,1,0,0
STU07058,Feamle,24,AIML,Day Scholar,47117,69.2,6.98,68,1,65.2,1,10,0,0,7,3,0,0
STU07059,Feamle,21,MC,Day Scholar,195771,94.0,6.34,40,1,100.0,1,7,0,1,12,0,0,0
STU07060,Feamle,21,ECE,Hosteler,27204,73.6,6.04,56,0,72.2,0,4,1,0,6,0,1,0
STU07061,Feamle,20,ECE,Hosteler,82519,56.8,7.07,65,0,64.8,0,3,0,0,2,0,0,0
STU07062,Male,19,MC,Hosteler,182936,58.5,8.34,8,0,89.2,1,4,1,0,4,0,0,0
STU07063,Feamle,20,CSE,Hosteler,70386,78.7,7.05,7,1,82.1,1,5,0,0,9,2,0,0
STU07064,Male,18,CSE,Hosteler,36486,100.0,9.11,95,0,100.0,0,4,0,0,11,0,0,0
STU07065,Feamle,19,AIML,Hosteler,165846,60.4,9.3,57,0,87.2,1,5,0,0,13,0,0,0
STU07066,Feamle,21,AIML,Day Scholar,123216,70.3,9.29,70,0,100.0,1,8,0,0,12,0,0,0
STU07067,Feamle,23,ECE,Day Scholar,165445,100.0,6.92,37,0,56.7,1,5,0,0,7,0,0,0
STU07068,Male,23,ECE,Day Scholar,188748,67.7,6.28,19,1,78.0,1,3,1,0,3,1,0,0
STU07069,Feamle,24,AIML,Day Scholar,23691,81.8,6.95,46,0,94.6,1,2,0,0,3,1,0,0
STU07070,Feamle,22,AIML,Day Scholar,64445,100.0,8.69,78,0,66.5,1,5,0,0,9,0,0,0
STU07071,Feamle,24,AIML,Day Scholar,176895,60.7,8.6,27,0,81.8,0,0,0,1,13,1,1,0
STU07072,Feamle,19,MC,Day Scholar,121368,70.4,3.11,94,0,56.4,2,7,0,0,9,0,0,0
STU07073,Male,21,AIML,Hosteler,74564,67.7,7.46,59,0,78.9,0,2,1,0,9,0,1,0
STU07074,Feamle,19,MC,Day Scholar,107071,52.2,3.45,21,0,50.7,1,1,0,0,9,1,0,1
STU07075,Male,19,MC,Day Scholar,157098,98.5,6.97,50,1,64.5,0,2,1,0,11,0,0,0
STU07076,Feamle,23,AIML,Day Scholar,194568,66.2,6.21,23,1,54.5,0,9,1,1,5,0,0,0
STU07077,Male,20,CSE,Hosteler,34073,61.9,5.74,97,1,75.5,0,6,0,0,6,1,0,0
STU07078,Male,18,CSE,Day Scholar,172908,68.3,8.27,72,0,90.5,0,5,0,0,2,0,0,0
STU07079,Feamle,22,ECE,Hosteler,158256,88.9,6.03,60,1,52.5,0,6,0,0,14,2,0,0
STU07080,Feamle,21,AIML,Hosteler,21789,76.7,6.99,1,2,89.5,0,2,1,0,12,0,1,0
STU07081,Male,19,ECE,Day Scholar,50353,63.1,5.6,88,0,67.8,0,4,0,1,11,0,0,0
STU07082,Feamle,22,AIML,Day Scholar,46340,81.1,7.11,75,1,37.4,0,5,1,0,6,1,0,0
STU07083,Feamle,19,ECE,Day Scholar,67343,87.2,8.44,54,0,95.1,1,3,0,0,9,0,0,0
STU07084,Feamle,23,MC,Day Scholar,179005,74.6,5.68,3,1,87.6,0,6,0,0,0,0,1,0
STU07085,Male,18,AIML,Day Scholar,164758,71.5,7.96,57,0,72.3,0,4,1,0,6,1,1,0
STU07086,Feamle,23,CSE,Day Scholar,180330,90.2,7.08,12,0,97.2,2,6,0,1,2,0,0,0
STU07087,Feamle,22,AIML,Hosteler,145877,72.3,7.07,92,0,100.0,0,10,0,0,6,0,0,0
STU07088,Feamle,21,ECE,Hosteler,53027,99.1,6.47,95,0,82.2,0,8,1,0,13,1,0,0
STU07089,Male,19,ECE,Day Scholar,169374,63.6,8.16,26,1,100.0,0,4,1,0,13,0,0,0
STU07090,Feamle,18,ECE,Day Scholar,141192,63.3,8.01,29,2,47.3,0,10,0,0,2,1,0,0
STU07091,Male,23,ECE,Hosteler,198074,61.4,6.8,61,1,88.0,1,1,1,0,5,3,0,0
STU07092,Feamle,22,ECE,Hosteler,110095,71.4,7.3,64,0,89.3,1,5,0,0,12,0,0,0
STU07093,Male,23,ECE,Day Scholar,150563,75.0,8.11,10,0,89.0,2,1,1,1,11,0,0,0
STU07094,Feamle,19,CSE,Day Scholar,133570,55.1,7.81,86,0,51.8,0,6,0,0,0,0,0,0
STU07095,Feamle,19,ECE,Day Scholar,46362,76.5,6.54,48,0,68.9,0,5,0,0,6,0,0,0
STU07096,Male,21,CSE,Day Scholar,27252,83.5,8.75,16,1,86.3,0,2,0,0,12,0,0,0
STU07097,Male,18,AIML,Hosteler,141918,53.0,8.3,14,1,78.5,1,5,0,1,3,0,1,0
STU07098,Male,20,MC,Day Scholar,35090,67.2,10.0,26,0,73.0,2,2,1,1,4,2,0,0
STU07099,Feamle,23,CSE,Day Scholar,55110,83.5,4.65,9,3,93.1,0,2,0,0,11,0,0,0
STU07100,Feamle,19,AIML,Hosteler,93627,58.7,8.05,79,1,66.2,0,4,0,0,12,0,0,0
STU07101,Feamle,22,MC,Day Scholar,72385,70.3,8.73,100,0,72.0,1,5,1,1,10,0,0,0
STU07102,Feamle,23,CSE,Day Scholar,25024,91.3,8.51,27,1,91.4,2,4,0,1,9,2,0,0
STU07103,Male,21,CSE,Day Scholar,31441,100.0,6.62,1,2,100.0,2,5,0,0,12,0,0,0
STU07104,Feamle,21,AIML,Hosteler,193383,81.6,4.96,34,0,85.9,0,5,0,0,3,0,0,0
STU07105,Feamle,19,ECE,Day Scholar,178459,72.5,9.31,14,0,100.0,0,3,1,0,6,0,0,0
STU07106,Feamle,19,CSE,Day Scholar,87825,67.5,6.28,58,1,100.0,0,6,0,1,7,0,1,0
STU07107,Feamle,19,CSE,Day Scholar,136053,88.7,6.56,74,0,100.0,1,3,1,0,7,0,0,0
STU07108,Feamle,24,AIML,Hosteler,96890,92.0,10.0,32,0,59.8,0,8,1,0,6,1,0,0
STU07109,Feamle,20,ECE,Day Scholar,162363,57.7,5.09,54,0,78.1,0,2,0,0,2,0,0,1
STU07110,Feamle,19,MC,Day Scholar,147434,88.7,8.23,79,0,82.7,0,9,0,0,6,2,0,0
STU07111,Male,23,ECE,Hosteler,182458,65.9,5.87,74,1,59.9,0,5,0,1,13,0,0,0
STU07112,Feamle,23,ECE,Hosteler,136096,62.1,5.84,83,1,76.0,2,6,0,0,13,1,0,0
STU07113,Feamle,24,AIML,Day Scholar,29702,72.7,7.25,51,2,66.2,0,5,1,0,4,0,0,0
STU07114,Feamle,24,ECE,Hosteler,118523,89.9,8.01,18,0,37.0,0,4,0,1,1,1,0,0
STU07115,Feamle,18,AIML,Day Scholar,124711,79.6,8.43,38,0,58.8,0,4,1,0,3,0,0,0
STU07116,Male,22,MC,Hosteler,194200,79.2,8.62,86,0,80.5,0,4,0,0,7,1,0,0
STU07117,Male,19,CSE,Hosteler,131895,80.3,5.94,59,0,100.0,1,6,0,0,12,0,0,0
STU07118,Male,23,CSE,Day Scholar,47762,82.0,5.28,9,1,53.8,1,4,1,0,6,0,1,0
STU07119,Male,24,AIML,Hosteler,154311,73.3,6.49,71,1,100.0,1,6,0,0,3,1,1,0
STU07120,Male,23,AIML,Day Scholar,32567,84.5,7.52,65,0,80.0,2,6,0,1,7,0,0,0
STU07121,Male,23,ECE,Day Scholar,105737,65.1,6.69,55,1,77.3,1,5,1,0,3,1,0,0
STU07122,Feamle,24,ECE,Day Scholar,26857,84.8,1.55,6,0,63.2,0,7,1,0,12,2,1,1
STU07123,Male,20,CSE,Day Scholar,85603,87.9,4.26,89,0,71.1,2,3,0,0,13,0,0,0
STU07124,Male,24,CSE,Day Scholar,95399,85.5,6.64,39,0,74.9,0,3,0,0,6,1,0,0
STU07125,Feamle,24,CSE,Hosteler,78086,86.3,8.28,18,0,94.6,0,6,0,1,4,0,0,0
STU07126,Male,22,AIML,Day Scholar,109145,82.0,5.64,69,0,76.9,0,6,1,0,1,0,0,0
STU07127,Feamle,24,MC,Hosteler,52270,92.6,8.1,96,0,100.0,1,2,0,0,12,0,0,0
STU07128,Feamle,21,MC,Day Scholar,140071,40.9,4.76,10,1,56.8,1,7,0,1,1,0,0,1
STU07129,Male,24,AIML,Day Scholar,22012,87.8,7.38,51,0,100.0,1,7,0,0,10,0,0,0
STU07130,Feamle,23,ECE,Day Scholar,79049,100.0,7.39,99,0,65.7,1,3,0,0,14,0,0,0
STU07131,Male,19,MC,Hosteler,104989,65.7,7.7,11,1,67.7,0,3,0,1,14,0,0,0
STU07132,Male,23,ECE,Hosteler,109586,64.0,5.49,91,0,88.3,1,4,1,0,6,0,0,0
STU07133,Feamle,22,CSE,Day Scholar,59080,94.3,4.68,61,0,56.6,2,6,0,0,5,0,0,0
STU07134,Feamle,21,CSE,Hosteler,76879,61.1,8.09,72,0,100.0,0,3,0,0,0,1,0,0
STU07135,Male,24,ECE,Day Scholar,85888,65.0,4.71,22,0,77.7,0,3,0,0,8,0,0,0
STU07136,Feamle,20,CSE,Day Scholar,135951,77.5,5.84,39,0,82.4,0,6,0,1,8,3,1,0
STU07137,Feamle,18,AIML,Hosteler,169282,63.0,9.09,69,1,80.6,2,5,0,0,6,0,1,0
STU07138,Male,24,ECE,Hosteler,57146,88.1,7.25,49,1,99.1,0,4,0,0,9,1,0,0
STU07139,Male,19,ECE,Day Scholar,136293,63.1,7.55,63,2,63.7,0,3,1,0,8,1,0,0
STU07140,Feamle,18,ECE,Day Scholar,113948,80.4,7.94,18,0,55.9,0,7,0,0,11,0,0,0
STU07141,Male,20,MC,Hosteler,56166,79.3,7.88,83,0,83.8,1,8,1,0,10,0,0,0
STU07142,Male,22,ECE,Hosteler,139239,100.0,6.97,17,1,77.4,0,2,0,0,13,0,0,0
STU07143,Male,22,ECE,Hosteler,154078,92.5,5.65,26,0,71.9,3,6,0,0,10,0,0,0
STU07144,Male,20,ECE,Hosteler,152076,67.1,10.0,96,1,98.9,2,7,0,1,8,0,0,0
STU07145,Male,23,MC,Day Scholar,198652,56.0,6.56,92,0,72.9,0,6,0,0,7,0,1,0
STU07146,Male,20,CSE,Day Scholar,157039,87.6,7.5,72,1,52.1,1,8,0,1,13,0,0,0
STU07147,Male,24,MC,Day Scholar,185918,65.2,7.66,43,0,100.0,0,4,0,0,3,0,1,0
STU07148,Feamle,19,AIML,Day Scholar,38879,70.0,6.2,57,1,65.1,0,8,0,0,1,0,0,0
STU07149,Male,21,ECE,Hosteler,22261,59.1,6.36,61,0,92.2,1,8,0,0,13,0,0,0
STU07150,Feamle,24,AIML,Day Scholar,179412,85.2,9.23,49,0,77.5,0,4,0,0,14,0,0,0
STU07151,Feamle,24,MC,Day Scholar,52323,65.3,5.89,90,1,29.9,0,7,0,0,1,0,0,0
STU07152,Feamle,24,CSE,Day Scholar,55864,74.5,7.62,52,0,64.4,0,6,0,0,8,0,1,0
STU07153,Male,18,CSE,Day Scholar,27927,74.7,8.34,60,0,75.9,0,2,0,0,10,0,1,0
STU07154,Male,18,ECE,Day Scholar,186284,77.8,6.68,74,0,29.1,1,1,0,0,8,3,1,0
STU07155,Feamle,22,CSE,Day Scholar,102256,84.9,6.86,49,0,58.0,1,0,0,0,7,0,0,0
STU07156,Male,24,MC,Hosteler,104903,71.4,8.44,53,0,67.5,0,8,1,0,14,0,0,0
STU07157,Feamle,23,MC,Day Scholar,192999,63.9,6.79,41,1,73.5,0,8,0,0,1,0,0,0
STU07158,Male,22,CSE,Day Scholar,141686,47.1,3.88,58,0,100.0,2,5,1,0,10,0,0,1
STU07159,Male,19,ECE,Day Scholar,74150,76.5,9.26,7,0,75.1,1,4,0,0,2,0,0,0
STU07160,Feamle,20,ECE,Day Scholar,127167,72.6,5.54,13,0,68.2,0,6,0,0,8,1,0,0
STU07161,Feamle,18,MC,Day Scholar,33056,64.3,7.32,12,0,98.0,1,5,1,0,13,1,0,0
STU07162,Feamle,24,CSE,Day Scholar,161934,75.9,5.02,70,0,62.9,2,3,0,0,6,0,0,0
STU07163,Male,19,MC,Day Scholar,30798,87.8,6.23,78,1,100.0,0,5,1,1,5,1,0,0
STU07164,Feamle,22,MC,Day Scholar,126491,91.7,6.35,43,0,65.1,1,4,0,0,8,0,0,0
STU07165,Male,22,AIML,Day Scholar,71747,52.0,7.26,42,0,72.1,1,3,1,0,2,0,0,0
STU07166,Male,18,MC,Day Scholar,55738,69.6,5.68,17,0,75.2,1,3,0,0,1,2,1,0
STU07167,Male,22,ECE,Hosteler,37227,89.4,9.97,35,1,92.2,0,5,1,1,10,0,1,0
STU07168,Feamle,23,CSE,Day Scholar,185465,98.9,7.04,30,2,97.4,0,5,0,1,11,0,0,0
STU07169,Feamle,22,CSE,Day Scholar,103800,62.7,8.32,3,1,86.3,1,4,1,0,2,0,0,0
STU07170,Feamle,21,AIML,Day Scholar,146531,95.7,6.99,76,1,69.3,1,4,1,0,12,0,0,0
STU07171,Male,20,AIML,Hosteler,79461,54.7,8.5,38,0,56.4,1,8,0,1,12,0,0,1
STU07172,Male,22,ECE,Day Scholar,77848,92.2,3.85,93,0,87.0,1,3,0,0,4,2,0,0
STU07173,Feamle,21,AIML,Hosteler,44685,70.8,5.94,54,0,90.8,1,5,1,0,11,0,0,0
STU07174,Male,19,MC,Day Scholar,111517,98.4,6.22,18,1,97.7,0,7,0,0,11,0,0,0
STU07175,Male,22,MC,Hosteler,139180,68.0,6.21,67,2,53.4,1,4,0,0,12,0,0,0
STU07176,Feamle,23,ECE,Day Scholar,23480,70.4,7.78,64,0,80.6,0,8,0,0,6,0,0,0
STU07177,Feamle,19,CSE,Hosteler,35860,73.0,7.88,39,0,55.3,0,2,0,0,10,0,0,0
STU07178,Feamle,24,ECE,Hosteler,88578,51.9,6.89,95,1,82.9,2,5,0,0,5,0,0,0
STU07179,Male,22,AIML,Day Scholar,77230,48.6,6.93,75,0,68.6,0,5,1,0,11,0,0,0
STU07180,Male,18,CSE,Hosteler,77026,82.7,10.0,75,0,66.1,1,2,1,0,12,2,0,0
STU07181,Male,21,CSE,Day Scholar,26564,89.8,7.49,83,1,100.0,0,3,0,0,7,2,1,0
STU07182,Male,21,CSE,Day Scholar,40012,84.1,3.66,74,1,100.0,0,6,0,0,9,0,1,0
STU07183,Male,18,AIML,Day Scholar,74169,56.2,8.16,29,2,84.2,0,4,0,0,2,0,0,0
STU07184,Feamle,20,MC,Hosteler,46341,82.2,7.84,94,0,68.2,1,4,1,0,13,0,0,0
STU07185,Male,24,MC,Day Scholar,66841,60.1,8.74,27,2,94.5,1,6,0,0,2,0,1,0
STU07186,Male,23,AIML,Hosteler,112584,81.1,7.9,48,1,98.0,1,4,0,1,9,1,0,0
STU07187,Male,21,AIML,Day Scholar,63335,92.0,5.64,92,0,79.6,0,11,1,0,2,0,0,0
STU07188,Feamle,19,ECE,Day Scholar,75155,80.5,8.34,40,1,96.2,0,5,0,1,10,1,1,0
STU07189,Feamle,23,ECE,Hosteler,118314,97.0,7.15,85,0,80.3,0,6,0,0,13,1,0,0
STU07190,Feamle,21,MC,Day Scholar,49527,72.8,8.57,48,0,69.3,1,4,0,0,0,0,0,0
STU07191,Male,24,AIML,Hosteler,115466,71.8,9.32,28,2,86.0,0,4,0,0,4,0,1,0
STU07192,Feamle,20,ECE,Day Scholar,199847,76.0,6.82,0,1,57.7,0,6,1,0,14,0,0,0
STU07193,Feamle,24,AIML,Day Scholar,70653,54.9,8.31,84,0,60.8,0,7,1,1,0,1,0,0
STU07194,Feamle,19,AIML,Day Scholar,175776,69.0,8.55,30,0,47.7,1,6,0,0,13,1,0,0
STU07195,Male,24,MC,Day Scholar,121907,70.3,7.24,26,0,100.0,3,1,0,0,10,0,0,0
STU07196,Feamle,23,MC,Day Scholar,53057,70.7,9.94,34,0,69.4,0,3,0,0,8,0,0,0
STU07197,Male,19,AIML,Day Scholar,123992,79.0,8.57,7,1,100.0,2,3,0,1,12,0,0,0
STU07198,Male,18,CSE,Day Scholar,27393,52.8,6.12,39,0,41.2,1,5,0,1,13,0,0,0
STU07199,Feamle,22,CSE,Day Scholar,95404,57.8,7.39,57,0,100.0,1,2,0,1,6,0,0,0
STU07200,Male,18,AIML,Day Scholar,191445,92.0,8.29,71,0,75.6,0,8,0,0,14,0,0,0
STU07201,Feamle,23,MC,Day Scholar,111956,44.9,9.88,5,0,85.8,0,9,0,0,7,0,0,0
STU07202,Male,22,CSE,Hosteler,104613,84.2,7.93,14,0,55.7,0,4,1,0,1,0,0,0
STU07203,Feamle,18,MC,Hosteler,79171,69.4,7.43,20,1,76.7,0,8,0,0,0,0,1,0
STU07204,Feamle,22,CSE,Hosteler,49336,77.4,8.9,36,0,66.9,0,5,0,0,9,0,0,0
STU07205,Feamle,21,AIML,Day Scholar,164057,98.4,6.67,69,1,61.6,1,7,1,1,1,1,0,0
STU07206,Male,24,ECE,Hosteler,32014,73.0,5.52,53,1,73.8,0,2,1,0,14,0,0,0
STU07207,Feamle,19,ECE,Day Scholar,159446,84.4,8.06,28,4,46.1,1,6,1,0,7,0,1,0
STU07208,Male,22,MC,Day Scholar,173371,75.9,6.43,57,0,100.0,0,5,0,0,7,1,0,0
STU07209,Feamle,21,MC,Day Scholar,111513,73.4,10.0,88,0,74.6,0,8,1,0,5,0,0,0
STU07210,Male,24,CSE,Day Scholar,178403,71.5,7.38,86,1,100.0,1,6,0,0,6,0,0,0
STU07211,Male,24,AIML,Hosteler,156656,85.5,8.06,90,1,100.0,1,7,0,0,13,0,0,0
STU07212,Feamle,20,CSE,Day Scholar,164037,64.0,6.06,86,0,66.0,0,6,0,0,8,0,0,0
STU07213,Feamle,18,AIML,Day Scholar,104769,58.0,8.9,18,1,87.1,2,8,0,0,13,0,0,0
STU07214,Feamle,20,AIML,Day Scholar,171891,76.1,6.96,91,1,89.5,2,5,0,1,1,0,0,0
STU07215,Feamle,23,MC,Day Scholar,146092,77.9,6.81,33,2,54.9,0,4,0,0,9,0,0,0
STU07216,Feamle,21,ECE,Hosteler,48782,47.6,6.85,57,0,97.0,0,5,0,0,5,0,1,0
STU07217,Male,20,ECE,Day Scholar,130463,74.8,5.06,70,0,100.0,1,5,0,0,3,1,0,0
STU07218,Feamle,20,MC,Hosteler,105847,56.6,6.62,12,1,71.5,1,6,0,0,4,0,0,0
STU07219,Feamle,24,ECE,Day Scholar,108434,84.4,7.82,3,0,88.9,0,3,0,0,8,0,0,0
STU07220,Male,21,MC,Hosteler,80773,47.9,4.68,10,3,82.5,0,7,0,0,14,0,0,1
STU07221,Feamle,24,CSE,Day Scholar,174896,100.0,8.53,49,0,76.0,0,3,0,1,9,0,0,0
STU07222,Feamle,19,AIML,Hosteler,34110,69.9,6.6,20,0,100.0,1,5,1,0,12,2,0,0
STU07223,Male,22,ECE,Day Scholar,198779,62.0,7.37,59,1,66.2,0,6,0,0,0,0,1,0
STU07224,Feamle,23,ECE,Hosteler,108512,70.8,3.65,20,0,72.5,0,6,1,0,7,3,0,0
STU07225,Feamle,23,CSE,Day Scholar,25825,83.3,7.34,42,0,51.9,2,5,0,1,6,0,0,0
STU07226,Feamle,18,CSE,Day Scholar,154560,88.4,5.44,44,0,70.5,0,1,0,1,3,2,0,0
STU07227,Male,24,ECE,Hosteler,87431,70.9,6.47,41,1,99.3,1,7,0,1,1,1,0,0
STU07228,Feamle,22,ECE,Hosteler,88444,53.4,4.65,25,1,77.7,0,4,0,0,3,0,0,1
STU07229,Male,18,MC,Day Scholar,86947,56.8,5.68,30,1,67.7,0,4,1,0,11,0,0,0
STU07230,Feamle,23,MC,Hosteler,156529,79.3,6.75,48,0,42.5,0,3,1,1,5,0,0,0
STU07231,Male,22,ECE,Day Scholar,58216,89.8,6.59,67,1,49.3,0,7,1,1,8,0,0,0
STU07232,Feamle,20,MC,Day Scholar,113230,91.8,8.33,2,0,52.8,0,3,0,0,9,2,0,0
STU07233,Male,19,CSE,Hosteler,28847,77.5,4.2,38,0,81.0,0,9,0,1,2,2,0,0
STU07234,Male,20,AIML,Hosteler,192381,89.5,6.92,47,0,100.0,2,7,0,0,2,1,1,0
STU07235,Male,19,MC,Day Scholar,34658,100.0,6.85,20,0,92.4,2,8,0,0,8,0,0,0
STU07236,Male,24,AIML,Hosteler,146878,92.9,6.31,17,1,77.4,1,5,0,0,12,1,0,0
STU07237,Male,21,MC,Hosteler,168599,88.8,5.63,96,0,95.6,0,2,0,1,2,1,1,0
STU07238,Male,18,ECE,Hosteler,49676,62.9,8.65,34,0,69.5,0,7,0,0,11,0,0,0
STU07239,Feamle,18,MC,Hosteler,167853,89.4,10.0,31,2,23.6,0,5,0,0,13,0,0,0
STU07240,Feamle,21,AIML,Hosteler,20645,81.9,4.43,54,0,94.5,2,5,0,0,13,1,0,0
STU07241,Male,22,AIML,Day Scholar,117476,84.8,5.61,10,1,98.1,1,4,0,1,1,0,0,0
STU07242,Male,21,ECE,Day Scholar,98236,93.9,5.49,57,1,56.8,0,2,0,0,6,0,1,0
STU07243,Male,24,AIML,Day Scholar,175062,80.4,6.58,94,0,82.0,1,7,0,0,11,0,1,0
STU07244,Male,23,ECE,Hosteler,38618,73.5,8.88,93,0,100.0,0,2,0,1,12,0,0,0
STU07245,Feamle,21,ECE,Hosteler,81859,59.0,7.79,37,0,52.3,1,6,0,1,3,0,1,0
STU07246,Male,19,AIML,Day Scholar,78827,70.6,6.77,45,3,100.0,0,3,0,0,14,0,0,0
STU07247,Feamle,23,CSE,Day Scholar,117389,78.2,7.02,19,0,97.6,0,4,0,0,5,0,0,0
STU07248,Feamle,21,AIML,Hosteler,145114,79.2,6.52,25,1,100.0,1,6,0,0,3,0,0,0
STU07249,Male,18,AIML,Day Scholar,116726,78.7,8.11,10,1,100.0,1,6,0,0,0,0,0,0
STU07250,Male,20,MC,Day Scholar,148077,89.4,8.29,65,1,63.1,1,5,0,0,11,1,0,0
STU07251,Feamle,19,AIML,Day Scholar,153034,88.0,7.89,80,1,96.6,0,5,1,0,12,0,0,0
STU07252,Feamle,24,MC,Hosteler,148373,74.1,3.71,87,1,55.0,0,8,1,0,13,0,0,0
STU07253,Male,19,MC,Day Scholar,190313,62.3,7.02,93,0,67.8,1,7,1,0,14,0,0,0
STU07254,Male,22,AIML,Day Scholar,146076,80.8,6.72,36,1,100.0,0,8,0,0,0,0,0,0
STU07255,Male,20,ECE,Day Scholar,191323,100.0,8.49,5,1,95.1,0,3,1,1,7,0,0,0
STU07256,Feamle,19,CSE,Day Scholar,82397,79.8,7.36,53,1,67.5,0,7,1,0,8,0,0,0
STU07257,Feamle,21,AIML,Hosteler,89951,70.6,7.84,86,1,62.0,1,8,0,0,5,0,0,0
STU07258,Male,19,AIML,Day Scholar,75770,83.0,6.26,46,1,79.7,0,4,0,0,13,0,0,0
STU07259,Feamle,19,ECE,Day Scholar,51545,83.9,8.41,98,0,64.7,0,6,0,1,10,0,0,0
STU07260,Feamle,19,MC,Day Scholar,28705,83.8,8.85,46,1,44.5,0,8,0,0,13,0,1,0
STU07261,Male,22,ECE,Day Scholar,30704,95.6,4.56,25,1,77.5,1,2,0,1,5,2,0,0
STU07262,Male,19,ECE,Day Scholar,183191,80.8,5.06,24,0,53.8,0,5,0,1,7,0,0,0
STU07263,Feamle,19,MC,Hosteler,48671,94.9,8.14,35,0,69.3,1,5,1,0,10,0,0,0
STU07264,Feamle,22,AIML,Hosteler,41203,78.5,6.74,20,0,100.0,1,7,0,0,2,0,0,0
STU07265,Male,23,ECE,Day Scholar,101927,97.7,8.54,57,0,70.7,0,6,0,0,1,0,0,0
STU07266,Male,20,ECE,Hosteler,140503,93.1,7.36,42,0,50.9,2,5,1,0,6,1,1,0
STU07267,Male,24,AIML,Hosteler,112115,88.8,8.04,22,0,93.2,0,8,0,0,2,2,0,0
STU07268,Male,23,AIML,Day Scholar,32451,86.8,5.88,64,0,82.8,0,7,1,0,0,0,0,0
STU07269,Male,18,CSE,Day Scholar,175588,100.0,7.51,58,1,100.0,0,6,0,1,0,2,1,0
STU07270,Feamle,22,ECE,Hosteler,131372,91.1,7.51,60,0,80.0,0,4,0,0,2,1,0,0
STU07271,Feamle,22,CSE,Day Scholar,140102,62.3,5.97,73,1,80.7,0,4,0,0,14,0,0,0
STU07272,Feamle,19,MC,Hosteler,116613,78.7,8.5,88,0,86.2,1,2,0,0,0,0,0,0
STU07273,Feamle,19,AIML,Hosteler,95856,71.0,4.16,85,1,100.0,0,7,1,0,11,0,0,0
STU07274,Male,24,AIML,Hosteler,78642,100.0,7.31,71,0,57.9,0,4,0,0,1,0,0,0
STU07275,Male,18,CSE,Hosteler,197048,93.8,5.06,63,0,100.0,1,6,0,0,9,0,0,0
STU07276,Male,19,ECE,Day Scholar,170402,100.0,5.47,32,1,83.7,1,0,1,0,1,0,0,0
STU07277,Feamle,21,MC,Day Scholar,107656,63.6,8.48,75,0,95.9,1,5,0,1,14,0,1,0
STU07278,Feamle,19,ECE,Day Scholar,54612,91.5,5.35,47,0,55.4,1,8,0,0,3,0,0,0
STU07279,Feamle,19,ECE,Hosteler,138299,54.5,5.29,38,0,64.1,0,6,1,0,2,2,0,1
STU07280,Male,21,CSE,Day Scholar,182862,51.1,7.87,11,1,46.8,1,4,0,0,6,0,1,0
STU07281,Feamle,18,ECE,Hosteler,149848,69.0,5.33,75,0,66.4,0,10,0,0,8,0,0,0
STU07282,Male,21,CSE,Hosteler,107606,97.7,8.53,10,0,76.2,0,8,1,1,0,0,0,0
STU07283,Male,22,AIML,Day Scholar,170521,60.1,7.97,47,0,54.0,0,7,1,0,9,0,0,0
STU07284,Male,21,AIML,Day Scholar,183328,74.7,5.83,7,1,66.1,0,2,0,0,3,0,0,0
STU07285,Male,20,AIML,Hosteler,118983,92.8,8.47,50,1,86.0,0,5,0,0,5,2,0,0
STU07286,Male,22,MC,Hosteler,27190,87.7,4.09,7,0,100.0,0,2,1,0,0,0,1,0
STU07287,Male,19,MC,Day Scholar,196565,100.0,7.71,100,1,78.2,0,3,0,0,8,1,1,0
STU07288,Feamle,24,ECE,Day Scholar,162633,75.1,5.13,79,2,82.5,1,1,0,0,2,1,0,0
STU07289,Male,22,CSE,Day Scholar,171503,68.4,6.22,99,0,75.4,0,2,0,0,7,0,0,0
STU07290,Male,18,ECE,Day Scholar,49617,58.6,6.31,81,0,66.9,1,5,0,0,5,0,0,0
STU07291,Feamle,18,AIML,Day Scholar,164643,69.5,8.92,84,2,73.2,0,8,1,1,4,0,0,0
STU07292,Male,21,ECE,Hosteler,129319,58.4,6.25,67,0,74.1,0,2,0,0,10,0,0,0
STU07293,Feamle,22,ECE,Day Scholar,116931,48.1,6.88,70,0,93.7,1,11,1,0,12,0,0,0
STU07294,Feamle,19,ECE,Hosteler,20009,100.0,6.34,97,1,98.6,0,8,0,0,7,0,0,0
STU07295,Feamle,18,AIML,Hosteler,134291,75.7,5.53,97,0,80.3,1,8,0,0,5,0,0,0
STU07296,Male,23,CSE,Day Scholar,100739,100.0,5.45,35,1,66.1,1,6,1,0,6,0,1,0
STU07297,Male,19,ECE,Day Scholar,194863,62.4,7.46,100,1,37.0,0,3,0,0,5,0,0,0
STU07298,Feamle,23,AIML,Hosteler,73368,68.6,6.96,29,0,60.6,1,4,0,0,5,1,1,0
STU07299,Male,20,MC,Day Scholar,95914,63.4,8.14,89,0,86.0,0,5,1,0,8,0,0,0
STU07300,Male,23,CSE,Day Scholar,68847,65.4,6.64,11,1,72.3,0,4,1,0,0,0,1,0
STU07301,Feamle,18,AIML,Hosteler,95755,88.1,6.69,74,0,74.9,1,2,0,1,10,0,1,0
STU07302,Feamle,21,ECE,Hosteler,115491,83.5,8.15,28,2,48.4,2,6,1,0,5,0,0,0
STU07303,Male,20,AIML,Hosteler,185296,88.1,6.44,2,0,72.9,0,5,0,0,11,0,1,0
STU07304,Feamle,22,CSE,Hosteler,118347,95.1,4.84,61,1,94.8,0,3,0,0,10,0,0,0
STU07305,Feamle,19,ECE,Day Scholar,60094,91.6,8.27,10,1,44.1,0,4,0,0,11,0,0,0
STU07306,Feamle,18,MC,Day Scholar,147791,59.9,5.98,72,0,5.2,1,6,0,0,10,0,0,0
STU07307,Male,20,MC,Day Scholar,146489,67.1,7.1,89,2,54.0,1,7,1,1,12,0,0,0
STU07308,Male,20,MC,Hosteler,161158,76.8,6.06,58,2,84.2,1,5,0,1,13,0,0,0
STU07309,Male,18,AIML,Hosteler,113893,100.0,5.54,71,1,60.9,0,4,0,0,11,0,0,0
STU07310,Feamle,22,CSE,Hosteler,60544,86.6,4.15,84,0,95.3,1,5,0,0,4,0,1,0
STU07311,Male,22,MC,Hosteler,112398,76.6,7.51,71,0,99.0,2,6,1,0,1,0,1,0
STU07312,Feamle,21,ECE,Hosteler,170027,85.1,1.91,41,0,51.3,0,5,0,0,2,0,0,0
STU07313,Male,24,ECE,Day Scholar,67660,66.0,8.95,5,0,96.9,0,8,0,0,7,0,0,0
STU07314,Male,23,ECE,Hosteler,93736,78.9,8.55,54,2,98.3,0,6,0,0,0,0,0,0
STU07315,Feamle,22,AIML,Day Scholar,91168,89.3,5.64,81,0,83.2,0,3,0,1,0,0,0,0
STU07316,Male,21,CSE,Day Scholar,54630,74.6,9.38,5,0,74.8,1,3,0,0,1,0,0,0
STU07317,Feamle,23,CSE,Day Scholar,24711,63.7,10.0,20,0,100.0,1,4,0,0,9,0,0,0
STU07318,Male,20,MC,Hosteler,181943,73.8,6.59,43,1,100.0,1,4,0,0,9,0,0,0
STU07319,Male,18,CSE,Day Scholar,22457,70.2,7.62,47,0,78.4,1,6,0,0,8,0,0,0
STU07320,Feamle,22,ECE,Day Scholar,96732,54.6,7.2,86,2,85.0,2,12,0,0,2,0,0,0
STU07321,Feamle,21,ECE,Hosteler,98375,66.4,9.27,35,0,94.3,1,4,0,1,0,2,0,0
STU07322,Feamle,20,AIML,Day Scholar,59467,54.1,4.91,81,1,100.0,0,5,0,0,11,2,0,1
STU07323,Male,22,ECE,Day Scholar,164239,56.4,6.66,90,1,100.0,0,2,1,1,10,0,0,0
STU07324,Male,19,CSE,Day Scholar,27157,57.9,8.38,44,2,70.0,0,2,0,0,14,0,0,0
STU07325,Male,24,ECE,Hosteler,130357,89.3,8.22,2,0,100.0,0,5,0,1,14,1,0,0
STU07326,Feamle,20,MC,Day Scholar,22714,97.3,6.94,58,1,38.3,1,12,0,0,12,1,0,0
STU07327,Feamle,22,AIML,Day Scholar,47217,52.0,9.09,11,0,90.6,0,2,1,0,14,1,0,0
STU07328,Feamle,20,AIML,Day Scholar,60132,98.7,7.35,83,0,100.0,0,4,0,0,5,0,0,0
STU07329,Male,18,CSE,Day Scholar,116653,58.1,7.17,18,0,54.9,0,3,0,0,13,1,0,0
STU07330,Male,18,ECE,Day Scholar,100792,86.2,8.05,22,0,76.8,0,3,0,0,3,1,0,0
STU07331,Feamle,24,ECE,Hosteler,76371,78.9,6.91,4,1,70.1,3,4,0,0,5,0,0,0
STU07332,Male,18,CSE,Day Scholar,76788,84.5,7.08,50,0,73.2,2,7,0,0,9,0,1,0
STU07333,Feamle,23,CSE,Day Scholar,29583,57.5,5.82,18,1,98.9,0,2,0,0,3,2,0,0
STU07334,Male,19,MC,Hosteler,62042,47.8,10.0,11,1,97.3,0,5,0,0,1,2,1,1
STU07335,Male,18,CSE,Hosteler,110405,63.0,6.29,91,0,93.6,0,4,1,0,11,0,0,0
STU07336,Feamle,19,ECE,Day Scholar,97807,81.4,8.09,56,1,84.5,0,9,0,0,0,2,0,0
STU07337,Male,18,MC,Day Scholar,88371,100.0,9.86,36,0,95.4,0,4,1,0,1,0,0,0
STU07338,Male,23,AIML,Hosteler,159085,59.6,4.99,33,0,68.7,0,5,0,0,0,1,0,1
STU07339,Feamle,20,ECE,Hosteler,98775,73.5,7.92,79,1,92.1,2,3,0,0,13,1,0,0
STU07340,Feamle,22,AIML,Day Scholar,180612,63.8,7.03,62,0,90.4,1,4,0,0,0,0,0,0
STU07341,Male,22,AIML,Day Scholar,56973,74.7,9.69,3,0,66.0,0,4,1,1,11,1,0,0
STU07342,Feamle,18,AIML,Hosteler,87690,46.0,5.64,53,0,79.1,2,5,0,0,12,0,0,0
STU07343,Male,22,ECE,Day Scholar,89459,97.5,5.87,53,0,81.9,0,6,1,1,2,0,0,0
STU07344,Feamle,18,AIML,Hosteler,51558,75.4,6.93,5,1,77.3,0,4,0,1,14,0,0,0
STU07345,Male,18,ECE,Hosteler,128350,88.8,6.26,6,0,69.8,1,4,0,1,6,0,0,0
STU07346,Male,24,AIML,Day Scholar,60030,71.5,6.31,33,0,64.6,2,4,0,0,6,2,0,0
STU07347,Feamle,21,CSE,Hosteler,56636,77.9,10.0,67,1,60.4,0,6,0,0,11,0,0,0
STU07348,Male,21,CSE,Day Scholar,129528,91.9,7.19,14,1,75.1,0,1,1,0,7,1,1,0
STU07349,Male,24,ECE,Hosteler,83566,77.0,5.82,12,1,83.0,0,4,0,0,0,1,0,0
STU07350,Feamle,21,AIML,Day Scholar,71159,77.5,6.41,72,0,100.0,1,9,0,0,10,0,0,0
STU07351,Feamle,19,AIML,Hosteler,76025,63.1,7.61,36,2,46.1,0,1,0,0,7,0,0,0
STU07352,Male,21,AIML,Hosteler,177752,67.0,7.51,80,0,96.5,1,3,0,1,4,0,0,0
STU07353,Feamle,18,CSE,Day Scholar,129463,59.8,6.13,37,0,100.0,1,2,1,0,2,1,0,0
STU07354,Feamle,23,AIML,Day Scholar,32434,63.9,4.56,77,1,40.1,1,5,1,1,6,0,0,0
STU07355,Male,23,AIML,Day Scholar,66096,93.8,6.92,100,0,100.0,0,4,0,0,6,0,1,0
STU07356,Male,20,ECE,Day Scholar,67471,100.0,6.88,30,1,100.0,0,6,0,0,0,0,0,0
STU07357,Feamle,21,AIML,Day Scholar,76004,56.3,6.03,65,0,82.4,0,6,1,0,13,1,0,0
STU07358,Feamle,23,CSE,Day Scholar,191651,80.9,8.92,82,2,75.7,0,10,0,0,3,0,0,0
STU07359,Feamle,21,AIML,Day Scholar,30487,70.2,7.86,82,0,67.1,1,8,0,0,0,2,1,0
STU07360,Male,20,CSE,Day Scholar,95925,96.0,7.2,59,0,73.1,0,7,1,1,12,0,0,0
STU07361,Male,23,CSE,Day Scholar,199205,77.0,6.46,12,0,75.2,1,3,0,0,7,1,0,0
STU07362,Male,18,MC,Day Scholar,116925,74.9,9.6,20,1,72.7,0,8,0,0,3,0,1,0
STU07363,Male,19,CSE,Hosteler,133500,63.8,5.27,94,0,70.2,0,3,0,0,5,0,0,0
STU07364,Male,24,MC,Day Scholar,29610,52.0,6.26,43,0,100.0,0,7,0,0,10,3,0,0
STU07365,Male,24,MC,Hosteler,73551,86.4,6.32,27,0,78.7,0,7,1,0,12,0,1,0
STU07366,Male,24,AIML,Hosteler,33869,80.3,7.45,56,0,72.4,0,3,0,0,4,2,0,0
STU07367,Feamle,21,MC,Day Scholar,108466,80.7,7.99,0,0,87.1,0,4,1,0,2,0,1,0
STU07368,Feamle,23,ECE,Day Scholar,42979,66.0,5.0,98,1,100.0,0,6,0,0,12,0,0,0
STU07369,Male,23,CSE,Day Scholar,31492,72.8,5.97,9,0,68.4,0,3,0,0,10,0,0,0
STU07370,Male,20,ECE,Day Scholar,135381,86.9,7.67,7,0,99.9,0,3,0,0,8,2,0,0
STU07371,Male,18,MC,Hosteler,80920,89.7,6.0,76,1,86.4,0,7,1,0,11,1,1,0
STU07372,Feamle,22,AIML,Day Scholar,132784,57.3,6.4,62,0,72.4,1,7,0,0,1,0,0,0
STU07373,Male,23,CSE,Day Scholar,114257,65.5,7.26,82,0,92.3,0,5,1,0,14,0,1,0
STU07374,Feamle,19,ECE,Hosteler,43409,54.2,5.53,66,1,100.0,1,6,0,0,8,0,1,0
STU07375,Feamle,20,AIML,Hosteler,136443,78.0,7.42,66,0,85.7,0,12,1,0,14,0,0,0
STU07376,Feamle,23,MC,Day Scholar,175149,88.3,7.92,26,0,97.0,1,4,0,1,9,0,0,0
STU07377,Feamle,23,AIML,Day Scholar,80428,70.8,7.06,17,0,86.1,1,4,0,1,9,0,0,0
STU07378,Feamle,20,ECE,Day Scholar,46455,65.1,9.14,34,0,100.0,1,9,1,0,7,0,0,0
STU07379,Male,20,AIML,Day Scholar,178457,70.0,8.09,43,1,86.7,0,6,0,0,12,3,1,0
STU07380,Male,21,ECE,Day Scholar,151919,100.0,6.94,97,2,100.0,0,3,0,1,9,1,0,0
STU07381,Feamle,23,AIML,Hosteler,96699,92.9,6.52,93,0,100.0,2,4,0,0,2,0,0,0
STU07382,Male,22,CSE,Day Scholar,73213,86.0,9.63,7,1,83.1,0,7,0,0,9,0,1,0
STU07383,Feamle,19,AIML,Hosteler,135883,79.8,6.01,84,2,70.8,0,7,0,0,5,0,0,0
STU07384,Feamle,18,CSE,Hosteler,160776,74.8,6.59,45,1,80.9,0,5,0,0,10,0,1,0
STU07385,Male,18,ECE,Day Scholar,195934,61.4,6.39,82,0,95.3,0,2,0,0,2,0,0,0
STU07386,Male,22,CSE,Day Scholar,51849,59.1,7.6,42,1,91.2,1,5,0,0,4,0,1,0
STU07387,Male,20,AIML,Day Scholar,91868,66.5,10.0,45,0,62.7,0,4,0,1,4,0,0,0
STU07388,Male,20,CSE,Day Scholar,142842,60.7,7.37,39,0,88.3,1,4,1,0,6,2,0,0
STU07389,Male,20,ECE,Hosteler,156720,65.9,6.52,93,0,64.5,0,7,1,0,12,0,0,0
STU07390,Feamle,23,AIML,Hosteler,51793,73.5,7.28,55,0,100.0,1,4,1,0,6,0,0,0
STU07391,Male,20,CSE,Hosteler,105240,74.6,5.03,26,1,57.5,1,6,1,0,4,0,0,0
STU07392,Male,20,CSE,Day Scholar,104377,65.7,6.72,19,1,54.2,0,5,1,0,0,0,0,0
STU07393,Male,23,MC,Day Scholar,23450,82.4,9.56,77,0,85.8,0,1,0,0,6,2,1,0
STU07394,Feamle,23,CSE,Day Scholar,28418,72.2,7.99,56,0,70.6,0,3,0,0,13,1,1,0
STU07395,Male,22,MC,Hosteler,199790,78.2,8.85,11,1,88.5,0,4,1,0,6,0,0,0
STU07396,Feamle,21,ECE,Day Scholar,54575,63.8,8.52,22,0,100.0,0,4,0,0,5,3,0,0
STU07397,Male,23,MC,Day Scholar,150576,85.4,5.94,11,0,100.0,0,1,0,1,1,0,0,0
STU07398,Male,19,ECE,Day Scholar,117260,67.0,9.87,43,0,52.1,0,1,0,0,0,1,0,0
STU07399,Feamle,20,CSE,Day Scholar,134009,99.1,4.34,38,1,74.5,2,4,0,1,4,1,0,0
STU07400,Male,21,CSE,Day Scholar,53186,71.6,7.5,41,2,95.4,2,6,0,1,6,0,1,0
STU07401,Male,18,MC,Hosteler,46451,73.6,3.91,93,0,100.0,0,6,0,0,1,0,0,0
STU07402,Feamle,22,ECE,Hosteler,23155,83.9,4.43,47,0,49.7,0,3,0,0,2,0,0,0
STU07403,Male,21,CSE,Hosteler,160182,87.2,8.4,90,2,71.1,1,3,0,0,9,0,0,0
STU07404,Feamle,23,MC,Hosteler,49448,88.8,5.96,87,0,100.0,0,5,0,0,10,0,1,0
STU07405,Feamle,20,MC,Hosteler,146934,100.0,8.87,66,0,72.4,2,9,0,0,14,0,0,0
STU07406,Feamle,20,MC,Hosteler,148529,84.9,3.74,93,0,98.6,0,1,0,0,14,0,0,0
STU07407,Feamle,20,CSE,Hosteler,149244,74.0,6.87,34,0,100.0,1,8,1,0,5,1,1,0
STU07408,Feamle,21,ECE,Day Scholar,65231,67.1,5.18,96,0,100.0,0,4,0,0,7,0,0,0
STU07409,Male,20,CSE,Day Scholar,55399,73.0,6.51,36,1,78.6,0,7,0,0,5,1,0,0
STU07410,Male,23,AIML,Day Scholar,171130,97.3,9.32,39,0,100.0,2,6,0,0,4,1,0,0
STU07411,Male,21,AIML,Hosteler,92404,54.2,9.69,15,0,75.3,0,7,1,0,0,1,0,0
STU07412,Feamle,20,CSE,Hosteler,68698,62.7,7.77,47,0,42.5,0,1,1,0,11,2,0,0
STU07413,Feamle,18,ECE,Hosteler,65379,71.7,4.61,17,0,33.9,0,3,0,0,11,3,0,0
STU07414,Feamle,18,MC,Day Scholar,117275,62.5,5.19,17,2,74.3,0,7,0,0,3,1,0,0
STU07415,Feamle,19,AIML,Day Scholar,154884,68.9,7.24,13,1,89.3,0,3,1,0,14,0,0,0
STU07416,Male,20,AIML,Hosteler,168342,100.0,5.79,95,1,64.1,0,5,1,0,2,0,0,0
STU07417,Male,20,CSE,Day Scholar,43978,70.5,7.99,75,0,92.0,2,5,0,0,0,1,0,0
STU07418,Feamle,21,AIML,Hosteler,31531,81.2,9.51,41,0,59.9,1,7,1,0,12,0,0,0
STU07419,Feamle,21,AIML,Day Scholar,48783,50.1,5.53,1,0,96.1,1,5,0,1,1,0,0,0
STU07420,Male,24,MC,Hosteler,33236,58.5,5.66,52,0,100.0,1,2,1,0,0,0,0,0
STU07421,Feamle,20,MC,Hosteler,137485,89.0,5.23,89,1,89.6,0,6,1,0,7,0,0,0
STU07422,Feamle,19,ECE,Day Scholar,181165,100.0,6.62,86,0,55.8,1,3,1,0,12,0,0,0
STU07423,Feamle,20,AIML,Day Scholar,89683,78.3,7.08,59,1,63.9,1,5,0,0,8,0,0,0
STU07424,Male,23,ECE,Day Scholar,169587,70.4,7.03,34,0,76.9,2,6,0,0,1,0,0,0
STU07425,Male,21,ECE,Day Scholar,113806,82.4,8.35,63,0,89.3,0,7,1,0,3,0,0,0
STU07426,Feamle,20,MC,Hosteler,153831,36.0,7.59,32,1,80.5,0,6,0,0,9,0,0,0
STU07427,Male,21,MC,Day Scholar,176388,78.4,6.91,40,1,53.2,1,5,0,1,10,0,0,0
STU07428,Feamle,20,CSE,Day Scholar,196552,59.3,7.06,62,0,100.0,1,6,0,0,2,0,1,0
STU07429,Feamle,22,MC,Day Scholar,33332,86.9,7.13,88,0,100.0,1,4,0,0,6,0,0,0
STU07430,Male,21,ECE,Day Scholar,194891,42.1,6.91,3,0,88.7,0,2,0,0,4,0,0,0
STU07431,Feamle,19,AIML,Day Scholar,73902,65.6,5.98,20,1,82.0,0,7,0,0,14,0,0,0
STU07432,Feamle,22,ECE,Day Scholar,29198,74.4,5.2,3,1,55.7,1,4,1,0,6,0,0,0
STU07433,Male,23,ECE,Day Scholar,123307,63.6,7.21,94,0,32.8,0,7,0,0,6,1,0,0
STU07434,Feamle,20,ECE,Day Scholar,166804,69.4,6.25,55,0,82.6,1,3,0,1,1,0,0,0
STU07435,Feamle,24,MC,Day Scholar,126209,88.6,7.79,78,1,88.3,0,4,0,0,7,0,0,0
STU07436,Feamle,23,ECE,Day Scholar,106023,74.6,7.11,3,1,100.0,0,4,1,1,5,1,1,0
STU07437,Male,21,CSE,Day Scholar,152853,61.0,7.02,3,0,95.7,0,9,0,0,8,0,0,0
STU07438,Feamle,22,AIML,Hosteler,98948,89.1,8.48,2,0,100.0,0,6,0,0,7,0,0,0
STU07439,Male,23,MC,Hosteler,70141,78.8,4.89,54,0,91.9,1,8,0,1,6,0,1,0
STU07440,Feamle,19,ECE,Day Scholar,129660,79.4,9.65,68,0,100.0,1,3,0,0,3,2,0,0
STU07441,Feamle,24,CSE,Hosteler,51485,61.6,3.72,82,2,58.1,0,8,1,0,12,0,0,0
STU07442,Feamle,21,AIML,Day Scholar,74351,36.8,9.18,31,1,94.2,1,4,0,0,6,0,0,0
STU07443,Feamle,22,ECE,Day Scholar,46654,61.4,7.3,57,1,75.6,1,4,0,0,12,0,1,0
STU07444,Male,23,AIML,Day Scholar,184217,59.9,6.21,72,0,84.4,0,3,0,0,3,0,1,0
STU07445,Male,22,MC,Day Scholar,71529,65.8,4.79,66,2,95.3,0,6,0,1,11,1,0,0
STU07446,Feamle,22,MC,Day Scholar,124349,62.4,6.1,33,1,73.7,0,1,0,0,9,0,0,0
STU07447,Feamle,23,CSE,Day Scholar,197450,76.7,6.75,62,1,53.1,0,3,0,0,13,2,0,0
STU07448,Feamle,18,MC,Hosteler,36665,88.2,7.29,88,0,77.9,0,8,1,0,11,0,0,0
STU07449,Feamle,20,CSE,Day Scholar,82475,91.1,9.17,9,1,62.1,0,9,0,0,9,0,0,0
STU07450,Feamle,21,ECE,Day Scholar,67802,87.6,7.11,31,0,99.7,1,5,0,0,9,0,0,0
STU07451,Feamle,21,AIML,Hosteler,97892,61.5,7.48,4,0,100.0,1,5,0,0,8,0,0,0
STU07452,Feamle,24,MC,Day Scholar,190824,75.9,7.53,28,1,92.9,1,5,0,0,5,0,0,0
STU07453,Feamle,24,AIML,Day Scholar,56362,98.5,6.51,6,0,100.0,0,5,0,1,4,0,0,0
STU07454,Male,24,AIML,Day Scholar,198198,51.2,6.71,14,1,86.9,0,7,1,1,5,2,0,0
STU07455,Male,21,ECE,Hosteler,59338,95.2,6.84,1,1,81.7,0,7,0,0,5,1,0,0
STU07456,Male,22,ECE,Day Scholar,113004,60.1,7.94,9,0,94.5,0,8,0,1,14,0,0,0
STU07457,Feamle,24,MC,Hosteler,116464,79.4,5.63,10,1,89.4,0,7,0,0,11,0,0,0
STU07458,Feamle,23,ECE,Day Scholar,172186,81.2,6.24,52,1,64.4,0,5,1,0,14,0,0,0
STU07459,Feamle,20,AIML,Day Scholar,22120,77.8,7.53,55,0,96.9,1,4,1,1,3,0,0,0
STU07460,Male,19,CSE,Day Scholar,130289,100.0,5.39,39,0,31.4,1,5,0,0,1,0,0,0
STU07461,Feamle,21,CSE,Day Scholar,20785,70.5,7.17,57,1,100.0,0,3,0,0,6,0,0,0
STU07462,Male,23,CSE,Hosteler,76925,50.4,6.18,84,0,96.7,0,4,0,0,6,1,0,0
STU07463,Feamle,20,MC,Hosteler,86473,80.3,7.76,75,1,54.8,1,5,1,0,6,0,0,0
STU07464,Male,20,ECE,Hosteler,128185,72.4,9.06,67,0,93.2,1,3,0,0,12,0,0,0
STU07465,Male,18,ECE,Day Scholar,49969,83.3,6.18,91,0,95.1,0,8,0,1,10,0,0,0
STU07466,Male,23,ECE,Day Scholar,85236,88.2,8.14,92,1,92.2,1,2,0,1,0,0,0,0
STU07467,Feamle,21,ECE,Hosteler,121416,74.5,7.3,76,2,87.1,0,6,0,0,1,1,0,0
STU07468,Male,24,AIML,Hosteler,36297,81.5,6.42,81,0,55.2,0,6,0,0,7,0,0,0
STU07469,Feamle,22,CSE,Day Scholar,173888,77.2,7.01,26,0,100.0,0,8,0,1,1,0,1,0
STU07470,Feamle,24,AIML,Day Scholar,125741,100.0,8.95,2,1,54.4,1,7,0,0,1,0,1,0
STU07471,Feamle,20,MC,Hosteler,160601,69.4,6.74,98,1,70.0,0,4,0,1,6,0,0,0
STU07472,Feamle,20,CSE,Hosteler,173085,64.7,8.96,38,1,48.1,0,7,0,0,10,3,1,0
STU07473,Feamle,19,CSE,Hosteler,50089,88.2,6.82,21,0,84.1,1,6,0,0,13,1,0,0
STU07474,Male,24,AIML,Hosteler,26171,61.1,4.88,80,1,73.0,0,7,1,0,10,1,1,0
STU07475,Feamle,18,MC,Hosteler,192301,80.9,6.78,91,1,53.5,1,4,1,0,14,0,0,0
STU07476,Feamle,20,MC,Hosteler,37874,72.5,4.76,60,0,100.0,0,2,0,0,10,0,0,0
STU07477,Feamle,20,CSE,Day Scholar,189881,73.5,6.52,37,1,52.2,1,3,0,1,3,0,0,0
STU07478,Feamle,22,ECE,Day Scholar,79024,100.0,6.47,15,2,79.1,0,5,1,1,14,1,1,0
STU07479,Feamle,22,MC,Hosteler,41153,93.5,9.73,68,0,77.7,0,0,1,0,13,1,0,0
STU07480,Male,19,AIML,Day Scholar,124693,90.3,9.41,85,1,63.5,0,3,0,0,10,0,1,0
STU07481,Male,23,MC,Day Scholar,179501,83.0,7.13,16,0,80.6,0,4,1,0,5,1,1,0
STU07482,Feamle,19,CSE,Day Scholar,77753,64.6,8.82,60,0,81.2,0,5,0,0,3,0,0,0
STU07483,Male,19,ECE,Hosteler,157713,78.9,6.4,74,0,75.6,0,5,0,0,7,0,0,0
STU07484,Male,22,MC,Day Scholar,193473,83.7,4.86,85,1,48.7,1,7,0,0,5,1,0,0
STU07485,Feamle,24,CSE,Day Scholar,109075,78.0,7.79,43,0,68.5,1,0,0,0,11,1,0,0
STU07486,Male,24,MC,Hosteler,176439,76.4,7.54,43,0,91.2,1,8,1,0,11,0,1,0
STU07487,Feamle,24,ECE,Day Scholar,172798,69.0,5.59,99,1,69.1,0,4,0,0,7,0,0,0
STU07488,Male,23,AIML,Day Scholar,24677,79.1,5.66,40,0,69.9,1,4,0,0,2,1,0,0
STU07489,Male,22,CSE,Day Scholar,25139,67.1,8.41,54,0,72.8,2,5,0,0,7,0,0,0
STU07490,Male,18,CSE,Hosteler,77766,85.6,4.47,2,0,81.6,1,7,1,0,14,1,0,0
STU07491,Feamle,21,ECE,Hosteler,175768,44.8,7.84,90,0,100.0,1,3,0,1,4,0,0,0
STU07492,Male,21,CSE,Day Scholar,106049,95.4,6.53,12,2,86.5,1,8,0,0,7,1,0,0
STU07493,Male,18,ECE,Hosteler,96693,55.3,7.84,76,1,93.2,0,7,0,0,13,0,0,0
STU07494,Feamle,24,CSE,Day Scholar,77414,59.0,8.48,50,1,100.0,0,6,0,0,5,0,0,0
STU07495,Feamle,21,ECE,Hosteler,163904,81.1,5.69,53,0,92.3,0,7,0,1,11,0,0,0
STU07496,Male,23,MC,Day Scholar,149807,83.1,5.29,93,2,69.1,0,5,0,1,3,0,0,0
STU07497,Feamle,22,MC,Day Scholar,93741,100.0,9.2,17,0,75.3,0,5,0,0,5,0,0,0
STU07498,Male,21,MC,Hosteler,156497,79.4,6.91,39,1,79.3,0,4,0,0,1,0,0,0
STU07499,Male,23,CSE,Day Scholar,23900,74.4,7.49,96,0,100.0,1,4,0,0,14,0,0,0
STU07500,Feamle,22,ECE,Day Scholar,97347,77.9,8.37,80,1,51.7,1,3,0,0,8,0,0,0
STU07501,Feamle,23,ECE,Hosteler,146004,98.9,5.56,9,0,78.1,0,5,0,0,5,0,0,0
STU07502,Feamle,18,AIML,Hosteler,144463,100.0,8.35,40,1,79.1,1,3,1,1,3,0,0,0
STU07503,Male,19,MC,Hosteler,49134,72.2,7.96,43,1,60.5,1,6,0,1,0,0,0,0
STU07504,Feamle,18,AIML,Hosteler,22817,83.1,9.21,87,0,73.2,1,5,1,1,10,0,1,0
STU07505,Male,21,MC,Day Scholar,90486,73.9,9.18,92,0,67.8,0,3,0,0,2,0,0,0
STU07506,Feamle,22,AIML,Day Scholar,186679,73.6,7.1,7,1,100.0,0,7,0,0,1,0,1,0
STU07507,Male,23,MC,Hosteler,158763,100.0,8.13,35,1,77.6,1,5,1,0,0,1,0,0
STU07508,Feamle,21,ECE,Hosteler,85978,61.1,7.07,55,0,59.8,0,1,1,0,7,1,0,0
STU07509,Male,21,MC,Hosteler,173850,40.0,7.22,13,2,45.5,1,7,1,0,14,1,0,0
STU07510,Feamle,19,CSE,Day Scholar,77154,79.8,5.31,28,0,72.6,2,6,0,1,5,0,1,0
STU07511,Male,24,MC,Hosteler,112195,93.0,6.66,6,0,100.0,0,4,0,0,12,0,1,0
STU07512,Feamle,21,MC,Day Scholar,68788,78.3,4.31,88,0,65.5,2,4,0,0,12,0,0,0
STU07513,Feamle,19,ECE,Hosteler,113039,82.5,6.79,41,0,55.7,1,6,1,0,13,0,1,0
STU07514,Male,22,CSE,Day Scholar,29413,86.3,8.98,29,2,91.8,1,6,0,0,2,0,1,0
STU07515,Feamle,22,ECE,Hosteler,134113,76.7,8.17,91,0,77.6,0,9,0,0,2,0,0,0
STU07516,Male,23,AIML,Day Scholar,63400,83.3,7.17,73,0,85.5,1,5,0,0,6,0,0,0
STU07517,Male,24,AIML,Day Scholar,49899,83.1,6.7,46,0,100.0,1,3,0,0,0,1,0,0
STU07518,Feamle,19,CSE,Day Scholar,132683,45.6,6.19,33,1,100.0,0,3,0,0,0,0,0,0
STU07519,Male,18,AIML,Day Scholar,65463,76.7,5.62,61,1,66.2,0,4,1,0,14,0,0,0
STU07520,Feamle,22,CSE,Day Scholar,20894,51.4,8.23,15,3,61.0,0,2,0,0,8,0,0,0
STU07521,Feamle,24,MC,Day Scholar,130398,74.4,4.7,73,1,46.3,0,4,0,0,0,1,1,0
STU07522,Male,23,AIML,Day Scholar,186093,67.6,4.66,28,1,77.3,0,6,0,1,14,0,0,0
STU07523,Feamle,18,MC,Day Scholar,149611,90.5,8.36,14,2,98.0,0,7,1,0,2,1,0,0
STU07524,Male,22,ECE,Day Scholar,108777,78.7,7.31,91,1,49.1,0,5,0,0,12,0,1,0
STU07525,Male,22,AIML,Day Scholar,66442,82.1,7.07,50,1,96.5,1,7,0,0,12,0,0,0
STU07526,Feamle,23,ECE,Hosteler,139681,72.1,7.31,55,0,92.8,0,3,0,0,12,0,1,0
STU07527,Feamle,23,ECE,Day Scholar,178863,90.8,10.0,87,0,87.2,0,5,0,0,3,0,0,0
STU07528,Male,20,CSE,Day Scholar,63520,51.0,7.08,41,0,68.6,0,3,0,0,7,1,0,0
STU07529,Male,21,ECE,Hosteler,123137,61.6,7.44,19,0,82.5,0,5,1,0,9,2,0,0
STU07530,Feamle,21,CSE,Day Scholar,49899,94.3,10.0,46,1,93.6,2,2,0,1,1,2,1,0
STU07531,Feamle,18,CSE,Hosteler,198874,68.5,6.9,63,0,90.2,0,3,0,1,0,1,0,0
STU07532,Feamle,21,CSE,Day Scholar,98107,42.8,9.59,92,1,82.3,1,6,0,1,4,0,0,0
STU07533,Feamle,18,CSE,Day Scholar,151443,96.8,3.84,1,2,83.3,0,8,1,0,5,0,0,0
STU07534,Male,24,CSE,Hosteler,50193,91.2,5.26,31,0,100.0,0,5,0,0,6,0,1,0
STU07535,Feamle,22,MC,Day Scholar,125302,85.7,6.0,53,0,66.8,1,7,1,0,6,0,0,0
STU07536,Male,20,CSE,Hosteler,34464,76.4,7.88,41,1,91.0,0,8,0,1,9,0,0,0
STU07537,Male,20,AIML,Hosteler,103323,99.9,9.66,29,0,100.0,1,7,0,0,0,3,0,0
STU07538,Feamle,22,CSE,Hosteler,69025,93.9,6.11,8,0,66.9,0,6,0,0,12,0,1,0
STU07539,Male,23,MC,Day Scholar,114187,98.2,8.47,18,1,72.2,1,3,0,0,11,1,0,0
STU07540,Feamle,19,AIML,Day Scholar,131710,85.4,10.0,5,1,44.2,0,3,0,1,11,0,0,0
STU07541,Male,19,AIML,Hosteler,180944,76.8,9.35,71,1,78.9,0,7,1,0,2,0,0,0
STU07542,Feamle,21,MC,Day Scholar,96248,69.0,6.39,97,1,99.3,1,6,0,0,8,0,0,0
STU07543,Male,23,AIML,Hosteler,102927,56.0,8.3,57,0,91.7,1,7,0,0,7,0,0,0
STU07544,Male,18,MC,Day Scholar,20667,82.5,7.51,0,0,59.9,0,12,0,0,13,0,0,0
STU07545,Feamle,24,ECE,Hosteler,167397,83.8,6.01,12,0,66.6,0,3,1,0,5,0,0,0
STU07546,Feamle,20,ECE,Hosteler,35890,69.8,7.64,5,1,65.9,3,7,0,0,10,0,0,0
STU07547,Male,21,CSE,Hosteler,177555,84.2,6.29,98,1,99.1,0,3,1,0,12,0,0,0
STU07548,Male,22,CSE,Day Scholar,189157,70.0,7.19,28,0,38.1,0,3,0,0,7,0,1,0
STU07549,Feamle,23,CSE,Day Scholar,121333,88.0,4.93,65,0,60.0,0,8,0,0,4,1,1,1
STU07550,Male,20,CSE,Day Scholar,61000,61.8,4.36,73,1,82.2,0,5,0,0,6,0,0,0
STU07551,Feamle,18,MC,Hosteler,164097,59.2,6.57,30,0,79.6,1,9,0,0,1,2,0,0
STU07552,Male,18,ECE,Day Scholar,140580,71.4,7.48,71,0,46.6,1,8,0,0,3,2,0,0
STU07553,Feamle,19,MC,Day Scholar,49940,87.4,5.31,40,0,100.0,0,5,1,0,10,0,1,0
STU07554,Male,21,AIML,Hosteler,141878,57.6,7.79,38,0,61.0,1,2,0,0,2,2,0,0
STU07555,Feamle,22,AIML,Hosteler,139492,90.7,7.06,56,0,60.0,2,5,0,0,9,3,0,0
STU07556,Feamle,20,AIML,Hosteler,44701,50.4,7.98,27,1,66.4,1,2,1,0,13,0,0,0
STU07557,Male,24,AIML,Day Scholar,102697,71.3,8.42,30,0,74.8,0,4,1,0,10,0,0,0
STU07558,Feamle,18,AIML,Day Scholar,61795,53.8,9.02,12,0,98.1,0,5,0,1,12,0,0,0
STU07559,Male,20,ECE,Day Scholar,110990,35.9,7.9,70,0,99.8,0,3,0,1,6,0,0,0
STU07560,Feamle,22,MC,Hosteler,33115,80.5,6.56,50,0,100.0,0,5,0,0,9,0,0,0
STU07561,Feamle,20,AIML,Hosteler,190110,72.3,7.28,64,0,49.3,0,3,1,0,4,0,0,0
STU07562,Feamle,21,CSE,Day Scholar,150845,54.0,10.0,44,0,78.5,1,2,0,0,12,0,1,1
STU07563,Male,19,ECE,Hosteler,76433,67.3,8.48,52,2,70.1,1,7,0,0,5,1,1,0
STU07564,Feamle,20,CSE,Day Scholar,66999,81.6,7.11,56,0,86.7,0,3,0,0,14,0,0,0
STU07565,Male,23,ECE,Day Scholar,94564,69.5,6.77,25,0,98.1,1,3,1,0,9,0,0,0
STU07566,Feamle,19,ECE,Hosteler,192556,72.0,6.1,15,1,68.6,1,7,0,0,3,0,0,0
STU07567,Male,22,CSE,Day Scholar,127747,69.0,5.22,11,0,82.8,1,6,1,1,14,0,0,0
STU07568,Male,19,CSE,Day Scholar,158760,66.3,9.56,15,1,71.9,0,5,1,0,5,2,0,0
STU07569,Male,20,AIML,Day Scholar,43255,66.1,7.72,97,0,53.5,1,3,1,1,1,0,0,0
STU07570,Feamle,20,CSE,Day Scholar,99747,65.6,5.1,53,1,53.1,0,4,1,0,8,2,0,0
STU07571,Male,23,MC,Hosteler,197689,63.7,6.81,90,0,100.0,0,5,0,0,4,1,0,0
STU07572,Feamle,18,ECE,Day Scholar,193180,59.7,8.91,51,0,100.0,1,4,0,1,3,0,1,0
STU07573,Male,23,ECE,Day Scholar,192331,69.3,6.33,88,2,61.5,1,7,0,0,3,0,0,0
STU07574,Male,20,AIML,Day Scholar,97049,65.4,5.78,82,0,90.7,1,6,1,0,1,0,1,0
STU07575,Male,24,ECE,Day Scholar,86057,58.9,7.54,70,0,77.2,1,6,0,0,11,0,1,1
STU07576,Male,19,CSE,Day Scholar,46293,86.5,7.99,75,1,50.1,0,5,0,0,2,0,1,0
STU07577,Feamle,23,ECE,Hosteler,50607,93.5,6.33,23,0,96.5,0,3,0,0,12,0,0,0
STU07578,Male,23,ECE,Hosteler,163865,75.0,6.1,57,0,79.5,0,3,1,1,11,0,0,0
STU07579,Male,24,CSE,Hosteler,110413,76.0,7.69,38,2,42.4,0,12,0,0,8,2,1,0
STU07580,Feamle,24,CSE,Hosteler,127148,64.6,5.31,68,0,89.9,1,6,1,0,13,0,0,0
STU07581,Male,24,ECE,Hosteler,56069,91.0,6.19,0,0,100.0,0,6,1,0,0,2,0,0
STU07582,Male,18,MC,Hosteler,106079,100.0,6.82,70,0,52.6,0,3,0,0,13,0,0,0
STU07583,Male,20,CSE,Day Scholar,178285,72.5,8.11,89,1,56.2,0,5,0,0,0,0,0,0
STU07584,Male,20,MC,Day Scholar,169735,67.2,6.36,87,0,86.0,1,3,0,0,5,0,0,0
STU07585,Feamle,22,MC,Day Scholar,62582,80.1,7.84,60,2,100.0,1,6,0,0,4,0,0,0
STU07586,Feamle,18,AIML,Day Scholar,114526,76.9,8.75,47,2,68.5,1,7,1,0,8,0,0,0
STU07587,Male,22,MC,Hosteler,185521,67.5,6.24,61,1,87.5,1,3,0,0,4,0,0,0
STU07588,Feamle,22,AIML,Day Scholar,33116,82.1,10.0,80,1,88.8,0,8,0,0,11,0,0,0
STU07589,Feamle,22,MC,Day Scholar,118395,89.1,9.13,3,1,100.0,0,4,0,1,7,1,0,0
STU07590,Male,21,AIML,Hosteler,23706,63.2,7.41,79,0,58.2,0,4,0,0,10,0,0,0
STU07591,Feamle,22,CSE,Day Scholar,36147,100.0,6.73,99,2,88.7,2,6,0,0,0,0,0,0
STU07592,Male,23,ECE,Hosteler,171615,52.0,6.17,68,0,100.0,1,6,1,0,3,0,0,0
STU07593,Feamle,19,ECE,Hosteler,119147,62.2,9.49,68,0,91.4,0,7,0,0,5,1,0,0
STU07594,Feamle,23,AIML,Hosteler,28895,78.5,7.32,51,0,100.0,1,4,0,0,11,1,0,0
STU07595,Feamle,23,CSE,Day Scholar,82058,100.0,4.84,45,1,79.4,0,2,0,1,1,0,0,0
STU07596,Male,20,AIML,Day Scholar,173484,66.6,4.43,16,0,78.8,0,6,0,1,6,0,1,1
STU07597,Feamle,21,AIML,Day Scholar,184086,59.0,7.17,84,1,59.6,1,7,1,0,1,0,0,0
STU07598,Male,22,CSE,Day Scholar,33251,83.2,7.2,29,1,96.0,0,2,1,0,7,0,1,0
STU07599,Male,20,MC,Hosteler,130533,71.3,5.62,48,1,100.0,0,4,0,1,8,1,1,0
STU07600,Feamle,18,MC,Day Scholar,25109,85.0,4.73,50,0,33.3,0,8,1,1,14,0,1,0
STU07601,Male,18,CSE,Day Scholar,44632,73.9,4.06,32,1,56.3,0,7,0,0,14,3,0,0
STU07602,Feamle,20,AIML,Hosteler,163223,62.1,5.86,86,0,96.8,1,3,1,0,4,0,0,0
STU07603,Male,19,ECE,Day Scholar,197237,100.0,6.46,57,0,100.0,2,6,0,0,7,0,0,0
STU07604,Male,20,AIML,Hosteler,75276,30.7,8.04,92,1,100.0,0,4,0,0,3,0,0,0
STU07605,Feamle,20,MC,Hosteler,26325,100.0,6.8,38,0,83.6,0,7,0,0,11,1,0,0
STU07606,Feamle,21,CSE,Day Scholar,114964,89.0,8.6,70,1,100.0,1,4,0,0,13,1,0,0
STU07607,Feamle,18,CSE,Day Scholar,21912,63.8,7.91,36,1,84.1,0,0,0,0,10,1,0,0
STU07608,Feamle,18,CSE,Day Scholar,188061,100.0,7.77,70,0,42.6,0,8,0,0,2,0,1,0
STU07609,Male,22,MC,Day Scholar,27374,54.4,8.47,14,0,84.8,0,8,0,0,12,0,1,1
STU07610,Male,23,AIML,Hosteler,53034,90.1,4.92,60,0,62.5,1,9,0,0,6,1,0,0
STU07611,Male,20,CSE,Day Scholar,105402,43.8,6.2,92,0,81.2,0,5,0,0,0,1,0,0
STU07612,Feamle,20,ECE,Day Scholar,197750,57.8,10.0,9,0,97.0,1,5,1,0,6,0,0,0
STU07613,Male,19,CSE,Day Scholar,111792,57.8,4.14,19,1,65.3,0,5,0,0,13,1,0,1
STU07614,Feamle,24,AIML,Day Scholar,113305,63.7,6.55,8,0,47.8,0,2,0,1,7,1,0,0
STU07615,Male,24,MC,Day Scholar,70683,75.2,7.71,69,0,85.7,0,6,0,0,10,0,0,0
STU07616,Feamle,18,ECE,Day Scholar,161270,62.6,4.18,19,1,100.0,0,4,1,1,7,0,0,0
STU07617,Male,19,ECE,Day Scholar,114817,44.5,5.87,63,0,60.0,1,5,0,0,3,0,0,0
STU07618,Male,21,CSE,Day Scholar,147776,82.0,9.99,84,0,74.4,1,7,0,0,3,0,0,0
STU07619,Feamle,22,AIML,Day Scholar,188068,75.7,7.26,6,1,96.6,0,5,0,1,6,0,1,0
STU07620,Male,19,CSE,Hosteler,158227,81.1,6.14,63,0,64.5,0,7,0,0,6,1,0,0
STU07621,Feamle,18,ECE,Day Scholar,67952,77.6,7.32,47,0,100.0,0,3,1,0,11,2,0,0
STU07622,Male,21,CSE,Day Scholar,143899,89.3,6.14,97,0,43.9,0,3,0,0,14,0,0,0
STU07623,Male,20,AIML,Day Scholar,31388,73.9,9.57,46,0,86.6,1,4,0,0,6,0,0,0
STU07624,Feamle,21,MC,Day Scholar,94178,90.2,5.51,63,1,100.0,1,2,1,1,11,1,1,0
STU07625,Feamle,23,ECE,Hosteler,46457,63.4,6.22,66,0,66.9,0,6,0,0,1,0,0,0
STU07626,Male,19,AIML,Hosteler,169199,64.2,4.76,44,0,79.7,1,4,0,0,3,1,0,0
STU07627,Male,18,CSE,Hosteler,185163,95.6,6.56,16,0,20.6,0,4,0,1,10,1,0,0
STU07628,Male,19,ECE,Hosteler,31752,95.3,6.74,50,0,63.7,1,3,0,0,8,0,1,0
STU07629,Male,20,CSE,Day Scholar,71832,83.6,8.79,42,0,77.2,0,5,1,0,9,0,0,0
STU07630,Male,24,CSE,Hosteler,24237,61.7,5.47,65,0,100.0,0,7,0,1,5,0,1,0
STU07631,Male,20,MC,Day Scholar,154123,60.5,7.73,75,0,100.0,1,7,1,0,14,1,0,0
STU07632,Feamle,18,CSE,Day Scholar,63311,94.9,7.13,12,1,92.1,0,4,1,0,1,0,0,0
STU07633,Feamle,23,CSE,Hosteler,39088,94.1,4.16,99,0,46.2,0,3,1,0,1,0,0,0
STU07634,Feamle,22,AIML,Hosteler,25675,74.0,5.91,75,0,75.4,0,5,0,1,8,0,0,0
STU07635,Male,21,CSE,Day Scholar,190627,100.0,5.85,26,0,74.3,0,2,0,0,11,0,0,0
STU07636,Male,21,MC,Hosteler,22640,81.9,9.52,89,0,90.1,0,5,0,0,9,0,0,0
STU07637,Male,20,CSE,Hosteler,83328,58.4,7.82,46,1,90.9,1,1,0,0,14,0,1,1
STU07638,Feamle,19,CSE,Day Scholar,32317,70.9,7.22,39,0,75.2,0,4,1,0,12,0,1,0
STU07639,Feamle,24,CSE,Day Scholar,195480,75.1,0.56,68,0,87.0,0,9,0,0,6,0,0,0
STU07640,Male,19,ECE,Day Scholar,126442,76.3,4.14,31,0,63.1,0,6,1,1,10,1,1,0
STU07641,Male,23,MC,Hosteler,123666,93.8,8.09,99,2,100.0,1,5,0,1,0,0,1,0
STU07642,Feamle,22,ECE,Hosteler,53462,60.7,8.17,44,0,60.7,0,4,0,0,3,0,0,0
STU07643,Feamle,19,MC,Day Scholar,95921,55.0,5.89,79,0,73.6,0,3,0,0,3,0,1,0
STU07644,Feamle,21,MC,Day Scholar,35201,84.0,7.04,73,1,100.0,0,4,0,0,9,1,0,0
STU07645,Male,24,AIML,Day Scholar,54536,67.4,6.94,36,0,89.3,0,10,0,0,10,0,1,0
STU07646,Male,19,ECE,Hosteler,175739,100.0,7.25,14,0,66.0,0,3,0,1,1,0,0,0
STU07647,Male,24,MC,Hosteler,55517,89.1,6.44,74,0,83.1,1,4,0,0,5,0,1,0
STU07648,Feamle,22,MC,Hosteler,186942,67.1,8.22,8,1,83.7,3,6,0,0,6,1,0,0
STU07649,Feamle,21,AIML,Day Scholar,135308,93.2,8.66,81,1,100.0,0,4,0,1,7,0,0,0
STU07650,Male,24,ECE,Hosteler,132911,86.0,5.56,96,1,97.7,2,7,1,0,10,0,0,0
STU07651,Male,19,CSE,Day Scholar,57982,84.5,5.21,54,0,94.1,0,3,1,0,8,0,0,0
STU07652,Feamle,21,AIML,Hosteler,52844,73.2,5.81,8,2,62.5,0,7,0,0,11,0,1,0
STU07653,Male,20,MC,Day Scholar,104118,81.3,7.07,63,0,63.4,1,5,1,0,12,0,0,0
STU07654,Feamle,20,ECE,Hosteler,155309,43.5,7.53,40,0,66.6,1,3,0,1,3,0,0,0
STU07655,Feamle,23,MC,Day Scholar,143110,94.8,8.18,14,1,100.0,0,4,1,1,0,0,0,0
STU07656,Male,20,AIML,Hosteler,181537,23.5,8.46,35,0,71.2,0,3,1,0,8,0,0,0
STU07657,Feamle,19,AIML,Day Scholar,26027,68.4,7.54,35,2,73.2,0,2,0,0,5,1,1,0
STU07658,Male,22,ECE,Day Scholar,161439,51.1,7.34,64,0,52.0,0,4,1,0,2,2,0,0
STU07659,Feamle,21,AIML,Hosteler,178555,67.5,9.47,27,0,54.1,1,10,0,1,10,0,1,0
STU07660,Feamle,24,AIML,Day Scholar,100567,73.9,7.01,32,1,81.5,1,5,0,0,5,0,0,0
STU07661,Male,18,CSE,Day Scholar,120848,57.0,7.89,64,0,100.0,0,4,0,1,0,1,0,0
STU07662,Feamle,20,MC,Day Scholar,113724,33.4,7.48,53,0,78.6,1,7,0,0,7,0,1,1
STU07663,Male,20,CSE,Day Scholar,134675,78.1,6.74,5,0,80.5,2,6,0,0,1,1,0,0
STU07664,Male,18,CSE,Day Scholar,91810,100.0,6.75,74,0,100.0,2,5,1,0,3,1,0,0
STU07665,Feamle,24,ECE,Hosteler,145545,69.7,8.98,47,1,80.3,0,4,1,0,0,0,1,0
STU07666,Male,24,AIML,Hosteler,72892,89.4,6.86,90,1,79.5,0,5,0,0,1,1,1,0
STU07667,Male,18,MC,Day Scholar,127457,97.6,6.47,68,1,100.0,1,5,1,1,7,1,0,0
STU07668,Male,24,MC,Day Scholar,185467,46.5,5.89,73,0,97.1,0,7,0,0,4,1,0,0
STU07669,Male,19,MC,Hosteler,177615,68.1,7.63,27,1,68.6,0,2,0,0,10,0,0,0
STU07670,Male,24,AIML,Day Scholar,97059,55.9,6.23,15,1,74.7,0,7,1,0,10,0,1,0
STU07671,Male,21,MC,Hosteler,21074,62.9,7.5,25,0,88.3,0,7,0,0,14,2,0,0
STU07672,Feamle,24,MC,Day Scholar,165062,100.0,7.27,49,2,84.2,0,9,0,0,6,0,0,0
STU07673,Male,20,AIML,Day Scholar,102567,78.4,6.36,53,0,100.0,0,5,1,1,11,1,0,0
STU07674,Feamle,22,ECE,Day Scholar,65793,86.8,4.91,91,1,74.4,0,2,0,0,7,1,0,0
STU07675,Feamle,19,MC,Hosteler,58071,74.3,5.46,77,0,94.0,1,4,0,0,12,0,0,0
STU07676,Male,19,AIML,Day Scholar,39546,56.8,5.69,12,0,89.0,1,5,1,0,1,0,1,0
STU07677,Feamle,24,CSE,Day Scholar,66515,85.2,5.49,64,2,88.1,1,4,0,0,9,0,1,0
STU07678,Feamle,22,AIML,Day Scholar,196947,93.8,7.68,34,0,67.6,2,4,1,0,2,2,0,0
STU07679,Male,22,CSE,Hosteler,168358,79.8,10.0,78,0,78.4,3,6,0,0,11,1,0,0
STU07680,Male,23,AIML,Day Scholar,149212,82.3,6.23,28,1,79.8,0,2,0,0,0,0,1,0
STU07681,Male,22,MC,Day Scholar,160767,56.5,6.42,30,0,100.0,0,4,1,0,3,0,0,0
STU07682,Feamle,24,ECE,Day Scholar,188916,85.6,6.12,11,0,74.0,0,4,0,0,7,0,0,0
STU07683,Feamle,24,ECE,Day Scholar,31054,95.2,8.29,68,0,79.5,1,4,0,0,9,1,0,0
STU07684,Male,18,MC,Day Scholar,22897,81.1,7.64,31,0,80.1,1,5,1,0,7,0,0,0
STU07685,Male,20,CSE,Hosteler,29537,48.0,6.98,9,0,100.0,0,9,0,0,4,0,0,0
STU07686,Feamle,23,AIML,Day Scholar,173018,99.5,5.18,4,1,95.1,1,8,1,0,2,0,0,0
STU07687,Feamle,24,MC,Day Scholar,77325,60.8,5.55,26,1,92.0,0,7,1,0,10,0,0,0
STU07688,Feamle,18,AIML,Hosteler,159753,80.8,7.26,38,1,82.3,0,4,0,0,10,2,1,0
STU07689,Feamle,23,MC,Day Scholar,139940,89.3,7.33,20,0,71.3,0,8,0,1,9,1,0,0
STU07690,Male,20,MC,Hosteler,93387,91.2,6.98,15,0,100.0,0,9,0,0,6,0,0,0
STU07691,Feamle,23,AIML,Hosteler,110537,48.0,8.0,28,1,72.5,0,12,0,0,12,0,0,0
STU07692,Feamle,18,ECE,Day Scholar,100121,76.8,5.17,78,1,100.0,1,1,0,0,12,0,0,0
STU07693,Feamle,21,ECE,Day Scholar,125532,75.8,7.46,70,0,83.7,0,3,0,0,6,0,0,0
STU07694,Feamle,24,CSE,Day Scholar,67038,96.6,7.37,81,0,93.2,1,8,0,0,13,0,0,0
STU07695,Male,20,AIML,Day Scholar,74833,81.9,5.56,82,0,80.5,0,5,0,0,2,0,0,0
STU07696,Male,19,CSE,Day Scholar,68123,96.7,6.09,80,0,100.0,1,7,0,0,5,0,0,0
STU07697,Feamle,20,MC,Day Scholar,50117,83.1,8.04,13,0,59.5,0,2,1,1,2,1,0,0
STU07698,Feamle,20,CSE,Day Scholar,91131,73.9,5.29,40,0,72.9,0,7,0,0,14,1,0,1
STU07699,Male,20,MC,Day Scholar,174846,77.9,10.0,73,2,61.9,0,4,0,0,5,0,0,0
STU07700,Male,21,AIML,Day Scholar,63691,97.9,7.83,88,0,55.6,1,6,1,0,13,0,0,0
STU07701,Feamle,24,AIML,Hosteler,164379,55.5,6.91,40,0,87.1,0,6,0,0,7,0,0,0
STU07702,Feamle,18,AIML,Day Scholar,190208,88.6,6.62,43,0,72.2,0,4,0,0,12,0,0,0
STU07703,Male,24,AIML,Day Scholar,47531,65.6,8.18,72,1,73.6,2,3,0,1,0,1,0,0
STU07704,Male,19,CSE,Day Scholar,62174,62.4,6.38,15,0,74.6,0,3,0,0,10,0,0,0
STU07705,Male,18,MC,Day Scholar,187782,90.4,6.44,23,1,81.1,1,5,0,0,7,1,0,0
STU07706,Male,23,ECE,Hosteler,185640,61.8,9.18,20,0,51.7,0,6,1,0,2,1,1,0
STU07707,Male,23,AIML,Day Scholar,148755,80.7,6.29,58,0,57.0,0,4,1,0,11,0,0,0
STU07708,Male,23,AIML,Hosteler,34414,67.7,7.2,97,2,54.9,2,9,0,0,5,2,0,0
STU07709,Feamle,18,MC,Hosteler,182795,39.6,5.86,38,2,81.9,0,3,0,0,7,0,0,0
STU07710,Male,22,ECE,Day Scholar,114572,82.2,7.39,70,0,81.5,0,1,0,0,7,0,1,0
STU07711,Male,21,AIML,Day Scholar,30261,76.9,7.87,6,0,80.3,0,6,0,0,7,1,0,0
STU07712,Male,22,ECE,Day Scholar,87913,46.3,9.52,27,0,89.9,0,6,1,0,2,0,0,0
STU07713,Male,24,AIML,Hosteler,21271,64.5,5.59,50,0,86.8,0,2,0,0,12,0,0,0
STU07714,Feamle,23,CSE,Day Scholar,123324,47.9,4.83,34,0,48.4,1,6,0,1,6,0,0,1
STU07715,Feamle,21,CSE,Day Scholar,196388,86.0,6.6,57,0,77.5,1,0,1,1,12,0,0,0
STU07716,Male,18,ECE,Hosteler,179491,95.8,6.07,9,0,83.7,0,5,1,0,8,0,1,0
STU07717,Feamle,23,MC,Hosteler,53202,87.7,6.98,37,1,59.6,0,5,1,1,7,1,0,0
STU07718,Feamle,18,MC,Hosteler,171054,89.8,7.78,31,3,51.6,0,4,1,0,4,0,0,0
STU07719,Feamle,21,CSE,Day Scholar,89307,67.2,10.0,61,1,94.6,0,5,0,1,7,0,0,0
STU07720,Feamle,18,MC,Day Scholar,127030,83.2,6.32,97,1,62.5,1,7,1,0,7,0,0,0
STU07721,Feamle,18,MC,Day Scholar,192412,74.9,3.68,87,0,97.2,0,1,0,0,0,0,0,0
STU07722,Feamle,19,MC,Day Scholar,104070,77.8,6.64,49,1,80.9,0,6,0,0,4,1,0,0
STU07723,Male,24,ECE,Day Scholar,56892,89.4,7.53,40,0,74.2,0,6,0,0,14,0,1,0
STU07724,Male,22,ECE,Day Scholar,156674,92.6,5.55,46,0,92.7,1,5,0,0,1,0,1,0
STU07725,Male,22,MC,Day Scholar,146008,69.2,7.35,1,2,82.7,0,2,0,1,13,0,0,0
STU07726,Male,22,CSE,Day Scholar,100957,53.9,7.21,41,0,78.0,0,4,0,0,8,0,1,0
STU07727,Male,20,MC,Day Scholar,117210,72.2,7.39,3,1,63.2,2,9,0,0,0,0,1,0
STU07728,Feamle,19,AIML,Day Scholar,156239,71.7,8.19,0,0,100.0,0,9,1,1,6,3,0,0
STU07729,Male,23,CSE,Hosteler,73201,79.3,6.88,21,2,60.0,1,5,1,0,14,0,0,0
STU07730,Male,23,ECE,Hosteler,69698,87.5,7.82,10,0,100.0,0,8,1,0,14,0,1,0
STU07731,Feamle,23,AIML,Day Scholar,83753,46.3,4.3,10,0,50.8,0,5,0,1,1,0,0,0
STU07732,Feamle,22,MC,Hosteler,95479,64.9,5.56,13,0,88.9,1,5,0,0,13,0,0,0
STU07733,Male,24,MC,Day Scholar,84687,60.5,6.49,90,1,95.6,1,2,0,1,8,1,0,0
STU07734,Feamle,22,CSE,Day Scholar,186955,93.8,5.49,96,0,82.3,0,5,1,0,8,0,0,0
STU07735,Feamle,24,CSE,Hosteler,151290,71.9,7.01,91,0,93.6,2,7,0,0,9,0,0,0
STU07736,Feamle,19,MC,Day Scholar,52893,67.3,6.48,86,1,100.0,0,2,0,0,1,0,0,0
STU07737,Feamle,24,MC,Day Scholar,33169,83.1,6.32,72,1,92.2,0,8,1,0,0,3,1,0
STU07738,Male,18,CSE,Hosteler,66458,66.1,8.33,58,1,100.0,0,3,1,0,1,0,0,0
STU07739,Feamle,22,AIML,Day Scholar,196446,74.8,7.13,17,1,100.0,0,7,0,0,3,0,1,0
STU07740,Male,23,ECE,Day Scholar,94951,100.0,5.37,60,1,100.0,0,7,0,1,4,0,1,0
STU07741,Male,18,CSE,Hosteler,24180,100.0,6.1,23,1,93.8,0,1,0,0,6,0,0,0
STU07742,Feamle,22,AIML,Hosteler,189000,68.9,8.13,26,0,72.7,1,3,0,0,9,1,0,0
STU07743,Feamle,21,MC,Hosteler,29766,72.3,7.3,34,0,86.5,0,4,0,0,4,1,0,0
STU07744,Feamle,20,ECE,Hosteler,181130,65.7,8.79,67,1,91.8,1,10,0,0,8,0,0,0
STU07745,Male,22,AIML,Hosteler,21942,46.1,8.27,21,0,57.1,0,5,0,0,8,2,0,0
STU07746,Feamle,21,ECE,Day Scholar,162604,90.5,6.42,10,0,78.0,0,9,0,1,8,0,0,0
STU07747,Feamle,19,ECE,Hosteler,63374,100.0,9.15,70,1,60.4,1,6,0,0,9,2,1,0
STU07748,Feamle,21,ECE,Day Scholar,86790,68.3,9.28,57,0,70.0,0,0,0,0,0,0,0,0
STU07749,Feamle,19,AIML,Hosteler,53755,62.7,4.32,100,0,87.1,0,3,1,0,0,1,0,0
STU07750,Feamle,22,AIML,Day Scholar,141925,70.9,7.05,97,0,77.0,1,4,1,0,14,2,0,0
STU07751,Male,19,MC,Day Scholar,79192,76.3,6.18,75,0,68.5,0,4,1,0,11,0,0,0
STU07752,Feamle,21,ECE,Day Scholar,100459,58.0,6.61,3,1,88.1,2,7,0,0,0,2,0,0
STU07753,Feamle,24,CSE,Day Scholar,117218,68.1,5.78,65,0,78.3,2,6,1,0,1,0,0,0
STU07754,Feamle,20,CSE,Hosteler,67592,90.2,5.59,64,2,80.6,1,3,0,0,3,2,0,0
STU07755,Male,18,CSE,Day Scholar,140041,76.9,8.35,17,0,80.5,1,3,0,1,8,1,0,0
STU07756,Feamle,18,AIML,Hosteler,130397,94.1,5.25,58,1,87.0,0,3,1,0,5,0,1,0
STU07757,Male,20,MC,Hosteler,33118,80.5,7.14,22,2,47.6,1,5,0,1,12,0,1,0
STU07758,Male,23,AIML,Day Scholar,133305,58.7,4.98,97,0,80.7,1,4,0,0,13,0,1,1
STU07759,Feamle,18,ECE,Day Scholar,84610,66.4,8.9,3,1,100.0,2,2,1,0,3,0,0,0
STU07760,Feamle,22,CSE,Hosteler,98699,78.7,7.05,52,1,28.4,0,6,0,0,12,0,0,0
STU07761,Feamle,23,AIML,Day Scholar,184200,58.2,8.12,82,2,72.5,1,7,1,0,4,0,0,0
STU07762,Male,22,CSE,Day Scholar,28104,56.2,7.29,39,0,82.6,1,6,0,1,13,0,0,0
STU07763,Male,21,AIML,Day Scholar,99722,57.1,6.62,39,0,57.3,0,6,1,0,1,0,0,0
STU07764,Male,21,CSE,Hosteler,28549,82.7,7.1,50,0,48.4,0,4,1,0,2,0,0,0
STU07765,Male,23,ECE,Hosteler,146081,69.5,9.26,8,1,71.2,0,9,0,0,7,0,0,0
STU07766,Male,23,CSE,Day Scholar,115614,92.7,5.65,22,0,68.2,0,7,0,0,14,0,0,0
STU07767,Male,23,ECE,Hosteler,77240,61.6,3.18,12,0,93.8,0,4,0,0,13,0,0,0
STU07768,Feamle,23,ECE,Day Scholar,52831,38.1,5.82,0,0,68.3,1,6,0,0,5,1,0,0
STU07769,Feamle,19,AIML,Day Scholar,117462,73.0,5.19,75,1,90.2,1,4,1,1,10,0,0,0
STU07770,Male,24,AIML,Day Scholar,89474,99.7,8.45,9,0,84.5,1,9,1,0,8,0,1,0
STU07771,Feamle,23,AIML,Day Scholar,108233,75.5,6.74,26,1,94.3,1,2,1,0,5,1,0,0
STU07772,Feamle,24,ECE,Day Scholar,163681,54.4,8.24,18,0,72.9,1,6,1,0,8,0,0,0
STU07773,Male,23,MC,Day Scholar,161595,50.6,7.05,95,1,76.9,1,7,0,0,6,0,0,0
STU07774,Male,21,MC,Day Scholar,178061,93.0,7.01,21,0,100.0,0,2,0,0,5,0,0,0
STU07775,Feamle,22,ECE,Hosteler,124700,62.9,7.25,88,0,100.0,0,3,1,0,3,1,0,0
STU07776,Male,24,ECE,Day Scholar,91772,98.1,9.22,10,0,100.0,2,6,0,0,2,0,1,0
STU07777,Male,21,AIML,Day Scholar,60577,84.8,7.28,74,0,58.2,0,2,0,1,7,0,0,0
STU07778,Feamle,18,AIML,Day Scholar,154177,63.5,8.66,89,0,62.4,0,2,0,0,5,0,0,0
STU07779,Male,19,AIML,Day Scholar,121856,92.5,8.57,15,1,86.7,0,3,1,0,13,0,0,0
STU07780,Feamle,19,MC,Day Scholar,105395,61.1,6.76,28,0,73.4,1,8,1,0,8,0,0,0
STU07781,Feamle,22,MC,Day Scholar,152910,53.3,6.89,29,2,38.8,0,5,0,0,3,1,0,0
STU07782,Feamle,23,ECE,Day Scholar,44437,62.0,6.43,10,0,88.6,1,2,0,0,5,0,0,0
STU07783,Feamle,21,MC,Day Scholar,91449,86.5,8.92,56,0,63.2,0,3,0,0,4,0,0,0
STU07784,Feamle,18,AIML,Hosteler,138099,92.1,5.59,64,0,80.4,0,5,0,0,0,0,0,0
STU07785,Male,21,AIML,Hosteler,134176,69.1,5.92,5,1,85.3,2,4,0,0,4,1,0,0
STU07786,Male,23,AIML,Day Scholar,176632,47.0,6.59,76,0,71.9,0,8,0,0,13,0,0,0
STU07787,Male,23,AIML,Day Scholar,177280,51.6,5.28,90,1,74.1,0,8,1,1,0,1,0,1
STU07788,Male,20,AIML,Day Scholar,186730,59.0,6.11,34,1,93.1,0,2,1,0,2,0,0,0
STU07789,Feamle,21,CSE,Hosteler,198427,55.6,8.7,96,0,44.9,0,9,0,0,7,0,0,0
STU07790,Feamle,22,ECE,Hosteler,63003,79.0,7.98,58,0,54.8,1,6,0,0,8,0,0,0
STU07791,Male,21,ECE,Hosteler,34646,100.0,6.37,13,0,28.9,0,2,1,0,0,1,0,0
STU07792,Feamle,19,MC,Day Scholar,70560,86.9,8.2,42,0,67.5,0,2,1,0,12,1,0,0
STU07793,Male,18,AIML,Hosteler,138560,58.1,10.0,45,1,100.0,2,1,1,0,7,0,0,0
STU07794,Male,24,CSE,Hosteler,106597,64.6,7.47,21,0,57.6,0,2,1,0,9,1,1,0
STU07795,Male,22,AIML,Day Scholar,78679,67.5,9.13,59,0,82.3,0,3,1,0,3,0,0,0
STU07796,Feamle,20,AIML,Day Scholar,191286,80.8,8.28,84,1,78.8,0,6,0,0,7,0,0,0
STU07797,Feamle,18,MC,Hosteler,195669,98.6,6.56,1,1,59.7,0,3,1,0,14,0,0,0
STU07798,Feamle,18,CSE,Day Scholar,42873,68.0,7.3,68,1,66.4,1,8,1,0,0,0,0,0
STU07799,Feamle,24,CSE,Day Scholar,154530,98.1,7.79,14,0,39.9,0,5,0,0,7,0,0,0
STU07800,Male,19,ECE,Day Scholar,57165,100.0,5.88,49,0,88.6,0,5,1,0,12,2,1,0
STU07801,Feamle,19,AIML,Day Scholar,107803,69.8,3.09,83,0,100.0,1,5,0,0,1,0,1,0
STU07802,Feamle,19,CSE,Day Scholar,83994,69.4,5.75,89,0,54.3,0,4,0,0,3,0,1,0
STU07803,Feamle,22,ECE,Hosteler,165654,69.6,3.76,55,2,83.2,0,3,0,0,10,0,0,0
STU07804,Male,21,CSE,Hosteler,117925,75.9,5.87,62,0,100.0,3,6,1,0,14,1,1,0
STU07805,Male,18,AIML,Day Scholar,34823,69.6,4.44,87,0,98.7,1,4,1,0,5,1,0,0
STU07806,Feamle,21,ECE,Day Scholar,150803,88.3,8.32,34,0,94.0,0,4,1,0,11,0,0,0
STU07807,Feamle,21,CSE,Day Scholar,60856,51.8,5.23,87,1,100.0,1,4,1,1,3,0,1,1
STU07808,Feamle,19,MC,Hosteler,27406,67.0,7.82,25,1,52.3,0,6,0,0,0,2,0,0
STU07809,Feamle,21,CSE,Day Scholar,50619,79.9,8.15,85,0,65.7,0,5,0,0,9,1,0,0
STU07810,Male,18,AIML,Hosteler,158143,88.1,8.05,26,1,77.6,0,7,0,0,5,0,1,0
STU07811,Feamle,18,MC,Day Scholar,172924,100.0,4.2,18,0,93.9,2,8,0,0,10,1,1,0
STU07812,Feamle,23,CSE,Hosteler,199944,55.7,8.68,36,0,98.4,0,2,0,0,9,1,0,0
STU07813,Feamle,20,CSE,Day Scholar,127871,65.2,7.63,35,0,80.4,0,4,0,0,4,1,1,0
STU07814,Male,22,ECE,Hosteler,128029,41.0,8.21,92,0,90.0,0,7,0,0,1,0,1,0
STU07815,Male,21,AIML,Hosteler,161216,58.4,9.74,39,0,87.7,0,2,0,0,9,0,0,0
STU07816,Feamle,22,CSE,Hosteler,162255,48.5,8.19,62,1,44.1,0,5,1,0,4,0,0,0
STU07817,Feamle,22,CSE,Day Scholar,41074,67.2,5.23,38,1,66.3,1,4,0,0,11,0,1,0
STU07818,Feamle,22,CSE,Hosteler,32349,71.6,7.98,11,1,37.2,1,9,0,0,9,2,0,0
STU07819,Feamle,24,AIML,Day Scholar,138160,82.0,4.74,43,1,72.6,1,3,1,0,14,0,0,0
STU07820,Feamle,23,MC,Day Scholar,47493,70.5,6.91,79,0,78.4,0,2,0,0,10,0,1,0
STU07821,Male,22,AIML,Day Scholar,109146,82.0,6.25,47,2,81.3,0,7,1,1,14,0,0,0
STU07822,Male,23,ECE,Hosteler,160429,76.7,7.02,94,0,70.1,0,8,1,0,1,0,0,0
STU07823,Male,18,ECE,Day Scholar,24561,59.5,4.74,78,0,86.6,0,8,0,1,6,0,0,1
STU07824,Feamle,24,AIML,Day Scholar,93150,49.7,4.91,32,1,80.0,0,6,1,0,4,0,1,1
STU07825,Male,21,CSE,Day Scholar,84685,83.8,6.33,78,0,64.8,1,4,0,0,11,1,1,0
STU07826,Male,23,CSE,Day Scholar,22358,99.7,6.67,31,0,52.6,0,3,1,0,1,3,0,0
STU07827,Male,20,MC,Day Scholar,182877,100.0,6.36,21,2,64.6,0,8,0,1,2,0,0,0
STU07828,Feamle,22,AIML,Day Scholar,162502,89.0,9.18,5,0,85.5,0,9,0,1,6,0,0,0
STU07829,Feamle,24,AIML,Day Scholar,36041,96.9,7.64,29,0,78.1,1,3,0,0,5,0,1,0
STU07830,Male,20,CSE,Day Scholar,131407,81.9,7.59,16,1,83.9,0,6,0,0,11,0,1,0
STU07831,Feamle,18,ECE,Hosteler,112262,79.5,6.43,1,0,83.8,0,9,1,1,8,0,1,0
STU07832,Male,18,ECE,Hosteler,30267,76.7,4.91,79,0,100.0,2,6,0,1,11,1,0,0
STU07833,Male,19,MC,Hosteler,97395,73.4,6.99,54,1,66.3,0,7,1,0,4,0,0,0
STU07834,Male,22,MC,Hosteler,110170,84.1,9.71,11,0,95.3,1,2,1,0,5,0,0,0
STU07835,Male,19,ECE,Day Scholar,173669,67.2,7.34,11,0,100.0,0,6,1,0,7,0,0,0
STU07836,Feamle,24,AIML,Day Scholar,128454,72.8,8.67,50,1,50.1,0,5,0,0,0,2,1,0
STU07837,Feamle,20,MC,Hosteler,126680,57.3,8.86,47,0,86.3,1,6,0,0,11,0,0,0
STU07838,Feamle,21,CSE,Day Scholar,175061,82.1,7.84,38,0,69.4,0,5,0,0,1,0,0,0
STU07839,Feamle,19,AIML,Hosteler,39003,60.6,7.33,80,0,63.4,0,3,0,0,13,0,0,0
STU07840,Male,18,CSE,Day Scholar,50169,75.5,5.52,69,0,100.0,0,6,0,0,6,0,0,0
STU07841,Feamle,22,MC,Day Scholar,67271,82.5,6.69,89,3,91.0,1,2,0,0,4,3,0,0
STU07842,Male,20,ECE,Hosteler,36961,83.8,6.46,0,0,72.6,0,4,1,1,6,0,0,0
STU07843,Feamle,23,MC,Day Scholar,163218,86.6,7.49,15,0,100.0,1,2,0,0,3,1,0,0
STU07844,Feamle,24,ECE,Hosteler,82676,71.8,4.88,45,0,97.9,0,4,0,1,3,0,0,0
STU07845,Feamle,24,AIML,Day Scholar,196309,82.3,6.19,62,1,81.2,1,3,0,0,8,0,0,0
STU07846,Male,18,MC,Day Scholar,61030,67.7,7.61,58,0,82.6,1,2,1,0,7,0,0,0
STU07847,Male,23,MC,Hosteler,86091,45.4,5.95,46,0,77.3,1,4,0,0,12,0,0,0
STU07848,Male,24,MC,Day Scholar,62178,83.0,5.63,15,1,76.6,0,4,0,0,12,0,0,0
STU07849,Male,21,AIML,Hosteler,23640,79.5,5.81,45,0,63.3,0,1,1,0,4,0,0,0
STU07850,Feamle,22,CSE,Hosteler,148291,90.2,6.59,79,1,69.0,0,8,1,0,0,1,0,0
STU07851,Male,21,CSE,Day Scholar,197208,74.6,3.43,38,0,79.4,0,5,0,1,1,1,0,0
STU07852,Male,24,ECE,Day Scholar,87448,51.0,5.88,92,0,72.7,0,2,0,0,9,1,1,1
STU07853,Feamle,21,MC,Day Scholar,104650,73.6,8.43,49,1,65.4,0,4,1,0,10,0,0,0
STU07854,Feamle,24,CSE,Day Scholar,189259,88.3,7.49,48,1,100.0,1,10,1,1,13,1,0,0
STU07855,Male,22,AIML,Day Scholar,43922,82.1,7.63,25,2,88.8,0,4,1,0,11,0,0,0
STU07856,Feamle,22,MC,Hosteler,133746,72.8,4.26,93,0,73.9,1,10,0,1,10,3,0,0
STU07857,Male,23,ECE,Day Scholar,180572,50.0,6.38,32,0,100.0,1,1,0,0,14,1,1,1
STU07858,Feamle,21,CSE,Day Scholar,165501,59.6,6.83,19,0,72.7,0,4,0,0,8,0,0,0
STU07859,Male,20,AIML,Day Scholar,134954,82.2,7.7,100,0,69.5,0,3,0,0,10,1,0,0
STU07860,Male,23,AIML,Hosteler,187756,50.0,8.67,76,1,59.8,0,4,0,0,7,0,0,0
STU07861,Male,22,ECE,Day Scholar,164759,70.2,8.43,71,4,76.4,1,7,0,0,6,0,0,0
STU07862,Male,18,CSE,Day Scholar,109248,75.6,6.12,95,0,94.7,2,3,0,0,14,0,0,0
STU07863,Male,24,MC,Day Scholar,147589,92.2,6.16,81,1,92.7,0,3,0,0,13,0,1,0
STU07864,Feamle,23,AIML,Day Scholar,34837,84.2,9.12,40,0,87.5,2,4,0,0,0,0,0,0
STU07865,Male,19,ECE,Hosteler,163937,89.4,6.46,10,1,84.2,0,10,0,0,13,0,0,0
STU07866,Male,20,AIML,Day Scholar,64653,79.5,5.38,54,1,72.4,0,2,1,1,9,2,0,0
STU07867,Male,24,AIML,Day Scholar,186166,62.3,6.69,46,0,100.0,1,4,1,0,13,1,0,0
STU07868,Male,23,CSE,Day Scholar,55569,65.8,9.02,77,1,100.0,0,3,0,0,1,0,1,0
STU07869,Male,22,CSE,Hosteler,68787,61.0,5.64,49,0,78.3,1,2,1,0,5,0,0,0
STU07870,Feamle,22,MC,Day Scholar,182033,83.9,6.36,96,0,80.4,0,10,0,0,5,0,1,0
STU07871,Feamle,20,AIML,Day Scholar,71186,64.6,5.7,22,1,43.1,1,7,1,1,2,0,0,0
STU07872,Male,19,ECE,Hosteler,131837,69.1,8.43,60,2,80.6,0,3,0,0,7,0,1,0
STU07873,Feamle,23,AIML,Hosteler,35297,75.3,7.43,6,0,65.3,1,4,0,0,13,0,1,0
STU07874,Male,23,ECE,Day Scholar,76605,99.6,8.39,14,1,100.0,0,3,0,0,2,0,0,0
STU07875,Feamle,21,AIML,Day Scholar,102904,84.9,9.35,78,0,100.0,1,4,0,0,0,0,0,0
STU07876,Feamle,18,ECE,Hosteler,106019,63.4,4.73,8,0,54.7,1,4,0,1,0,0,0,0
STU07877,Male,22,AIML,Hosteler,26463,77.3,5.86,84,1,70.7,0,11,0,0,2,0,0,0
STU07878,Feamle,23,AIML,Hosteler,164704,99.8,6.35,36,0,83.4,0,5,0,0,7,0,0,0
STU07879,Feamle,23,MC,Hosteler,180775,84.2,7.1,58,2,100.0,0,4,1,0,7,0,0,0
STU07880,Male,24,CSE,Day Scholar,135763,51.0,7.76,27,0,100.0,0,6,1,0,3,0,0,0
STU07881,Male,24,CSE,Hosteler,102943,61.3,6.26,5,1,100.0,0,2,1,0,3,0,0,0
STU07882,Feamle,23,ECE,Hosteler,66221,60.1,5.96,9,0,76.7,0,5,1,0,9,0,0,0
STU07883,Feamle,19,AIML,Day Scholar,138585,96.6,8.43,14,1,100.0,1,7,1,0,14,0,0,0
STU07884,Feamle,18,AIML,Hosteler,131370,93.8,7.82,87,1,45.9,3,3,0,0,8,1,0,0
STU07885,Male,23,CSE,Day Scholar,126775,65.6,7.47,3,0,91.1,0,6,0,0,5,0,0,0
STU07886,Feamle,20,ECE,Day Scholar,45759,65.3,3.78,98,0,81.1,1,3,0,0,1,0,0,0
STU07887,Feamle,22,MC,Day Scholar,107000,75.7,8.81,57,1,100.0,1,3,0,0,12,0,0,0
STU07888,Feamle,21,MC,Day Scholar,80943,76.1,7.28,14,1,68.5,1,5,1,0,7,0,1,0
STU07889,Male,24,MC,Day Scholar,105862,60.6,6.76,36,1,95.5,1,4,1,1,0,0,0,0
STU07890,Male,20,AIML,Hosteler,184111,71.3,5.77,1,0,100.0,2,4,0,1,7,0,1,0
STU07891,Male,22,ECE,Day Scholar,130475,53.2,6.05,46,0,78.2,1,5,0,0,12,0,0,0
STU07892,Male,24,CSE,Day Scholar,96069,94.1,5.66,27,3,88.7,0,8,0,0,0,1,0,0
STU07893,Feamle,19,AIML,Hosteler,163230,48.6,4.0,68,1,79.3,0,5,0,0,9,0,0,1
STU07894,Male,24,AIML,Day Scholar,148979,48.4,5.77,86,1,67.4,0,5,1,0,3,0,0,0
STU07895,Feamle,18,MC,Day Scholar,171470,81.5,4.6,72,2,70.4,1,3,0,0,9,0,0,0
STU07896,Feamle,18,ECE,Hosteler,126446,56.4,6.91,70,2,90.3,1,5,0,0,6,0,1,0
STU07897,Feamle,22,ECE,Day Scholar,57711,67.5,5.27,67,1,69.6,0,1,0,0,6,0,0,0
STU07898,Feamle,20,MC,Day Scholar,102688,75.9,8.09,18,0,83.8,3,3,0,1,10,0,0,0
STU07899,Male,21,MC,Day Scholar,50772,85.1,4.5,7,1,64.7,0,4,0,0,1,0,0,0
STU07900,Male,19,MC,Day Scholar,47307,71.7,8.79,30,0,100.0,1,3,1,1,4,0,0,0
STU07901,Male,22,AIML,Day Scholar,156238,100.0,8.25,13,0,94.6,0,7,0,0,3,0,0,0
STU07902,Male,19,AIML,Hosteler,143890,75.0,5.4,28,1,57.9,1,7,0,0,1,0,1,0
STU07903,Male,18,AIML,Hosteler,27589,92.9,6.86,8,1,71.3,0,4,1,1,12,0,0,0
STU07904,Feamle,23,CSE,Hosteler,199058,79.2,5.72,100,2,67.4,1,10,0,0,11,0,1,0
STU07905,Male,23,CSE,Day Scholar,151536,100.0,7.87,69,0,75.4,2,6,1,1,1,1,1,0
STU07906,Male,21,ECE,Day Scholar,22600,90.9,9.7,59,0,95.5,0,6,1,0,4,0,0,0
STU07907,Male,19,MC,Day Scholar,151988,75.7,8.77,91,1,66.5,0,6,0,0,8,1,1,0
STU07908,Male,22,MC,Day Scholar,157198,84.4,5.97,44,2,68.2,0,7,1,0,11,1,0,0
STU07909,Feamle,21,AIML,Day Scholar,158223,71.1,7.17,73,0,74.0,0,6,0,0,12,2,0,0
STU07910,Feamle,24,CSE,Day Scholar,97196,70.9,9.28,53,1,88.5,1,2,1,0,2,1,1,0
STU07911,Feamle,24,MC,Hosteler,151137,55.4,7.79,44,0,39.3,1,6,0,0,12,3,0,0
STU07912,Feamle,20,ECE,Day Scholar,111837,62.9,8.52,2,1,87.5,0,4,0,0,5,0,0,0
STU07913,Feamle,23,MC,Day Scholar,98424,100.0,7.98,75,0,36.6,2,5,0,0,1,0,0,0
STU07914,Male,22,AIML,Day Scholar,158265,56.9,7.11,35,0,79.7,1,6,0,0,0,0,0,0
STU07915,Feamle,19,AIML,Hosteler,139259,65.2,6.9,10,0,68.0,2,4,0,0,3,0,0,0
STU07916,Feamle,21,CSE,Day Scholar,179612,73.6,5.18,72,0,45.7,0,7,0,0,10,0,0,0
STU07917,Feamle,22,ECE,Day Scholar,96537,74.1,5.85,5,0,98.9,1,6,0,0,6,0,0,0
STU07918,Male,21,ECE,Hosteler,81434,80.8,5.65,75,0,70.7,0,7,0,0,9,0,1,0
STU07919,Male,21,MC,Hosteler,160150,68.0,6.47,40,2,55.3,0,7,0,1,1,0,0,0
STU07920,Feamle,21,ECE,Hosteler,76125,81.7,7.15,71,0,86.1,0,6,1,0,12,1,0,0
STU07921,Male,19,MC,Day Scholar,72960,92.1,6.84,40,0,100.0,0,3,0,0,13,0,0,0
STU07922,Male,22,MC,Hosteler,81521,94.0,7.32,76,0,55.5,0,7,0,0,2,1,0,0
STU07923,Feamle,18,CSE,Day Scholar,109485,71.0,8.0,61,0,99.8,0,7,0,0,12,0,0,0
STU07924,Male,18,ECE,Day Scholar,44245,84.2,6.38,8,0,48.6,0,7,0,0,2,0,0,0
STU07925,Male,19,AIML,Day Scholar,52811,57.8,8.11,83,0,39.0,0,10,0,0,14,0,0,0
STU07926,Male,24,MC,Day Scholar,182615,64.2,8.71,9,0,73.3,0,4,0,0,0,0,1,0
STU07927,Feamle,19,MC,Hosteler,187682,57.4,7.62,40,0,78.3,0,4,0,0,6,0,0,0
STU07928,Feamle,23,MC,Day Scholar,155777,74.3,6.18,26,0,100.0,0,3,0,0,5,0,0,0
STU07929,Feamle,21,ECE,Hosteler,169344,62.1,8.42,52,0,70.2,0,5,0,1,13,1,0,0
STU07930,Male,22,ECE,Day Scholar,51834,52.2,7.72,3,1,79.1,0,5,1,0,3,1,0,0
STU07931,Feamle,22,ECE,Hosteler,101548,69.2,7.93,9,0,67.5,0,4,0,0,8,0,0,0
STU07932,Male,20,MC,Day Scholar,81236,49.1,9.3,48,0,100.0,0,5,1,0,12,0,0,0
STU07933,Male,20,AIML,Day Scholar,176367,94.9,8.06,18,0,71.5,0,4,0,1,2,1,0,0
STU07934,Male,18,AIML,Day Scholar,68937,66.6,9.36,73,2,68.2,1,1,1,0,6,3,1,0
STU07935,Feamle,20,ECE,Day Scholar,26842,89.8,6.78,49,0,73.8,0,7,0,0,5,2,0,0
STU07936,Feamle,20,AIML,Hosteler,159373,67.6,6.35,47,1,75.1,1,4,0,0,9,0,0,0
STU07937,Feamle,18,MC,Hosteler,122862,57.1,8.72,22,0,40.4,0,6,0,0,3,1,1,0
STU07938,Feamle,23,ECE,Day Scholar,182651,92.6,5.52,99,0,61.3,2,9,0,0,14,1,0,0
STU07939,Male,24,ECE,Day Scholar,45090,76.3,9.83,8,0,53.9,2,6,0,0,5,1,0,0
STU07940,Feamle,18,MC,Day Scholar,142408,100.0,8.95,65,0,65.3,0,4,0,0,8,1,0,0
STU07941,Male,24,ECE,Hosteler,28828,68.0,7.13,18,0,100.0,1,7,0,1,11,1,1,0
STU07942,Feamle,20,MC,Day Scholar,72480,68.3,8.8,71,1,36.5,0,8,0,0,3,0,0,0
STU07943,Feamle,22,ECE,Day Scholar,123616,90.1,7.99,89,1,53.6,3,4,0,1,9,2,0,0
STU07944,Feamle,20,AIML,Day Scholar,118373,90.2,5.06,50,1,90.5,0,3,0,0,4,1,0,0
STU07945,Male,21,ECE,Day Scholar,175005,77.3,5.78,99,0,63.2,0,6,0,0,11,2,0,0
STU07946,Male,24,ECE,Day Scholar,183663,100.0,7.43,10,0,99.4,1,5,0,0,9,0,0,0
STU07947,Male,24,ECE,Hosteler,165504,70.8,7.24,2,0,100.0,0,3,1,1,1,1,0,0
STU07948,Male,21,CSE,Hosteler,113911,56.0,8.96,60,1,43.0,1,6,0,1,14,0,0,0
STU07949,Male,21,AIML,Day Scholar,30042,60.0,7.45,93,1,53.5,1,3,0,0,13,0,0,0
STU07950,Feamle,23,MC,Day Scholar,171775,70.9,5.1,81,0,100.0,0,5,1,0,12,0,0,0
STU07951,Male,19,CSE,Day Scholar,173417,97.8,6.18,16,0,89.1,0,4,0,0,13,0,1,0
STU07952,Male,21,AIML,Day Scholar,31070,72.2,8.11,72,0,51.8,2,9,0,0,12,2,0,0
STU07953,Male,24,ECE,Day Scholar,97080,98.5,4.27,29,1,61.9,0,3,0,0,2,1,1,0
STU07954,Male,22,ECE,Day Scholar,138665,81.5,4.88,79,0,94.2,3,1,0,0,14,0,0,0
STU07955,Feamle,24,MC,Day Scholar,142188,91.3,6.44,7,0,78.2,0,3,0,0,7,1,0,0
STU07956,Male,24,MC,Hosteler,93595,80.8,8.39,40,0,84.6,1,7,0,0,3,0,0,0
STU07957,Feamle,23,AIML,Day Scholar,190624,80.7,6.67,25,1,67.9,1,7,1,0,8,0,0,0
STU07958,Feamle,19,AIML,Day Scholar,38018,86.3,7.69,4,1,70.8,0,5,1,0,6,0,0,0
STU07959,Feamle,19,MC,Hosteler,34093,66.5,7.01,68,1,100.0,1,6,0,0,8,2,1,0
STU07960,Male,21,AIML,Day Scholar,129972,66.7,6.79,23,0,96.0,1,5,1,1,11,0,0,0
STU07961,Feamle,20,MC,Day Scholar,88079,80.2,6.02,77,0,49.9,0,4,1,0,14,2,0,0
STU07962,Male,24,ECE,Day Scholar,36118,100.0,8.26,68,1,70.7,0,4,0,0,5,0,1,0
STU07963,Male,18,MC,Hosteler,92889,51.9,5.12,35,0,98.2,0,6,1,1,5,0,1,1
STU07964,Male,20,CSE,Hosteler,33349,44.6,6.65,88,0,23.1,0,7,1,1,14,0,0,0
STU07965,Male,20,MC,Hosteler,86304,71.0,8.72,16,0,35.7,0,5,0,1,7,1,0,0
STU07966,Male,19,MC,Hosteler,34163,90.5,5.85,69,1,100.0,2,4,0,0,14,0,0,0
STU07967,Feamle,19,CSE,Day Scholar,35095,75.8,4.67,70,1,79.8,1,9,1,0,13,2,0,0
STU07968,Feamle,23,CSE,Hosteler,140452,57.5,3.82,45,1,76.9,0,6,1,0,6,0,1,1
STU07969,Male,23,CSE,Day Scholar,86527,76.2,8.0,78,0,94.7,0,10,0,0,12,1,0,0
STU07970,Feamle,19,CSE,Hosteler,177376,49.0,8.1,69,0,40.3,0,6,0,1,8,0,0,0
STU07971,Male,22,MC,Hosteler,62988,84.4,6.48,31,0,83.5,0,10,0,0,5,1,0,0
STU07972,Feamle,22,AIML,Day Scholar,78873,70.4,5.09,59,1,100.0,0,7,1,1,0,0,0,0
STU07973,Feamle,18,CSE,Day Scholar,155224,73.8,6.78,41,1,71.4,1,2,1,1,4,0,1,0
STU07974,Feamle,19,ECE,Day Scholar,69663,81.4,8.77,39,1,100.0,1,6,0,0,13,1,0,0
STU07975,Feamle,21,MC,Day Scholar,113431,78.1,5.1,26,0,100.0,1,2,0,1,5,0,0,0
STU07976,Feamle,23,AIML,Day Scholar,112263,66.9,8.59,4,0,100.0,0,2,0,0,4,1,0,0
STU07977,Male,19,ECE,Day Scholar,178252,90.5,4.46,60,0,87.0,1,7,0,0,5,0,0,0
STU07978,Male,22,MC,Day Scholar,86270,87.0,5.29,60,0,77.8,1,5,0,0,12,0,0,0
STU07979,Feamle,19,MC,Hosteler,91214,48.4,7.16,79,0,70.6,0,6,1,0,5,0,0,0
STU07980,Male,22,ECE,Day Scholar,187149,71.5,8.42,51,0,78.6,2,8,0,0,3,0,0,0
STU07981,Feamle,19,CSE,Hosteler,177721,58.8,9.21,74,0,100.0,0,5,0,1,10,0,0,0
STU07982,Male,24,CSE,Day Scholar,198568,56.0,8.49,88,2,53.4,2,4,0,0,8,0,0,0
STU07983,Feamle,21,ECE,Hosteler,114317,83.0,9.33,65,0,84.3,0,3,0,0,6,0,1,0
STU07984,Feamle,18,AIML,Day Scholar,33060,68.7,7.27,91,1,95.4,0,4,0,0,3,0,0,0
STU07985,Feamle,24,CSE,Day Scholar,95558,72.9,6.07,6,1,63.4,0,7,0,1,0,1,0,0
STU07986,Male,21,MC,Hosteler,103779,65.0,8.78,37,1,78.9,1,8,0,0,11,0,0,0
STU07987,Male,22,MC,Day Scholar,191559,80.6,9.05,50,1,96.6,0,9,0,0,0,0,0,0
STU07988,Feamle,23,AIML,Hosteler,20916,85.2,8.4,0,0,90.6,2,3,0,0,10,0,0,0
STU07989,Feamle,23,MC,Hosteler,174720,100.0,7.92,81,1,70.2,0,9,1,1,1,3,0,0
STU07990,Male,20,CSE,Day Scholar,195207,72.3,9.09,75,0,61.3,2,8,0,1,3,0,0,0
STU07991,Male,21,AIML,Day Scholar,129130,53.3,7.51,48,1,56.9,1,6,0,0,4,0,0,0
STU07992,Male,19,CSE,Day Scholar,188532,67.4,6.97,71,0,78.6,0,7,0,0,13,0,0,0
STU07993,Male,18,AIML,Day Scholar,78581,87.7,8.09,19,0,89.0,0,4,0,0,9,1,0,0
STU07994,Male,19,ECE,Day Scholar,112272,63.4,7.72,98,0,78.4,1,4,0,0,2,0,0,0
STU07995,Feamle,19,MC,Day Scholar,21335,52.8,8.33,41,0,64.1,1,5,0,0,7,0,0,0
STU07996,Male,21,AIML,Day Scholar,112728,63.7,6.8,15,0,90.5,0,8,0,0,6,0,0,0
STU07997,Feamle,18,ECE,Hosteler,145823,67.0,8.36,32,1,77.5,1,6,0,0,11,1,1,0
STU07998,Feamle,20,CSE,Hosteler,82564,58.8,8.29,88,0,61.8,0,6,0,0,9,2,0,0
STU07999,Male,24,ECE,Hosteler,30892,78.3,7.32,82,0,57.0,1,5,1,0,9,0,0,0
STU08000,Male,19,CSE,Day Scholar,193985,73.8,5.87,98,0,74.0,1,7,0,1,5,0,1,0
STU08001,Feamle,18,AIML,Hosteler,199043,86.8,8.86,15,0,72.2,1,5,0,1,0,0,0,0
STU08002,Male,20,AIML,Hosteler,45524,68.3,5.19,15,0,72.6,0,7,0,0,14,0,0,0
STU08003,Feamle,24,MC,Day Scholar,85837,83.4,5.56,47,2,100.0,0,0,1,0,5,0,0,0
STU08004,Male,19,MC,Hosteler,165975,67.6,7.25,88,0,88.0,1,9,0,0,3,0,0,0
STU08005,Male,18,AIML,Day Scholar,112700,58.1,3.24,95,0,84.6,0,4,0,0,4,1,0,1
STU08006,Male,24,CSE,Hosteler,121005,66.9,9.31,54,0,69.4,1,3,1,0,13,2,0,0
STU08007,Feamle,21,CSE,Hosteler,193507,50.7,7.02,27,0,89.0,5,2,1,1,9,0,0,0
STU08008,Male,23,AIML,Hosteler,140902,100.0,9.31,72,0,70.4,0,3,0,0,12,1,0,0
STU08009,Feamle,23,CSE,Day Scholar,91180,77.1,9.71,81,0,100.0,0,4,0,0,14,0,0,0
STU08010,Male,19,AIML,Day Scholar,25520,63.1,6.77,22,0,100.0,0,2,0,0,6,0,0,0
STU08011,Feamle,19,MC,Hosteler,53436,69.3,9.02,29,0,54.1,0,4,0,0,8,0,0,0
STU08012,Male,24,CSE,Hosteler,22128,38.2,5.41,60,1,61.6,2,5,0,0,14,0,0,1
STU08013,Feamle,18,MC,Day Scholar,102137,96.5,7.65,95,3,100.0,0,3,1,0,5,0,1,0
STU08014,Feamle,23,ECE,Day Scholar,80275,95.0,6.29,87,1,75.4,0,3,1,0,4,0,0,0
STU08015,Feamle,19,MC,Day Scholar,160012,76.6,8.04,74,0,88.1,0,8,1,0,0,1,0,0
STU08016,Feamle,20,ECE,Day Scholar,122524,79.8,8.32,25,0,71.5,0,1,0,0,6,0,1,0
STU08017,Feamle,19,MC,Day Scholar,175848,56.0,6.76,10,0,24.5,0,6,1,0,6,1,0,0
STU08018,Feamle,23,MC,Day Scholar,104541,57.1,7.82,19,0,56.6,0,2,1,0,8,0,1,0
STU08019,Male,22,CSE,Day Scholar,117238,49.5,8.42,43,1,86.7,1,4,0,1,5,0,0,0
STU08020,Feamle,23,MC,Day Scholar,127447,72.6,7.28,17,2,79.1,1,6,0,0,1,0,0,0
STU08021,Feamle,20,AIML,Hosteler,120185,90.9,10.0,33,0,73.9,1,5,0,0,11,0,0,0
STU08022,Feamle,18,CSE,Hosteler,136120,69.3,6.79,99,1,79.2,2,8,0,1,2,1,0,0
STU08023,Male,20,CSE,Hosteler,190790,80.2,9.48,3,0,55.8,0,5,0,0,13,2,1,0
STU08024,Male,22,CSE,Hosteler,29968,89.7,8.72,84,0,52.9,0,3,1,1,4,0,1,0
STU08025,Male,22,MC,Hosteler,100634,50.6,4.21,89,0,41.1,0,5,0,1,3,1,0,1
STU08026,Feamle,19,CSE,Hosteler,141865,100.0,9.24,13,1,81.8,1,3,0,0,7,0,0,0
STU08027,Male,19,ECE,Day Scholar,94426,92.4,8.61,89,0,99.6,0,2,0,1,4,0,0,0
STU08028,Male,23,ECE,Day Scholar,145848,82.7,7.17,12,0,98.0,0,4,1,0,12,0,1,0
STU08029,Feamle,21,MC,Day Scholar,167915,88.9,7.55,89,0,100.0,0,8,1,0,7,0,0,0
STU08030,Feamle,20,CSE,Day Scholar,111196,89.6,7.74,40,0,40.1,0,7,0,1,9,0,1,0
STU08031,Male,23,AIML,Hosteler,44875,79.4,9.06,78,0,70.7,0,5,0,0,0,0,0,0
STU08032,Feamle,21,AIML,Day Scholar,79888,96.4,6.38,90,1,89.6,0,6,0,0,3,0,0,0
STU08033,Feamle,23,ECE,Day Scholar,177078,68.2,9.38,56,2,80.6,0,7,0,1,9,0,0,0
STU08034,Feamle,22,MC,Hosteler,44525,81.9,5.37,86,1,72.2,1,11,1,0,7,0,1,0
STU08035,Feamle,19,MC,Hosteler,123679,94.8,4.36,21,1,96.7,0,6,0,0,1,0,1,0
STU08036,Male,19,MC,Hosteler,72604,34.6,7.89,9,0,100.0,1,3,0,1,3,1,0,0
STU08037,Feamle,23,MC,Hosteler,156997,81.6,8.89,68,2,46.8,0,9,1,0,4,0,0,0
STU08038,Male,19,MC,Hosteler,182194,85.9,6.73,67,0,100.0,0,7,1,0,6,0,0,0
STU08039,Male,18,CSE,Hosteler,190271,49.4,3.6,49,1,72.7,0,2,1,0,5,0,0,0
STU08040,Male,23,CSE,Hosteler,184828,79.2,4.76,99,0,82.4,1,4,0,0,0,0,0,0
STU08041,Male,22,CSE,Hosteler,44789,63.1,7.65,15,2,76.3,0,3,0,0,9,0,0,0
STU08042,Feamle,24,AIML,Day Scholar,167987,81.0,6.98,95,1,56.7,0,6,1,0,14,0,1,0
STU08043,Feamle,23,CSE,Hosteler,22917,73.6,8.93,10,1,83.3,0,2,0,0,9,1,1,0
STU08044,Feamle,23,MC,Hosteler,148575,60.8,7.11,96,1,90.1,0,11,0,0,8,1,0,0
STU08045,Male,19,MC,Day Scholar,121923,91.6,5.89,98,1,67.8,0,9,0,0,10,1,0,0
STU08046,Male,22,AIML,Day Scholar,79328,68.7,7.46,67,0,37.9,1,11,0,0,5,0,0,0
STU08047,Male,23,AIML,Hosteler,79602,79.0,8.52,86,1,82.9,1,5,0,0,9,0,0,0
STU08048,Feamle,19,ECE,Day Scholar,30410,94.7,9.03,66,0,100.0,0,9,0,0,1,0,0,0
STU08049,Male,20,AIML,Hosteler,33574,61.2,6.83,19,1,77.9,0,5,0,0,3,0,0,0
STU08050,Feamle,22,ECE,Hosteler,117057,75.1,7.1,64,0,68.6,1,4,1,1,13,0,0,0
STU08051,Feamle,21,CSE,Hosteler,190404,67.6,8.17,32,1,96.6,1,10,0,0,9,0,0,0
STU08052,Feamle,18,MC,Day Scholar,79453,70.9,5.88,9,0,75.4,0,6,0,0,7,0,0,0
STU08053,Feamle,21,ECE,Hosteler,181877,100.0,8.11,66,0,72.0,1,4,1,0,5,0,0,0
STU08054,Male,24,ECE,Day Scholar,121364,81.9,6.65,54,0,76.4,1,7,1,1,9,0,0,0
STU08055,Feamle,22,ECE,Hosteler,144488,79.7,6.89,31,0,72.0,1,4,0,0,5,0,1,0
STU08056,Male,23,AIML,Day Scholar,165898,82.9,7.0,44,0,77.5,0,9,0,0,8,2,0,0
STU08057,Feamle,19,AIML,Hosteler,133535,81.5,7.19,58,0,86.4,0,6,1,0,6,2,1,0
STU08058,Male,24,AIML,Day Scholar,50779,47.6,9.87,30,0,100.0,0,5,1,0,11,0,0,0
STU08059,Male,22,ECE,Day Scholar,186364,100.0,6.3,84,2,36.3,0,8,0,0,8,0,0,0
STU08060,Feamle,18,CSE,Day Scholar,32607,53.0,6.37,87,1,70.5,0,1,0,0,0,3,0,1
STU08061,Feamle,22,MC,Hosteler,196784,100.0,9.17,87,0,100.0,0,2,0,0,1,0,0,0
STU08062,Feamle,24,AIML,Day Scholar,65883,84.3,7.67,51,2,72.1,0,5,0,0,7,1,0,0
STU08063,Male,19,CSE,Day Scholar,21100,77.7,8.15,9,2,100.0,0,4,0,0,0,0,1,0
STU08064,Feamle,21,AIML,Hosteler,28310,70.4,5.45,5,0,83.8,1,5,0,0,2,0,0,0
STU08065,Feamle,20,AIML,Day Scholar,194800,100.0,7.37,91,0,100.0,1,6,0,0,14,0,1,0
STU08066,Male,21,ECE,Day Scholar,58069,84.1,8.22,0,1,85.8,0,6,0,0,6,0,1,0
STU08067,Feamle,19,ECE,Day Scholar,67740,75.3,5.99,45,0,100.0,0,2,0,0,4,0,1,0
STU08068,Male,24,AIML,Hosteler,136888,67.0,7.94,73,1,86.3,0,10,1,0,10,1,0,0
STU08069,Feamle,19,MC,Day Scholar,29233,65.2,6.69,29,0,100.0,0,4,1,1,6,0,0,0
STU08070,Male,18,AIML,Hosteler,151568,75.8,6.03,78,1,100.0,1,5,0,0,11,0,0,0
STU08071,Male,22,MC,Day Scholar,115979,61.0,8.52,77,0,93.7,0,3,1,0,4,0,0,0
STU08072,Feamle,22,CSE,Day Scholar,155246,85.2,8.71,62,0,99.0,0,7,0,1,9,0,0,0
STU08073,Male,21,AIML,Day Scholar,166170,65.3,7.19,87,1,67.9,1,7,1,0,8,0,1,0
STU08074,Feamle,24,MC,Hosteler,76121,90.1,7.68,62,1,80.0,1,2,0,0,3,1,0,0
STU08075,Feamle,20,CSE,Day Scholar,129628,89.7,8.99,73,0,54.1,0,3,0,0,0,0,1,0
STU08076,Male,20,CSE,Hosteler,54421,74.2,6.41,89,1,90.2,0,5,0,0,3,1,0,0
STU08077,Feamle,18,ECE,Day Scholar,191086,83.7,7.52,0,1,96.6,0,3,0,1,0,0,1,0
STU08078,Male,19,CSE,Day Scholar,197900,84.5,6.42,19,2,57.2,1,5,0,0,0,2,0,0
STU08079,Male,18,ECE,Day Scholar,144586,53.1,5.47,28,1,100.0,1,8,1,1,6,0,0,1
STU08080,Male,22,CSE,Hosteler,66567,100.0,6.41,33,0,72.4,0,3,1,0,7,1,1,0
STU08081,Male,23,CSE,Hosteler,102163,71.2,5.31,65,1,99.6,0,4,0,0,3,0,0,0
STU08082,Male,23,MC,Hosteler,169711,85.4,7.64,65,1,74.3,0,4,1,0,5,0,0,0
STU08083,Male,23,MC,Day Scholar,92535,85.9,5.84,1,0,75.3,0,5,1,0,3,0,0,0
STU08084,Male,19,ECE,Hosteler,190583,37.7,4.9,71,1,24.8,1,2,0,0,12,0,1,1
STU08085,Male,18,AIML,Day Scholar,26073,65.1,8.11,53,0,80.2,0,1,0,0,1,0,0,0
STU08086,Feamle,24,MC,Day Scholar,126534,87.6,8.02,88,3,58.4,0,7,0,0,4,0,0,0
STU08087,Feamle,21,CSE,Hosteler,108541,75.9,6.5,17,2,95.6,0,4,0,0,1,0,0,0
STU08088,Male,22,ECE,Hosteler,103535,85.3,8.05,80,1,64.6,0,5,0,0,2,0,0,0
STU08089,Feamle,23,ECE,Hosteler,20019,76.4,5.79,29,0,67.7,0,3,0,0,4,0,0,0
STU08090,Feamle,24,ECE,Hosteler,34160,93.4,6.44,7,0,79.8,0,5,0,0,12,0,0,0
STU08091,Feamle,20,CSE,Day Scholar,198450,76.7,7.61,41,0,97.8,2,2,0,0,0,0,0,0
STU08092,Feamle,18,MC,Day Scholar,171227,96.4,8.55,28,0,83.1,0,3,0,0,5,0,0,0
STU08093,Feamle,22,AIML,Day Scholar,191161,60.3,6.43,50,0,72.4,0,3,0,0,7,0,0,0
STU08094,Feamle,22,ECE,Hosteler,191416,73.1,6.11,82,0,90.9,0,15,0,1,6,1,0,0
STU08095,Male,20,CSE,Day Scholar,52398,66.1,8.47,100,0,87.0,1,2,1,0,12,2,0,0
STU08096,Feamle,20,MC,Hosteler,81651,80.8,7.92,23,0,71.4,2,6,0,1,0,0,0,0
STU08097,Feamle,20,MC,Hosteler,199677,70.8,7.22,81,0,35.1,0,4,0,0,1,3,0,0
STU08098,Feamle,23,AIML,Day Scholar,148171,71.6,8.77,9,1,100.0,0,2,0,0,14,0,0,0
STU08099,Feamle,23,ECE,Day Scholar,135194,64.4,9.92,15,1,68.0,0,4,0,0,12,0,0,0
STU08100,Male,18,CSE,Hosteler,181395,68.1,7.55,49,0,95.0,1,4,0,0,9,2,0,0
STU08101,Male,20,MC,Day Scholar,110980,74.8,6.12,40,0,90.9,0,6,1,0,4,0,0,0
STU08102,Male,21,CSE,Day Scholar,133866,44.7,7.75,53,2,53.3,1,2,0,0,9,0,0,0
STU08103,Male,22,MC,Day Scholar,48566,40.5,5.77,43,0,69.5,0,5,1,0,5,0,0,0
STU08104,Feamle,20,ECE,Hosteler,188427,75.9,8.86,59,1,47.3,0,5,0,0,4,0,0,0
STU08105,Male,22,ECE,Day Scholar,62129,33.5,5.95,68,3,51.6,0,3,1,0,10,0,0,0
STU08106,Male,19,AIML,Day Scholar,123661,72.1,6.71,78,0,75.6,0,8,0,0,13,1,0,0
STU08107,Male,24,MC,Day Scholar,69891,69.3,5.74,22,1,89.4,1,5,0,0,0,0,0,0
STU08108,Male,19,CSE,Day Scholar,29982,83.1,7.27,94,0,100.0,1,6,0,0,5,0,0,0
STU08109,Feamle,20,MC,Day Scholar,121359,64.9,7.33,93,1,78.4,0,10,0,0,2,0,0,0
STU08110,Male,22,CSE,Day Scholar,139075,98.5,8.11,70,2,56.4,0,3,1,0,13,2,0,0
STU08111,Feamle,24,AIML,Hosteler,169659,87.7,7.18,19,0,81.3,1,4,0,0,0,1,0,0
STU08112,Male,19,MC,Day Scholar,73074,52.3,7.07,38,0,78.9,0,5,0,0,12,0,0,0
STU08113,Feamle,20,ECE,Hosteler,145277,70.7,6.14,2,0,78.4,0,5,1,0,13,0,0,0
STU08114,Feamle,22,CSE,Hosteler,52185,97.9,6.57,2,0,83.9,1,4,0,0,7,0,1,0
STU08115,Male,20,ECE,Day Scholar,87325,64.5,4.91,30,0,100.0,2,4,0,0,13,1,1,1
STU08116,Male,23,AIML,Hosteler,141089,74.2,9.09,6,0,91.4,0,7,0,0,4,3,0,0
STU08117,Male,22,AIML,Day Scholar,20584,96.1,6.86,0,0,50.3,0,6,0,0,12,0,0,0
STU08118,Male,19,CSE,Day Scholar,190018,66.9,9.46,55,2,82.1,0,7,0,0,11,0,0,0
STU08119,Feamle,20,MC,Day Scholar,137888,91.8,6.82,26,1,48.9,0,4,0,0,3,2,1,0
STU08120,Feamle,19,ECE,Day Scholar,150747,61.4,4.15,64,0,90.5,0,4,0,0,4,2,0,0
STU08121,Male,20,ECE,Hosteler,188030,31.7,6.32,69,1,80.4,0,5,0,0,14,1,1,1
STU08122,Male,18,CSE,Day Scholar,67323,93.4,7.0,83,0,54.7,0,7,0,0,7,0,0,0
STU08123,Feamle,19,CSE,Day Scholar,147276,81.6,7.1,38,0,74.4,2,3,1,0,13,1,0,0
STU08124,Male,19,CSE,Hosteler,133700,82.6,8.02,2,0,78.5,0,9,0,0,1,2,0,0
STU08125,Feamle,21,AIML,Hosteler,129318,58.6,7.26,58,0,100.0,2,5,0,1,8,0,0,0
STU08126,Male,24,AIML,Hosteler,162957,59.8,6.49,1,0,48.4,0,10,1,0,8,0,0,0
STU08127,Feamle,23,ECE,Day Scholar,178095,92.3,5.63,46,0,82.6,0,0,1,0,6,0,0,0
STU08128,Feamle,19,MC,Day Scholar,172241,78.6,6.39,95,0,83.8,0,2,0,0,10,0,0,0
STU08129,Feamle,22,CSE,Hosteler,34469,73.2,7.91,19,0,73.8,1,8,0,1,3,0,0,0
STU08130,Feamle,24,AIML,Day Scholar,101340,78.3,8.29,99,0,73.6,2,8,1,0,0,2,0,0
STU08131,Feamle,20,MC,Hosteler,123060,97.6,5.99,26,1,60.0,0,8,0,0,7,0,0,0
STU08132,Male,18,CSE,Day Scholar,158527,85.9,8.51,83,1,87.7,1,3,1,0,2,0,0,0
STU08133,Feamle,22,MC,Day Scholar,161569,67.9,7.85,18,0,71.1,0,2,0,0,11,0,1,0
STU08134,Male,24,CSE,Hosteler,86598,53.9,5.67,54,0,68.4,1,5,1,0,2,2,0,0
STU08135,Feamle,22,MC,Day Scholar,180048,83.8,7.37,62,1,96.5,1,2,0,1,4,0,0,0
STU08136,Feamle,22,ECE,Day Scholar,80698,61.1,7.55,84,1,94.8,0,3,0,0,8,0,1,0
STU08137,Male,22,CSE,Day Scholar,176173,57.3,5.4,42,0,100.0,0,6,0,0,4,0,0,1
STU08138,Male,24,CSE,Hosteler,139190,94.7,4.96,83,2,69.3,0,5,0,1,2,0,0,0
STU08139,Male,18,ECE,Hosteler,198553,88.1,7.71,4,1,100.0,0,3,1,0,1,0,1,0
STU08140,Male,21,CSE,Hosteler,172424,80.8,6.32,19,0,60.0,0,2,1,1,0,0,0,0
STU08141,Feamle,23,CSE,Day Scholar,91602,56.4,9.27,75,0,69.3,0,3,0,1,12,0,0,0
STU08142,Male,19,AIML,Day Scholar,180733,100.0,9.58,60,0,41.5,0,4,1,0,0,0,0,0
STU08143,Feamle,24,ECE,Hosteler,172856,90.4,7.71,61,1,53.0,2,2,0,0,13,0,0,0
STU08144,Male,22,AIML,Day Scholar,123988,70.4,8.43,73,0,100.0,0,12,1,0,14,0,0,0
STU08145,Male,19,ECE,Hosteler,151031,67.3,5.46,62,0,61.5,1,4,0,1,10,2,0,0
STU08146,Feamle,24,MC,Hosteler,179754,76.2,5.0,21,1,88.2,1,7,1,0,10,0,0,0
STU08147,Feamle,19,ECE,Day Scholar,30914,67.8,6.79,37,1,44.6,0,4,0,0,7,1,0,0
STU08148,Male,22,ECE,Hosteler,59606,100.0,5.07,91,1,77.5,1,8,1,1,14,1,1,1
STU08149,Feamle,21,AIML,Hosteler,185827,69.2,7.46,11,1,20.9,1,2,1,0,4,0,1,0
STU08150,Feamle,24,CSE,Hosteler,150596,59.0,5.82,73,0,63.9,2,3,0,0,14,0,0,0
STU08151,Feamle,19,ECE,Day Scholar,89603,98.8,7.29,60,0,90.2,0,5,0,0,5,0,0,0
STU08152,Feamle,20,CSE,Day Scholar,139756,66.5,6.74,98,0,97.8,0,7,0,0,11,0,0,0
STU08153,Feamle,19,ECE,Day Scholar,163387,86.8,7.96,47,0,90.0,1,4,0,1,14,3,1,0
STU08154,Feamle,23,AIML,Day Scholar,133462,85.1,7.49,100,0,100.0,0,7,0,0,11,0,1,0
STU08155,Feamle,22,ECE,Day Scholar,159949,74.1,6.39,16,1,74.4,0,6,0,0,3,1,0,0
STU08156,Feamle,18,MC,Hosteler,142494,60.4,4.95,90,0,86.6,0,4,0,0,1,0,0,0
STU08157,Male,19,ECE,Day Scholar,43038,74.3,7.24,51,1,81.3,2,6,0,0,1,0,0,0
STU08158,Feamle,21,ECE,Day Scholar,145429,57.5,4.39,45,0,100.0,2,4,1,0,9,0,1,1
STU08159,Male,20,CSE,Day Scholar,32869,74.6,8.87,55,0,88.2,0,3,1,1,14,2,0,0
STU08160,Feamle,20,CSE,Day Scholar,32058,86.6,7.79,28,0,82.1,0,6,0,0,8,2,0,0
STU08161,Feamle,18,MC,Day Scholar,162089,100.0,8.26,89,0,100.0,1,4,0,1,6,0,0,0
STU08162,Feamle,23,ECE,Hosteler,108724,58.7,5.55,72,1,63.6,0,7,1,0,3,2,1,0
STU08163,Feamle,18,CSE,Day Scholar,23500,71.2,7.53,50,1,95.3,0,4,0,0,14,0,1,0
STU08164,Male,23,ECE,Hosteler,144541,67.1,6.0,75,0,80.8,0,4,0,0,1,0,0,0
STU08165,Male,19,AIML,Day Scholar,112162,79.1,7.22,25,0,46.2,0,2,1,0,5,1,0,0
STU08166,Feamle,22,AIML,Hosteler,196170,52.2,5.5,96,0,78.3,0,6,0,1,11,0,0,0
STU08167,Male,21,MC,Hosteler,149798,61.1,6.87,95,0,97.0,2,6,0,0,12,0,0,0
STU08168,Feamle,20,AIML,Day Scholar,88797,49.6,4.93,74,1,79.3,0,5,1,1,1,0,0,0
STU08169,Feamle,18,CSE,Hosteler,130633,53.4,6.76,28,1,56.5,1,6,0,0,1,0,0,0
STU08170,Male,21,CSE,Day Scholar,72995,65.1,4.53,58,0,80.0,3,5,0,0,6,2,0,0
STU08171,Male,23,MC,Day Scholar,153053,100.0,9.62,7,0,35.2,0,2,1,1,11,0,0,0
STU08172,Feamle,22,ECE,Day Scholar,102567,80.2,7.24,24,1,96.6,2,3,1,0,13,0,0,0
STU08173,Feamle,20,CSE,Hosteler,73075,76.0,7.01,83,0,55.2,0,2,0,1,8,2,0,0
STU08174,Male,20,AIML,Hosteler,35876,95.2,8.01,20,1,94.4,1,5,0,1,14,0,0,0
STU08175,Feamle,23,CSE,Hosteler,153054,80.8,5.05,3,0,83.8,1,3,0,0,1,0,1,0
STU08176,Male,22,MC,Day Scholar,90791,82.2,5.83,35,1,39.6,0,5,1,1,4,1,0,0
STU08177,Feamle,20,AIML,Day Scholar,96285,67.9,7.8,42,2,75.0,0,5,1,1,5,2,0,0
STU08178,Feamle,22,AIML,Day Scholar,50214,65.4,7.24,92,0,73.4,3,2,0,0,12,0,1,0
STU08179,Male,20,AIML,Day Scholar,114244,55.3,5.92,82,0,62.6,0,0,0,1,12,1,0,0
STU08180,Male,19,MC,Day Scholar,22019,66.0,7.97,25,0,95.3,0,2,0,0,5,0,0,0
STU08181,Male,23,MC,Day Scholar,122978,70.8,7.45,35,0,38.2,0,8,1,0,5,0,0,0
STU08182,Feamle,22,ECE,Hosteler,191911,80.2,7.76,88,0,56.1,4,9,0,0,13,1,0,0
STU08183,Feamle,21,ECE,Hosteler,92516,74.4,7.58,22,0,76.3,1,3,0,0,11,1,0,0
STU08184,Feamle,19,ECE,Hosteler,63524,69.5,5.98,91,0,100.0,0,2,0,1,0,3,1,0
STU08185,Feamle,24,MC,Hosteler,160284,61.3,6.89,40,2,100.0,2,3,0,0,4,0,1,0
STU08186,Male,21,AIML,Day Scholar,133518,81.0,4.21,74,0,70.0,1,6,1,0,12,0,1,0
STU08187,Feamle,23,AIML,Day Scholar,109022,67.5,6.23,92,0,65.9,1,4,0,0,0,0,1,0
STU08188,Feamle,20,CSE,Day Scholar,128518,80.3,6.63,43,1,100.0,0,3,0,0,9,0,0,0
STU08189,Feamle,24,ECE,Day Scholar,40592,46.3,7.94,49,2,98.4,0,5,0,1,1,0,0,0
STU08190,Male,21,AIML,Day Scholar,183275,80.0,7.77,83,0,76.2,0,3,0,0,3,0,0,0
STU08191,Feamle,19,AIML,Day Scholar,187515,86.2,5.87,8,0,98.1,2,5,0,1,1,0,1,0
STU08192,Feamle,24,AIML,Hosteler,185619,84.3,5.84,87,0,100.0,0,1,1,0,3,0,0,0
STU08193,Male,24,AIML,Hosteler,111931,72.0,8.96,46,0,68.6,0,6,0,0,13,0,0,0
STU08194,Feamle,22,MC,Hosteler,73848,88.7,6.56,40,0,86.1,1,3,0,1,7,1,0,0
STU08195,Feamle,18,ECE,Hosteler,122841,55.9,7.17,12,1,45.2,1,10,0,0,6,0,0,0
STU08196,Male,21,AIML,Day Scholar,64610,73.7,8.18,57,0,90.6,0,4,1,0,11,1,1,0
STU08197,Feamle,18,AIML,Day Scholar,49817,72.1,6.88,65,0,84.4,0,5,0,1,2,0,0,0
STU08198,Feamle,23,AIML,Hosteler,105348,90.5,6.77,80,0,72.1,1,4,0,1,6,0,0,0
STU08199,Feamle,21,AIML,Day Scholar,107524,44.7,6.53,57,0,58.3,0,2,1,1,1,0,0,0
STU08200,Male,21,CSE,Day Scholar,162180,59.1,6.24,90,0,57.7,1,5,0,0,13,0,0,0
STU08201,Feamle,22,AIML,Hosteler,160291,100.0,7.21,65,0,100.0,0,2,0,1,4,0,0,0
STU08202,Feamle,20,AIML,Hosteler,138237,38.5,4.27,32,1,100.0,0,6,0,0,5,0,0,1
STU08203,Male,19,AIML,Day Scholar,176389,87.2,6.46,68,0,100.0,2,7,0,0,10,0,0,0
STU08204,Male,19,CSE,Day Scholar,23881,64.5,7.81,77,0,55.9,0,5,0,1,5,1,0,0
STU08205,Feamle,19,MC,Hosteler,62202,78.8,7.64,26,0,83.8,1,4,0,0,14,0,0,0
STU08206,Feamle,23,CSE,Hosteler,171808,96.2,9.12,49,0,69.4,2,10,1,0,6,2,0,0
STU08207,Feamle,24,AIML,Hosteler,76623,79.4,8.26,58,0,55.6,1,3,1,0,0,0,1,0
STU08208,Feamle,20,MC,Hosteler,79434,96.5,7.61,99,0,88.1,1,7,1,1,14,1,0,0
STU08209,Male,18,AIML,Day Scholar,162181,67.6,7.04,90,0,100.0,0,3,1,0,1,0,0,0
STU08210,Feamle,19,MC,Hosteler,108979,69.6,6.32,77,0,83.0,0,1,0,1,8,0,0,0
STU08211,Male,18,AIML,Hosteler,91185,86.8,7.75,78,1,92.7,2,5,0,0,12,0,0,0
STU08212,Male,20,AIML,Hosteler,195813,68.4,7.49,26,1,100.0,0,9,0,0,14,0,0,0
STU08213,Feamle,23,MC,Day Scholar,79056,84.0,6.44,58,0,72.1,1,2,1,0,11,0,0,0
STU08214,Feamle,20,MC,Hosteler,77937,92.8,5.7,55,1,65.1,1,4,1,0,10,0,1,0
STU08215,Male,22,AIML,Hosteler,96567,88.0,6.92,71,0,100.0,0,5,0,0,14,2,1,0
STU08216,Male,24,CSE,Day Scholar,183075,51.3,8.73,84,0,71.2,0,6,0,0,8,0,1,0
STU08217,Feamle,19,CSE,Day Scholar,25508,69.9,7.17,33,0,100.0,1,3,1,0,8,2,0,0
STU08218,Male,23,CSE,Hosteler,188857,79.2,7.04,48,1,86.4,1,7,0,1,7,2,0,0
STU08219,Feamle,22,CSE,Hosteler,81155,71.3,7.63,91,1,84.0,1,5,0,0,3,2,0,0
STU08220,Feamle,19,MC,Day Scholar,93658,76.2,7.72,87,1,93.6,1,6,0,0,8,0,0,0
STU08221,Male,20,MC,Day Scholar,44509,79.4,7.37,16,0,69.1,0,2,0,0,7,0,1,0
STU08222,Male,20,CSE,Hosteler,45497,67.1,6.94,69,1,72.0,1,5,0,0,10,1,0,0
STU08223,Feamle,21,ECE,Hosteler,165490,72.1,6.24,37,0,61.5,0,5,1,1,1,0,1,0
STU08224,Male,21,ECE,Hosteler,79383,57.3,8.51,82,0,61.5,0,6,1,0,3,1,1,0
STU08225,Feamle,20,ECE,Day Scholar,150053,67.8,6.36,0,1,61.8,1,5,0,1,12,0,0,0
STU08226,Feamle,20,AIML,Day Scholar,63159,52.1,9.36,37,1,88.7,1,2,1,1,7,1,0,0
STU08227,Feamle,18,CSE,Day Scholar,66814,76.7,7.23,25,1,78.5,3,3,0,0,11,0,0,0
STU08228,Male,24,AIML,Day Scholar,126246,72.1,7.08,68,0,79.8,0,1,1,0,4,1,0,0
STU08229,Feamle,18,MC,Day Scholar,27945,61.3,8.14,67,1,61.3,0,7,0,0,9,0,0,0
STU08230,Feamle,24,MC,Day Scholar,137926,100.0,6.02,24,1,100.0,1,5,0,0,4,0,0,0
STU08231,Feamle,22,ECE,Day Scholar,152565,71.3,7.86,57,1,100.0,0,7,0,0,3,0,0,0
STU08232,Feamle,21,ECE,Day Scholar,136265,79.3,7.17,44,0,77.6,0,3,0,0,0,0,0,0
STU08233,Feamle,21,MC,Hosteler,186268,65.4,7.62,21,0,81.0,1,5,1,0,1,0,0,0
STU08234,Feamle,20,ECE,Day Scholar,31187,68.8,5.97,47,1,100.0,0,7,1,0,12,0,0,0
STU08235,Feamle,20,ECE,Day Scholar,36696,79.9,5.96,12,0,100.0,0,7,0,0,14,0,1,0
STU08236,Feamle,22,MC,Day Scholar,59454,70.0,4.25,86,0,96.3,1,4,0,1,0,0,0,0
STU08237,Feamle,23,AIML,Hosteler,138763,75.0,6.31,96,0,100.0,1,8,1,0,9,0,0,0
STU08238,Feamle,23,ECE,Day Scholar,192917,87.1,6.24,24,0,59.3,0,6,0,0,12,2,0,0
STU08239,Feamle,23,AIML,Day Scholar,163452,67.2,6.0,9,0,65.3,0,5,1,0,14,0,0,0
STU08240,Male,21,ECE,Day Scholar,41602,55.0,6.83,17,0,100.0,0,6,1,0,6,0,0,0
STU08241,Feamle,18,CSE,Hosteler,37619,52.1,7.1,54,1,80.9,0,4,0,0,9,0,0,0
STU08242,Feamle,23,AIML,Day Scholar,93298,96.6,7.75,26,0,79.7,2,3,0,0,4,2,0,0
STU08243,Feamle,19,AIML,Hosteler,178926,89.0,7.85,55,1,100.0,0,12,1,1,12,2,0,0
STU08244,Male,22,ECE,Day Scholar,196754,84.8,7.98,55,0,67.1,0,8,0,0,14,0,0,0
STU08245,Feamle,23,AIML,Day Scholar,162297,68.5,8.04,48,0,89.7,0,6,0,0,13,0,1,0
STU08246,Male,19,CSE,Hosteler,151027,55.0,7.41,25,1,100.0,0,5,0,0,7,0,0,0
STU08247,Feamle,23,MC,Hosteler,65628,70.8,7.08,1,0,69.0,0,8,0,0,3,0,0,0
STU08248,Feamle,18,CSE,Day Scholar,55171,73.6,8.39,73,1,52.4,1,7,0,1,0,0,0,0
STU08249,Male,18,MC,Hosteler,58789,58.0,8.04,59,1,61.0,1,5,0,0,1,0,0,0
STU08250,Feamle,23,CSE,Day Scholar,76572,53.0,4.78,83,1,71.3,2,4,0,0,2,2,0,1
STU08251,Male,19,CSE,Day Scholar,98019,49.0,6.74,37,0,64.6,0,6,1,0,7,0,1,0
STU08252,Male,22,AIML,Hosteler,110373,84.9,4.29,2,1,87.8,1,7,0,0,7,0,0,0
STU08253,Feamle,19,CSE,Day Scholar,87905,56.9,4.27,73,0,80.8,0,1,0,0,7,0,1,1
STU08254,Feamle,22,ECE,Hosteler,153539,79.6,6.24,91,1,100.0,0,2,0,1,10,0,0,0
STU08255,Feamle,23,ECE,Day Scholar,52241,69.0,6.81,82,0,78.9,0,8,0,0,11,0,0,0
STU08256,Feamle,22,ECE,Hosteler,193966,83.8,6.36,80,0,87.4,1,1,0,1,1,1,0,0
STU08257,Male,20,ECE,Day Scholar,139115,80.0,4.34,52,1,82.0,0,4,0,0,3,0,0,0
STU08258,Male,21,AIML,Day Scholar,99143,71.5,8.16,43,0,94.2,0,10,0,0,2,1,1,0
STU08259,Feamle,24,ECE,Day Scholar,185099,77.0,5.94,22,0,64.7,0,5,1,0,3,1,1,0
STU08260,Male,21,CSE,Hosteler,54822,73.3,7.73,27,0,72.4,1,7,1,0,7,0,0,0
STU08261,Male,18,ECE,Hosteler,167989,65.8,5.98,90,0,100.0,2,2,0,0,14,0,1,0
STU08262,Feamle,20,AIML,Day Scholar,37907,89.7,6.25,31,0,94.9,0,7,0,0,10,0,0,0
STU08263,Male,21,MC,Day Scholar,194218,68.7,7.65,75,0,100.0,2,4,0,0,11,0,0,0
STU08264,Male,23,CSE,Hosteler,186429,73.7,6.48,19,0,73.2,0,2,1,1,7,0,0,0
STU08265,Feamle,22,CSE,Hosteler,188259,53.8,7.26,5,0,100.0,0,3,0,0,4,1,0,0
STU08266,Male,22,AIML,Hosteler,59512,79.1,7.42,2,0,68.7,1,6,0,0,1,0,0,0
STU08267,Feamle,19,MC,Day Scholar,105656,65.8,4.86,2,1,69.1,1,6,0,0,3,1,0,0
STU08268,Male,19,ECE,Hosteler,197540,67.8,7.72,22,0,78.8,0,7,1,1,14,0,0,0
STU08269,Feamle,22,MC,Hosteler,25357,62.4,5.59,72,0,100.0,0,4,1,0,3,0,0,0
STU08270,Male,23,CSE,Hosteler,146292,73.1,5.33,32,2,67.6,0,13,0,0,4,0,1,0
STU08271,Male,22,CSE,Day Scholar,161050,44.9,5.91,35,0,54.5,0,6,1,0,2,0,0,0
STU08272,Feamle,19,CSE,Hosteler,33616,85.2,8.22,63,0,100.0,0,5,0,0,5,0,0,0
STU08273,Feamle,21,MC,Day Scholar,94759,74.4,4.6,11,0,66.6,0,7,0,0,7,1,1,0
STU08274,Feamle,18,ECE,Hosteler,118273,68.0,7.98,61,1,100.0,0,3,0,0,8,0,0,0
STU08275,Feamle,19,CSE,Day Scholar,136694,51.8,7.51,25,0,66.6,1,2,0,0,12,0,0,0
STU08276,Male,23,AIML,Day Scholar,29422,81.5,7.11,36,3,76.2,2,3,0,0,6,1,0,0
STU08277,Male,21,ECE,Hosteler,159674,65.5,7.37,47,2,100.0,0,2,0,1,3,0,0,0
STU08278,Male,21,CSE,Hosteler,30497,94.6,6.56,73,0,100.0,0,5,1,1,11,1,1,0
STU08279,Feamle,21,ECE,Day Scholar,141482,82.3,8.02,43,1,100.0,1,3,1,1,10,1,0,0
STU08280,Male,20,AIML,Day Scholar,67229,98.0,6.36,10,0,71.9,0,2,1,0,4,0,0,0
STU08281,Male,20,MC,Day Scholar,88628,77.1,4.56,82,0,87.0,0,5,0,0,5,0,0,0
STU08282,Feamle,24,CSE,Hosteler,88127,91.2,6.88,68,1,90.5,0,4,0,0,10,0,1,0
STU08283,Feamle,21,AIML,Day Scholar,120806,81.9,8.2,23,1,94.5,1,6,0,1,1,0,0,0
STU08284,Male,23,CSE,Day Scholar,39476,68.2,7.74,98,0,81.5,0,7,0,0,1,0,0,0
STU08285,Feamle,22,CSE,Day Scholar,92597,77.8,9.72,91,1,100.0,0,4,0,0,12,0,0,0
STU08286,Male,23,MC,Day Scholar,101697,62.5,6.62,93,0,56.5,1,7,0,1,10,0,0,0
STU08287,Male,20,MC,Day Scholar,87209,100.0,6.76,18,0,100.0,1,9,0,0,6,0,0,0
STU08288,Feamle,19,ECE,Hosteler,111200,73.5,6.65,69,0,85.1,2,1,0,0,0,0,0,0
STU08289,Male,24,AIML,Hosteler,83575,75.4,5.84,55,1,100.0,0,2,1,0,9,0,0,0
STU08290,Feamle,20,AIML,Day Scholar,27308,80.8,6.29,48,0,79.5,1,2,0,1,8,3,1,0
STU08291,Feamle,22,MC,Day Scholar,129941,58.7,5.44,82,0,57.5,2,8,1,0,3,0,1,1
STU08292,Male,18,CSE,Hosteler,53267,94.8,3.56,56,1,77.1,0,2,0,0,14,1,0,0
STU08293,Male,24,ECE,Day Scholar,118629,59.6,6.13,94,3,60.2,0,6,0,0,10,1,0,0
STU08294,Male,20,MC,Day Scholar,49224,56.2,7.04,10,0,100.0,1,4,0,0,0,0,0,0
STU08295,Feamle,23,ECE,Hosteler,140721,72.5,7.95,62,1,73.6,1,7,0,0,12,0,1,0
STU08296,Male,24,ECE,Hosteler,86423,55.8,6.14,80,1,78.0,0,8,1,0,9,0,0,0
STU08297,Feamle,23,AIML,Day Scholar,127491,98.4,6.15,16,0,80.5,1,4,1,0,4,1,0,0
STU08298,Feamle,21,ECE,Hosteler,96768,71.5,8.55,14,0,63.6,0,6,1,0,6,0,0,0
STU08299,Male,21,AIML,Hosteler,53696,26.7,5.0,69,0,66.2,2,4,0,1,4,0,0,1
STU08300,Feamle,21,CSE,Hosteler,80312,78.0,6.76,61,1,52.8,0,6,1,1,6,0,0,0
STU08301,Male,24,CSE,Hosteler,89939,83.3,8.44,31,1,39.2,1,0,1,0,2,0,0,0
STU08302,Male,18,MC,Day Scholar,34992,68.7,5.94,39,2,77.5,0,5,0,0,12,0,0,0
STU08303,Male,22,CSE,Day Scholar,159062,54.7,4.7,10,0,69.9,0,5,0,0,0,0,0,1
STU08304,Male,24,AIML,Day Scholar,64215,73.5,9.56,12,0,60.3,0,7,0,0,12,0,1,0
STU08305,Male,19,ECE,Day Scholar,102544,67.8,8.2,80,1,89.9,0,6,0,0,4,0,0,0
STU08306,Male,23,ECE,Day Scholar,24344,60.4,8.25,27,0,97.8,0,8,0,0,4,0,0,0
STU08307,Male,23,CSE,Hosteler,71523,59.0,6.87,81,1,87.8,1,5,0,0,12,0,0,0
STU08308,Feamle,24,AIML,Hosteler,172155,77.3,7.96,27,1,82.8,1,4,0,0,5,0,0,0
STU08309,Male,24,ECE,Day Scholar,175706,88.5,3.26,47,0,100.0,0,5,0,0,9,0,1,0
STU08310,Feamle,22,CSE,Day Scholar,156188,81.9,6.34,54,1,72.1,1,4,0,0,13,1,1,0
STU08311,Feamle,18,AIML,Hosteler,79660,49.1,8.42,15,2,100.0,1,7,1,0,7,0,0,0
STU08312,Feamle,24,AIML,Hosteler,127773,84.2,4.91,35,1,100.0,1,3,0,0,0,0,0,0
STU08313,Male,21,ECE,Day Scholar,61646,86.6,6.5,39,3,100.0,2,4,0,0,11,2,0,0
STU08314,Feamle,22,MC,Hosteler,24610,95.9,7.48,19,1,61.8,0,8,0,0,3,1,0,0
STU08315,Feamle,19,MC,Day Scholar,80519,60.8,5.82,90,1,62.6,2,4,1,0,8,0,0,0
STU08316,Male,21,AIML,Hosteler,57265,74.2,7.01,96,0,59.8,0,6,0,0,1,3,1,0
STU08317,Male,19,AIML,Hosteler,154924,83.5,7.58,1,0,91.4,0,3,1,1,13,0,1,0
STU08318,Feamle,20,CSE,Day Scholar,117222,67.1,7.45,76,0,63.0,1,5,0,0,7,0,0,0
STU08319,Male,19,AIML,Day Scholar,39788,83.3,6.4,1,0,83.2,1,7,0,0,8,1,0,0
STU08320,Male,21,CSE,Day Scholar,27724,74.6,5.76,100,0,43.2,0,4,0,1,8,0,0,0
STU08321,Male,20,CSE,Hosteler,69725,62.3,7.59,68,0,100.0,1,4,0,0,9,0,0,0
STU08322,Male,21,CSE,Day Scholar,66026,63.6,7.51,69,2,75.4,1,7,0,0,13,0,0,0
STU08323,Feamle,23,AIML,Day Scholar,161069,93.7,7.44,49,0,92.2,0,9,0,1,3,0,1,0
STU08324,Male,21,AIML,Hosteler,69588,60.1,7.17,95,1,70.4,1,4,1,1,12,2,1,0
STU08325,Male,20,CSE,Hosteler,30695,57.5,7.51,47,2,63.5,0,7,0,1,12,0,0,0
STU08326,Male,19,ECE,Hosteler,63422,80.2,8.32,23,1,100.0,1,9,0,0,1,0,1,0
STU08327,Feamle,23,AIML,Day Scholar,83442,74.5,7.46,80,0,80.3,0,8,0,1,6,0,0,0
STU08328,Feamle,18,MC,Day Scholar,152470,55.3,7.15,8,2,59.0,0,7,1,0,6,0,0,0
STU08329,Male,18,ECE,Hosteler,128050,67.2,6.21,39,3,89.5,0,3,0,0,3,2,0,0
STU08330,Male,18,MC,Hosteler,93227,62.7,9.08,39,3,96.5,1,4,1,0,0,0,0,0
STU08331,Feamle,18,AIML,Hosteler,199572,65.4,5.32,1,1,78.0,1,4,0,0,5,0,0,0
STU08332,Male,22,ECE,Day Scholar,96479,100.0,6.7,72,1,53.1,0,1,0,0,2,0,0,0
STU08333,Male,18,AIML,Hosteler,99462,70.5,6.24,5,2,100.0,0,3,0,0,1,0,0,0
STU08334,Feamle,20,AIML,Hosteler,80273,61.8,4.26,18,3,99.0,0,4,0,0,9,0,0,0
STU08335,Male,24,ECE,Day Scholar,65817,100.0,7.53,96,1,64.5,1,6,1,0,12,1,0,0
STU08336,Male,18,AIML,Day Scholar,81171,88.3,6.7,18,0,73.0,0,7,0,0,3,1,0,0
STU08337,Feamle,21,ECE,Hosteler,163185,85.9,7.05,32,1,80.2,1,8,1,0,2,0,1,0
STU08338,Feamle,24,AIML,Day Scholar,181206,62.5,6.73,60,2,100.0,0,3,0,0,7,2,1,0
STU08339,Male,18,CSE,Hosteler,154338,92.9,8.13,29,0,89.3,1,4,1,1,0,0,1,0
STU08340,Feamle,24,MC,Day Scholar,157480,87.2,8.32,61,0,100.0,1,4,1,0,4,3,1,0
STU08341,Male,19,CSE,Day Scholar,34842,77.2,5.35,12,0,73.5,0,4,1,0,5,2,0,0
STU08342,Male,20,AIML,Day Scholar,162208,49.3,9.65,17,1,100.0,0,6,0,0,4,0,1,0
STU08343,Male,20,AIML,Day Scholar,154569,74.7,6.64,1,0,100.0,0,5,0,1,4,0,0,0
STU08344,Feamle,24,AIML,Hosteler,81415,100.0,7.88,2,1,91.9,0,3,0,0,14,1,1,0
STU08345,Feamle,23,CSE,Day Scholar,41340,78.3,7.27,5,0,47.1,1,1,0,1,2,0,0,0
STU08346,Male,22,AIML,Hosteler,185814,69.4,7.16,27,0,93.5,0,6,0,0,3,0,0,0
STU08347,Male,21,ECE,Hosteler,127362,71.6,7.84,76,1,84.4,0,3,0,0,11,0,0,0
STU08348,Feamle,24,MC,Day Scholar,115330,72.6,8.98,83,0,100.0,2,6,0,0,9,0,0,0
STU08349,Feamle,20,AIML,Day Scholar,88070,63.0,8.17,31,0,91.8,0,4,0,0,1,1,1,0
STU08350,Feamle,19,AIML,Day Scholar,76725,74.4,6.63,59,0,66.1,1,8,0,0,9,0,0,0
STU08351,Male,18,MC,Hosteler,67018,96.6,6.87,30,1,95.0,1,7,0,0,7,0,0,0
STU08352,Feamle,20,MC,Day Scholar,142907,94.9,6.15,60,1,69.5,0,10,1,0,0,0,0,0
STU08353,Feamle,19,MC,Hosteler,55985,63.7,8.07,8,0,80.2,0,4,0,0,11,1,1,0
STU08354,Male,18,CSE,Day Scholar,80341,94.1,7.88,66,1,50.1,1,6,1,0,6,0,0,0
STU08355,Male,22,CSE,Hosteler,109249,86.4,6.49,53,2,96.2,1,5,0,0,9,0,0,0
STU08356,Male,20,AIML,Hosteler,197054,84.5,8.99,94,2,52.7,0,5,0,1,12,2,0,0
STU08357,Feamle,20,MC,Hosteler,99712,81.5,8.61,78,0,86.6,0,4,0,1,11,1,0,0
STU08358,Male,24,AIML,Day Scholar,39075,61.0,9.74,67,0,72.9,0,0,1,0,5,1,1,0
STU08359,Male,24,AIML,Hosteler,141229,68.9,5.82,16,1,76.8,0,5,0,0,2,0,1,0
STU08360,Male,19,AIML,Day Scholar,170798,87.5,6.85,58,0,89.7,1,7,0,0,12,0,1,0
STU08361,Male,23,CSE,Hosteler,21555,56.9,6.71,30,0,55.2,0,3,0,0,13,2,0,0
STU08362,Feamle,24,MC,Hosteler,167731,59.4,10.0,92,1,100.0,0,6,0,1,14,0,0,1
STU08363,Male,21,AIML,Hosteler,146562,79.6,7.01,74,0,72.7,0,5,1,0,14,0,1,0
STU08364,Feamle,22,CSE,Day Scholar,182038,63.2,8.9,60,1,100.0,2,5,0,0,8,0,1,0
STU08365,Feamle,21,ECE,Hosteler,176995,87.4,8.55,95,0,58.4,0,3,1,1,10,0,0,0
STU08366,Feamle,20,ECE,Hosteler,88625,63.7,6.87,39,1,83.2,1,4,0,0,7,0,1,0
STU08367,Male,21,AIML,Day Scholar,93114,78.7,7.08,2,1,78.8,2,5,0,0,11,1,0,0
STU08368,Feamle,18,AIML,Hosteler,142656,79.9,7.78,49,0,100.0,0,6,0,0,10,0,1,0
STU08369,Male,22,MC,Day Scholar,179039,67.8,8.89,0,1,100.0,0,7,0,0,9,1,1,0
STU08370,Male,21,MC,Hosteler,136292,71.4,6.74,7,0,100.0,1,7,0,0,1,0,1,0
STU08371,Male,18,AIML,Day Scholar,43185,64.8,6.24,61,0,97.3,0,11,0,1,10,0,0,0
STU08372,Feamle,19,CSE,Hosteler,191564,74.7,8.4,63,0,66.7,0,6,0,0,1,0,0,0
STU08373,Male,21,AIML,Day Scholar,148877,60.6,5.28,40,2,81.2,1,3,0,0,1,0,0,0
STU08374,Male,22,MC,Day Scholar,194099,71.6,7.38,16,2,100.0,0,2,0,0,8,0,0,0
STU08375,Male,18,MC,Day Scholar,54594,86.2,8.59,71,0,69.2,0,4,0,0,2,0,0,0
STU08376,Feamle,21,CSE,Day Scholar,143126,57.9,7.65,42,0,78.0,0,5,0,0,12,0,0,0
STU08377,Feamle,19,AIML,Day Scholar,37754,67.7,6.15,96,0,32.1,0,4,0,0,6,0,0,0
STU08378,Feamle,21,MC,Hosteler,64507,82.8,5.5,89,0,58.2,1,1,0,0,2,0,0,0
STU08379,Male,18,AIML,Hosteler,41512,43.8,8.78,1,1,74.5,1,4,1,1,3,0,0,0
STU08380,Feamle,21,MC,Day Scholar,156883,100.0,6.74,46,0,82.3,0,4,0,0,8,0,0,0
STU08381,Male,22,ECE,Day Scholar,54459,90.7,5.65,59,0,89.7,0,7,0,0,1,1,0,0
STU08382,Male,20,ECE,Hosteler,190514,51.9,8.71,48,0,37.2,0,3,1,0,12,0,1,0
STU08383,Feamle,18,ECE,Day Scholar,177798,43.4,8.2,92,1,100.0,0,7,0,1,6,0,0,0
STU08384,Male,18,MC,Hosteler,84757,75.4,5.42,14,0,75.0,1,7,0,0,6,1,0,0
STU08385,Feamle,18,CSE,Day Scholar,121694,58.2,10.0,93,0,74.4,0,9,0,1,11,0,0,0
STU08386,Male,18,ECE,Day Scholar,29862,89.4,6.19,49,2,59.2,0,7,0,0,1,0,0,0
STU08387,Feamle,21,MC,Day Scholar,118340,80.9,8.18,45,0,51.5,0,7,0,0,1,0,0,0
STU08388,Male,22,AIML,Hosteler,129912,76.9,9.98,75,1,99.2,1,6,0,0,10,0,0,0
STU08389,Male,19,ECE,Day Scholar,55107,66.4,8.33,1,0,89.3,1,5,0,0,6,1,0,0
STU08390,Male,22,CSE,Day Scholar,108080,99.0,7.39,84,0,82.3,1,3,0,0,14,0,0,0
STU08391,Male,18,CSE,Hosteler,165497,86.3,4.85,28,1,83.1,0,3,0,1,0,0,1,0
STU08392,Male,23,CSE,Day Scholar,54139,84.0,10.0,28,0,86.0,0,7,0,0,0,0,0,0
STU08393,Feamle,21,AIML,Day Scholar,53444,93.0,8.3,79,1,90.3,0,7,0,0,3,0,0,0
STU08394,Male,23,AIML,Hosteler,148443,59.7,4.88,94,0,68.3,1,4,0,0,5,0,0,1
STU08395,Feamle,21,CSE,Hosteler,151324,94.3,9.32,60,0,92.2,0,5,0,1,6,0,0,0
STU08396,Feamle,18,CSE,Hosteler,121168,71.0,7.09,96,2,78.6,0,3,0,1,2,0,0,0
STU08397,Feamle,21,CSE,Day Scholar,136304,80.0,6.58,65,0,53.7,0,2,0,0,10,1,0,0
STU08398,Male,18,AIML,Day Scholar,30208,72.7,6.14,43,1,90.4,0,6,0,0,14,0,0,0
STU08399,Male,22,AIML,Day Scholar,104151,46.8,7.26,3,0,57.6,1,4,0,0,10,0,0,0
STU08400,Male,24,MC,Hosteler,75585,89.4,8.21,38,1,56.8,0,9,1,0,7,1,0,0
STU08401,Feamle,20,ECE,Day Scholar,102680,47.6,6.26,59,0,98.3,0,5,1,0,7,1,0,0
STU08402,Male,21,AIML,Day Scholar,105206,60.5,7.19,48,0,64.9,0,5,0,0,2,0,0,0
STU08403,Male,18,CSE,Day Scholar,59069,68.2,10.0,4,0,58.6,1,5,0,0,5,0,0,0
STU08404,Feamle,23,ECE,Hosteler,76218,45.7,7.71,65,0,68.5,1,3,1,0,12,0,0,0
STU08405,Feamle,18,AIML,Day Scholar,174290,58.5,8.45,44,0,62.7,1,3,0,0,4,0,0,0
STU08406,Feamle,23,ECE,Day Scholar,184232,78.7,5.56,59,0,100.0,1,4,1,1,10,0,0,0
STU08407,Feamle,21,MC,Hosteler,195574,69.8,4.96,7,0,80.0,1,7,1,0,10,0,0,0
STU08408,Feamle,19,AIML,Day Scholar,45006,71.0,9.2,49,0,92.8,0,7,0,0,6,2,0,0
STU08409,Feamle,23,CSE,Day Scholar,146610,61.3,8.77,35,1,100.0,0,5,1,0,12,1,0,0
STU08410,Male,18,CSE,Hosteler,59916,75.7,9.57,69,1,84.0,0,3,0,1,11,0,0,0
STU08411,Feamle,21,MC,Day Scholar,45667,70.1,6.88,40,0,100.0,0,11,0,1,2,0,0,0
STU08412,Male,18,MC,Hosteler,96427,50.4,8.88,9,1,96.0,1,4,0,0,11,0,0,0
STU08413,Male,19,MC,Day Scholar,67688,72.0,3.17,35,1,91.5,1,3,0,0,11,1,0,0
STU08414,Male,20,MC,Hosteler,34414,56.4,7.81,67,1,83.3,0,8,1,0,6,0,0,0
STU08415,Feamle,24,MC,Hosteler,144668,88.5,8.55,13,3,100.0,1,3,1,1,12,0,0,0
STU08416,Male,24,AIML,Day Scholar,38564,69.1,5.97,75,0,37.6,1,3,0,1,2,1,0,0
STU08417,Feamle,19,AIML,Day Scholar,25316,100.0,8.58,16,0,78.5,0,3,0,0,8,0,0,0
STU08418,Feamle,22,ECE,Day Scholar,64056,89.5,6.73,20,0,75.1,2,5,0,0,3,1,0,0
STU08419,Male,21,MC,Day Scholar,179262,73.0,6.88,76,0,80.1,1,6,1,0,13,0,0,0
STU08420,Feamle,19,CSE,Day Scholar,108353,83.7,6.61,96,1,100.0,0,0,0,0,14,0,1,0
STU08421,Male,20,CSE,Day Scholar,62239,43.7,9.37,53,1,77.7,0,4,1,0,12,0,1,1
STU08422,Male,18,MC,Day Scholar,187848,89.4,6.32,12,0,63.2,0,5,0,1,11,0,1,0
STU08423,Feamle,21,MC,Hosteler,92909,62.7,6.14,47,0,34.1,2,6,0,0,13,1,0,0
STU08424,Male,23,MC,Hosteler,82938,76.3,5.71,44,1,77.5,1,6,0,1,5,3,0,0
STU08425,Male,19,MC,Hosteler,199182,64.1,6.45,8,0,99.4,1,8,1,0,12,1,0,0
STU08426,Male,20,MC,Day Scholar,199267,65.7,7.29,54,2,77.7,0,8,0,0,1,1,0,0
STU08427,Feamle,19,CSE,Hosteler,56054,72.3,7.96,49,0,84.3,1,5,1,0,0,0,0,0
STU08428,Male,22,ECE,Hosteler,122821,76.2,5.87,19,0,78.3,1,5,0,0,10,1,0,0
STU08429,Feamle,24,MC,Hosteler,149581,74.6,7.56,39,2,93.2,0,7,0,0,0,0,1,0
STU08430,Feamle,24,MC,Day Scholar,39012,75.0,7.92,0,0,86.2,0,8,0,0,14,0,0,0
STU08431,Male,21,MC,Hosteler,102458,50.6,5.6,76,1,79.2,2,6,0,1,6,0,0,0
STU08432,Male,18,AIML,Hosteler,38164,100.0,7.09,85,1,50.6,2,1,0,1,3,0,0,0
STU08433,Feamle,20,CSE,Day Scholar,26605,78.5,6.87,76,1,63.5,0,4,0,0,3,0,1,0
STU08434,Feamle,19,CSE,Day Scholar,97254,81.6,7.11,63,0,82.6,0,3,1,0,8,0,1,0
STU08435,Male,21,ECE,Hosteler,199181,69.9,6.21,34,0,100.0,1,4,0,1,13,0,0,0
STU08436,Male,19,AIML,Day Scholar,186188,61.9,6.8,64,0,79.6,0,3,0,0,6,0,0,0
STU08437,Feamle,21,AIML,Hosteler,167217,77.3,7.05,52,1,83.0,2,4,1,0,5,0,0,0
STU08438,Feamle,24,AIML,Day Scholar,172863,79.3,9.8,96,1,70.5,1,5,0,0,5,2,0,0
STU08439,Feamle,22,ECE,Hosteler,36120,94.5,7.07,60,0,80.3,0,6,0,0,7,0,0,0
STU08440,Feamle,19,ECE,Day Scholar,174625,100.0,9.01,4,0,85.8,0,10,0,0,5,0,0,0
STU08441,Feamle,22,ECE,Day Scholar,136648,97.2,9.12,93,1,94.6,4,2,0,1,0,0,0,0
STU08442,Male,23,AIML,Day Scholar,167434,48.5,5.02,68,1,46.2,0,5,1,0,1,0,0,0
STU08443,Feamle,23,CSE,Hosteler,134140,68.1,6.56,88,1,60.9,1,1,0,1,0,0,0,0
STU08444,Feamle,24,AIML,Day Scholar,59865,80.0,9.12,59,1,82.0,2,5,1,0,14,3,0,0
STU08445,Male,20,ECE,Hosteler,105482,69.0,7.27,89,1,93.0,1,8,0,0,0,2,0,0
STU08446,Male,22,AIML,Day Scholar,188921,74.3,6.83,18,0,58.0,0,1,1,0,8,0,0,0
STU08447,Feamle,21,MC,Day Scholar,90437,42.8,8.13,75,0,45.4,1,4,0,0,0,0,0,0
STU08448,Feamle,20,AIML,Day Scholar,128996,88.7,8.6,56,1,100.0,0,6,1,0,10,0,0,0
STU08449,Male,19,AIML,Day Scholar,153557,46.9,6.96,7,0,80.1,2,1,0,0,12,1,0,1
STU08450,Feamle,19,CSE,Day Scholar,79789,51.4,6.58,73,1,80.4,2,7,0,0,1,0,1,0
STU08451,Feamle,21,CSE,Day Scholar,142863,59.8,3.45,17,0,76.7,0,2,1,1,10,1,0,1
STU08452,Male,18,CSE,Hosteler,118952,73.5,7.07,10,0,48.8,0,6,0,0,14,0,0,0
STU08453,Feamle,18,MC,Day Scholar,30461,50.7,6.43,61,0,99.6,2,4,0,0,5,0,1,0
STU08454,Male,19,CSE,Day Scholar,77042,59.1,5.49,29,0,100.0,1,3,0,1,8,0,1,1
STU08455,Male,24,MC,Day Scholar,99548,92.2,6.69,4,0,94.7,0,7,1,0,14,0,0,0
STU08456,Male,24,ECE,Day Scholar,181203,73.3,6.37,87,1,54.8,1,9,1,1,13,0,0,0
STU08457,Male,21,CSE,Day Scholar,72967,81.5,7.25,76,0,69.8,0,5,1,0,13,2,0,0
STU08458,Feamle,18,AIML,Day Scholar,124583,56.5,6.58,55,2,40.0,2,5,0,1,12,0,1,1
STU08459,Male,22,AIML,Day Scholar,160815,74.2,7.67,35,1,97.1,1,1,0,0,14,0,0,0
STU08460,Feamle,19,MC,Hosteler,180519,73.0,7.26,26,0,100.0,0,3,1,0,1,0,1,0
STU08461,Feamle,23,CSE,Day Scholar,144182,63.1,8.91,31,1,63.5,1,5,0,0,11,0,0,0
STU08462,Feamle,22,AIML,Day Scholar,22632,74.2,6.2,13,2,100.0,0,4,0,0,13,0,0,0
STU08463,Feamle,21,ECE,Hosteler,175359,46.6,9.67,40,0,85.0,0,6,0,0,6,0,0,0
STU08464,Feamle,23,CSE,Hosteler,47108,81.6,8.6,65,1,67.1,0,3,1,1,5,0,1,0
STU08465,Male,22,ECE,Day Scholar,119572,69.0,9.23,3,0,52.4,1,6,0,0,2,0,0,0
STU08466,Male,18,AIML,Hosteler,64049,71.1,7.38,10,0,56.8,1,1,0,0,2,1,0,0
STU08467,Male,24,CSE,Day Scholar,92556,87.8,6.58,100,0,75.3,1,6,0,0,2,0,0,0
STU08468,Male,18,MC,Day Scholar,56395,81.5,6.19,47,1,74.1,0,10,0,0,12,0,0,0
STU08469,Feamle,23,AIML,Day Scholar,169596,70.2,9.63,36,0,53.7,0,4,1,1,9,0,1,0
STU08470,Male,20,ECE,Day Scholar,58270,58.3,8.64,12,0,100.0,0,6,0,1,13,0,0,0
STU08471,Feamle,24,CSE,Day Scholar,59190,94.9,5.49,72,1,100.0,1,3,1,0,2,1,0,0
STU08472,Feamle,19,ECE,Day Scholar,25846,54.9,8.47,41,0,53.0,0,4,0,0,1,3,0,0
STU08473,Male,23,ECE,Hosteler,105440,84.4,5.76,26,0,91.6,1,8,0,0,12,0,0,0
STU08474,Male,21,MC,Day Scholar,130150,51.0,7.49,65,0,92.1,2,4,0,0,7,0,0,0
STU08475,Male,19,MC,Day Scholar,159884,88.8,8.24,46,0,100.0,0,5,0,0,13,2,0,0
STU08476,Male,22,AIML,Day Scholar,90943,90.2,9.19,90,2,45.7,1,5,0,0,9,1,0,0
STU08477,Feamle,24,MC,Day Scholar,137211,46.3,7.36,75,0,66.8,0,3,1,0,14,2,0,0
STU08478,Feamle,21,MC,Hosteler,155839,81.7,6.8,11,0,53.9,1,4,0,0,4,0,0,0
STU08479,Male,21,AIML,Day Scholar,173100,80.5,7.07,66,1,79.1,1,9,1,0,12,0,0,0
STU08480,Feamle,18,AIML,Day Scholar,169875,85.5,8.6,25,1,74.3,0,5,0,0,8,0,0,0
STU08481,Feamle,22,AIML,Hosteler,30971,80.5,8.18,78,2,63.5,0,8,0,0,11,1,0,0
STU08482,Feamle,18,AIML,Day Scholar,199631,60.6,6.98,26,1,100.0,0,6,0,0,4,1,1,0
STU08483,Male,18,ECE,Day Scholar,119242,71.7,4.2,34,1,57.6,0,6,0,0,8,0,0,0
STU08484,Feamle,24,ECE,Day Scholar,106850,100.0,3.35,12,2,67.8,0,7,1,1,11,0,0,0
STU08485,Male,20,AIML,Day Scholar,84481,58.4,7.34,55,0,100.0,0,2,0,1,0,0,1,0
STU08486,Male,18,AIML,Hosteler,83486,79.8,5.23,68,1,77.3,1,2,1,1,13,0,0,0
STU08487,Feamle,19,CSE,Day Scholar,84840,92.3,6.21,42,0,78.9,0,0,1,0,12,0,1,0
STU08488,Feamle,21,CSE,Hosteler,99208,60.1,6.66,80,1,88.2,1,5,0,0,0,0,0,0
STU08489,Male,24,CSE,Day Scholar,62991,53.7,10.0,82,0,100.0,0,2,0,1,13,0,0,0
STU08490,Feamle,18,MC,Day Scholar,175067,56.0,7.18,83,2,89.2,0,2,1,0,7,2,0,0
STU08491,Feamle,23,ECE,Day Scholar,175520,80.9,8.08,58,0,56.3,0,3,0,0,8,0,0,0
STU08492,Male,19,ECE,Day Scholar,51088,55.9,7.76,86,0,68.6,0,8,1,0,8,0,1,0
STU08493,Male,22,CSE,Hosteler,23177,73.0,3.37,11,1,95.0,1,2,0,0,9,0,0,0
STU08494,Male,21,CSE,Day Scholar,178419,95.6,6.4,95,0,69.9,2,2,0,0,0,1,0,0
STU08495,Male,24,ECE,Day Scholar,166756,74.2,5.17,28,0,92.3,1,4,1,1,10,0,0,0
STU08496,Feamle,23,MC,Day Scholar,41735,63.3,9.59,4,1,90.4,1,4,0,0,5,1,0,0
STU08497,Feamle,24,CSE,Hosteler,25100,76.9,4.27,48,1,58.7,2,10,0,0,5,0,0,0
STU08498,Male,24,AIML,Day Scholar,170340,74.0,6.37,63,1,86.3,3,5,1,0,1,0,0,0
STU08499,Male,23,CSE,Day Scholar,62691,81.8,6.61,42,0,72.8,0,3,0,0,9,0,1,0
STU08500,Male,22,ECE,Day Scholar,99164,99.3,5.52,65,0,50.7,0,5,1,0,9,1,1,0
STU08501,Feamle,23,ECE,Day Scholar,157479,81.0,7.15,5,0,61.5,0,4,1,0,4,1,0,0
STU08502,Male,19,CSE,Hosteler,44054,100.0,6.94,84,0,79.9,0,2,1,0,6,1,0,0
STU08503,Feamle,24,CSE,Day Scholar,191270,81.8,7.24,98,0,69.2,0,3,0,0,5,1,0,0
STU08504,Male,22,AIML,Day Scholar,177604,63.5,7.75,14,0,87.8,0,3,0,1,7,0,0,0
STU08505,Male,24,AIML,Hosteler,195519,100.0,7.36,17,0,67.4,0,3,0,0,10,0,0,0
STU08506,Male,23,MC,Day Scholar,115120,73.1,7.57,48,0,100.0,1,6,1,1,7,1,0,0
STU08507,Feamle,22,MC,Day Scholar,103611,59.2,8.67,46,1,68.1,0,5,0,0,11,0,0,0
STU08508,Feamle,22,AIML,Hosteler,179813,100.0,4.53,1,1,98.2,1,5,0,0,14,0,1,0
STU08509,Feamle,18,MC,Hosteler,160521,64.0,8.05,4,0,70.0,0,4,1,0,3,0,0,0
STU08510,Male,18,MC,Hosteler,143311,63.4,5.43,36,0,93.6,0,7,0,0,4,0,0,0
STU08511,Feamle,18,CSE,Hosteler,172629,66.7,6.04,5,0,69.9,0,3,0,0,1,1,1,0
STU08512,Feamle,23,AIML,Hosteler,177731,77.5,7.18,41,1,100.0,0,3,1,1,10,0,0,0
STU08513,Male,21,CSE,Hosteler,154977,89.0,7.62,50,0,61.2,0,8,0,0,1,0,0,0
STU08514,Male,19,CSE,Hosteler,189886,35.3,7.79,82,0,75.0,1,4,0,0,7,0,1,0
STU08515,Feamle,23,MC,Day Scholar,189920,88.9,5.58,15,2,94.4,2,5,0,1,9,2,0,0
STU08516,Feamle,24,CSE,Day Scholar,141502,66.7,9.45,75,0,59.0,0,6,0,1,12,0,1,0
STU08517,Feamle,18,ECE,Hosteler,92220,68.8,6.37,87,0,99.5,0,6,1,0,2,0,0,0
STU08518,Feamle,22,MC,Day Scholar,185944,100.0,5.92,72,0,100.0,1,6,0,0,8,1,0,0
STU08519,Male,23,ECE,Day Scholar,160448,78.2,5.09,66,0,59.9,0,4,1,1,7,0,1,0
STU08520,Male,22,MC,Day Scholar,67881,81.7,4.94,80,0,83.4,0,4,0,0,3,1,0,0
STU08521,Male,24,CSE,Day Scholar,106245,74.3,4.9,29,0,83.2,1,4,0,0,14,0,1,1
STU08522,Feamle,22,MC,Day Scholar,164190,86.5,7.47,26,0,55.2,2,4,1,0,3,0,0,0
STU08523,Feamle,22,ECE,Hosteler,49888,99.3,7.91,87,0,61.4,1,5,0,1,11,1,1,0
STU08524,Male,20,MC,Hosteler,114827,37.9,5.7,41,0,32.8,0,5,0,0,1,0,1,0
STU08525,Male,21,ECE,Day Scholar,67460,91.3,5.29,63,1,76.9,1,1,0,0,14,1,0,0
STU08526,Feamle,19,AIML,Day Scholar,131873,98.2,6.68,49,0,83.7,0,10,1,0,0,0,0,0
STU08527,Feamle,19,CSE,Day Scholar,179361,82.5,7.15,38,0,85.3,0,8,0,0,0,0,0,0
STU08528,Male,18,ECE,Hosteler,61594,64.8,7.39,6,0,95.1,1,6,0,0,1,1,0,0
STU08529,Male,20,AIML,Day Scholar,47588,57.7,5.55,72,0,100.0,0,7,1,0,13,1,0,0
STU08530,Male,23,CSE,Day Scholar,75013,100.0,6.75,15,0,78.2,0,6,0,0,1,0,1,0
STU08531,Feamle,23,AIML,Day Scholar,186180,61.4,9.35,55,1,74.3,2,5,0,0,10,1,0,0
STU08532,Feamle,19,ECE,Hosteler,187656,97.8,5.21,10,0,92.2,0,3,0,0,3,0,1,0
STU08533,Feamle,21,CSE,Day Scholar,78172,80.9,6.96,8,1,100.0,0,5,0,1,11,1,0,0
STU08534,Feamle,22,AIML,Day Scholar,186121,100.0,7.75,0,0,48.2,0,8,0,0,0,0,1,0
STU08535,Feamle,24,ECE,Day Scholar,76615,70.2,5.55,43,2,53.4,0,4,1,0,13,0,1,0
STU08536,Feamle,18,AIML,Day Scholar,91358,50.9,7.92,34,1,57.4,0,7,0,0,3,0,1,1
STU08537,Male,21,CSE,Hosteler,45112,75.0,4.99,83,0,55.8,2,5,0,0,6,0,0,0
STU08538,Male,19,CSE,Day Scholar,111514,52.7,7.95,50,2,42.1,1,8,1,0,3,1,0,0
STU08539,Feamle,20,CSE,Hosteler,36037,100.0,7.07,7,0,76.4,0,5,0,0,10,0,0,0
STU08540,Male,18,ECE,Day Scholar,28996,84.4,4.87,70,0,46.8,0,7,0,1,1,0,1,0
STU08541,Feamle,19,AIML,Hosteler,43066,86.7,8.03,36,0,91.5,1,2,0,0,9,0,0,0
STU08542,Male,23,AIML,Day Scholar,110963,86.7,5.66,100,0,100.0,1,7,1,0,12,0,1,0
STU08543,Feamle,18,ECE,Day Scholar,145105,64.6,6.77,83,2,58.7,0,8,0,0,8,1,0,0
STU08544,Male,19,CSE,Day Scholar,60865,73.0,7.95,4,0,72.6,1,5,0,0,4,0,1,0
STU08545,Male,23,MC,Day Scholar,146023,76.7,5.55,75,3,80.9,0,7,0,1,7,0,0,0
STU08546,Feamle,24,CSE,Day Scholar,159139,100.0,6.21,20,0,100.0,0,5,1,0,10,1,0,0
STU08547,Feamle,23,MC,Day Scholar,150555,57.6,8.69,83,1,76.0,0,9,0,0,6,0,1,0
STU08548,Male,22,CSE,Hosteler,156413,64.1,3.9,4,0,65.3,0,2,0,0,14,0,0,0
STU08549,Male,20,ECE,Hosteler,172499,69.6,9.13,22,1,94.8,1,4,0,0,9,1,0,0
STU08550,Feamle,22,MC,Day Scholar,46440,64.9,4.8,56,1,62.2,0,3,0,0,10,0,0,0
STU08551,Male,19,ECE,Hosteler,101163,53.1,5.95,70,0,66.4,2,5,0,1,14,0,1,1
STU08552,Feamle,24,MC,Day Scholar,108738,34.4,7.42,64,1,89.2,1,6,0,0,14,0,0,0
STU08553,Feamle,21,AIML,Hosteler,99877,47.6,7.9,24,1,87.1,0,8,0,1,7,0,0,0
STU08554,Male,24,MC,Day Scholar,39314,91.5,7.45,18,0,60.6,0,7,0,1,1,2,0,0
STU08555,Feamle,24,MC,Day Scholar,194659,74.9,7.07,1,0,88.0,0,7,0,0,4,1,1,0
STU08556,Male,24,MC,Day Scholar,110365,87.5,6.35,11,1,59.5,1,7,0,0,5,0,1,0
STU08557,Male,22,AIML,Hosteler,154592,66.3,9.34,41,0,61.2,0,3,0,1,4,0,0,0
STU08558,Feamle,21,ECE,Hosteler,183208,73.5,8.16,24,0,63.3,0,4,0,0,7,0,0,0
STU08559,Male,23,AIML,Hosteler,170063,99.2,8.76,95,1,76.6,0,5,0,0,8,1,0,0
STU08560,Feamle,19,MC,Hosteler,25110,98.3,6.37,47,1,84.8,0,5,0,0,4,0,0,0
STU08561,Feamle,20,CSE,Day Scholar,197342,89.1,3.51,81,0,71.8,0,9,0,0,7,0,0,0
STU08562,Feamle,21,AIML,Day Scholar,192296,78.0,8.53,30,0,95.3,0,9,0,0,8,0,0,0
STU08563,Male,19,CSE,Hosteler,120011,82.8,7.53,57,1,83.6,0,3,0,0,2,0,0,0
STU08564,Feamle,21,AIML,Day Scholar,104213,80.6,7.27,60,1,83.2,0,12,0,0,3,0,1,0
STU08565,Male,22,AIML,Day Scholar,55252,72.5,6.15,43,1,89.0,0,10,1,0,8,0,0,0
STU08566,Feamle,19,MC,Hosteler,71887,68.9,6.48,8,1,100.0,0,5,0,0,12,1,0,0
STU08567,Feamle,22,ECE,Day Scholar,183655,91.8,6.1,20,2,89.7,0,2,0,0,3,0,0,0
STU08568,Feamle,18,ECE,Hosteler,96251,55.6,7.07,53,0,100.0,0,6,1,0,10,3,1,0
STU08569,Male,19,MC,Day Scholar,105375,97.3,5.3,70,2,95.6,1,7,0,0,4,1,0,0
STU08570,Male,21,AIML,Day Scholar,135625,70.9,8.14,12,1,78.1,0,5,1,0,10,0,0,0
STU08571,Feamle,18,ECE,Hosteler,53645,55.3,10.0,83,1,72.7,1,5,0,0,5,0,0,0
STU08572,Feamle,22,ECE,Day Scholar,63664,66.8,6.1,12,0,100.0,0,2,1,0,4,0,0,0
STU08573,Male,22,ECE,Day Scholar,94274,61.9,4.61,51,1,93.5,0,10,1,0,13,0,0,0
STU08574,Male,21,MC,Hosteler,186302,66.4,6.85,27,2,68.5,0,1,0,0,8,2,0,0
STU08575,Male,18,CSE,Day Scholar,146083,66.1,7.47,100,0,64.7,0,3,0,0,3,0,1,0
STU08576,Feamle,24,CSE,Day Scholar,57261,65.5,7.68,88,0,78.8,0,4,0,1,5,0,0,0
STU08577,Male,23,CSE,Day Scholar,117432,70.4,9.4,45,0,99.3,0,3,0,0,6,0,1,0
STU08578,Feamle,20,CSE,Day Scholar,44365,74.0,8.22,47,0,58.7,0,2,0,0,4,0,1,0
STU08579,Male,21,CSE,Day Scholar,130127,86.5,4.28,89,1,65.3,1,4,0,1,12,2,0,0
STU08580,Feamle,22,ECE,Day Scholar,68817,71.3,5.15,96,1,75.5,0,5,0,0,12,0,0,0
STU08581,Feamle,19,ECE,Day Scholar,173403,79.9,7.61,39,0,86.9,1,4,0,1,8,0,0,0
STU08582,Feamle,18,AIML,Day Scholar,175877,75.1,6.32,53,1,29.4,1,6,0,0,1,0,0,0
STU08583,Male,23,ECE,Hosteler,180446,83.1,9.27,26,2,66.1,0,5,1,0,12,0,0,0
STU08584,Male,20,MC,Day Scholar,168883,75.7,5.59,78,0,69.4,0,6,0,0,3,0,0,0
STU08585,Male,19,AIML,Hosteler,124591,65.3,8.44,2,0,62.2,0,5,0,0,3,0,0,0
STU08586,Feamle,18,ECE,Hosteler,169155,61.2,6.03,92,0,87.4,2,3,0,0,12,2,0,0
STU08587,Feamle,23,AIML,Day Scholar,66610,78.2,7.39,94,0,53.2,2,2,1,1,11,0,0,0
STU08588,Male,21,AIML,Day Scholar,163233,94.1,5.76,58,0,84.0,0,4,1,1,6,1,0,0
STU08589,Feamle,23,CSE,Day Scholar,165475,71.6,7.84,17,0,47.3,1,6,0,0,13,0,0,0
STU08590,Feamle,21,AIML,Day Scholar,136833,64.5,8.61,23,0,68.9,0,4,0,0,14,0,1,0
STU08591,Feamle,24,ECE,Day Scholar,92494,71.2,7.38,60,0,58.9,0,4,0,0,12,0,0,0
STU08592,Male,18,CSE,Day Scholar,45805,66.6,9.86,56,2,70.1,0,9,1,0,5,0,0,0
STU08593,Feamle,23,ECE,Hosteler,114506,65.0,5.92,43,0,80.4,0,5,0,0,10,1,0,0
STU08594,Male,20,CSE,Hosteler,30468,53.3,7.15,46,0,84.6,1,6,0,0,5,0,0,0
STU08595,Male,23,ECE,Hosteler,31135,71.3,8.27,71,0,71.4,0,4,1,0,4,0,1,0
STU08596,Male,18,CSE,Day Scholar,147056,78.5,5.58,92,0,88.0,0,3,1,1,12,0,1,0
STU08597,Male,19,CSE,Hosteler,83135,58.8,7.09,36,0,98.4,0,5,0,0,4,0,0,0
STU08598,Male,19,MC,Hosteler,84699,61.8,8.0,36,1,49.9,0,7,1,0,9,2,0,0
STU08599,Feamle,23,ECE,Day Scholar,171227,60.8,8.39,72,0,80.0,2,6,0,0,1,1,0,0
STU08600,Male,23,AIML,Day Scholar,86036,54.2,8.71,44,0,53.5,1,11,0,0,14,0,0,0
STU08601,Male,21,CSE,Day Scholar,149729,60.7,5.7,29,0,84.9,0,5,0,0,4,1,0,0
STU08602,Male,18,ECE,Hosteler,41990,72.0,7.43,14,1,35.9,0,3,1,0,11,0,1,0
STU08603,Feamle,21,CSE,Day Scholar,173063,54.9,5.03,75,0,51.0,0,6,0,0,9,0,0,1
STU08604,Feamle,20,MC,Day Scholar,197117,72.9,5.91,26,0,82.0,1,8,0,1,7,0,0,0
STU08605,Feamle,24,MC,Day Scholar,39134,64.4,6.74,46,0,74.7,0,5,0,0,12,0,0,0
STU08606,Feamle,19,MC,Day Scholar,70464,61.1,8.72,46,0,100.0,0,10,0,0,2,0,0,0
STU08607,Male,22,MC,Hosteler,104073,80.7,7.79,30,0,100.0,1,5,0,0,3,2,0,0
STU08608,Male,22,AIML,Day Scholar,188576,65.4,7.06,76,1,88.1,2,7,1,1,3,0,0,0
STU08609,Feamle,18,AIML,Hosteler,151680,67.9,7.67,14,2,94.2,0,3,1,0,8,0,1,0
STU08610,Feamle,18,CSE,Hosteler,195075,94.5,7.78,53,2,45.1,0,6,1,0,12,1,0,0
STU08611,Feamle,22,ECE,Hosteler,169119,61.2,7.55,68,0,87.4,0,8,0,0,13,2,0,0
STU08612,Feamle,18,MC,Day Scholar,154366,98.5,6.14,41,0,61.4,0,2,0,1,11,0,0,0
STU08613,Male,19,MC,Day Scholar,136685,69.8,5.56,61,0,96.9,0,5,1,0,9,0,0,0
STU08614,Feamle,20,AIML,Day Scholar,112541,58.0,6.67,24,0,64.1,0,7,0,0,4,0,0,0
STU08615,Feamle,20,AIML,Day Scholar,100709,66.7,5.81,11,0,95.0,0,5,1,0,2,0,1,0
STU08616,Feamle,21,MC,Hosteler,173478,76.0,7.93,8,1,93.8,0,9,1,1,5,0,0,0
STU08617,Feamle,19,ECE,Day Scholar,105105,93.8,9.29,89,1,81.6,0,8,0,1,3,0,0,0
STU08618,Feamle,24,CSE,Day Scholar,185371,87.0,7.85,36,0,57.9,0,8,0,0,5,0,1,0
STU08619,Feamle,18,CSE,Day Scholar,67043,76.0,4.28,8,0,56.7,1,7,0,0,5,0,0,0
STU08620,Feamle,18,CSE,Day Scholar,180822,93.9,6.05,68,0,100.0,0,5,0,0,10,0,0,0
STU08621,Male,24,CSE,Hosteler,188056,46.8,7.03,54,0,97.7,1,3,0,0,6,0,0,0
STU08622,Male,21,ECE,Day Scholar,76536,78.7,4.85,45,1,60.5,0,7,0,0,3,0,0,0
STU08623,Male,21,ECE,Day Scholar,23706,79.6,7.05,70,0,54.7,0,7,0,0,2,0,0,0
STU08624,Male,18,ECE,Day Scholar,162338,79.8,7.7,40,0,65.0,1,7,0,0,12,1,0,0
STU08625,Male,18,AIML,Day Scholar,106422,50.8,9.11,94,2,100.0,1,5,0,0,10,0,0,0
STU08626,Male,24,MC,Day Scholar,143555,59.7,9.73,100,0,100.0,3,6,0,1,14,0,0,0
STU08627,Feamle,19,ECE,Hosteler,198616,72.5,5.21,6,1,90.3,1,5,1,0,14,0,1,0
STU08628,Feamle,24,CSE,Day Scholar,95382,91.7,6.83,4,0,68.0,2,3,1,0,6,1,0,0
STU08629,Male,21,ECE,Day Scholar,98255,100.0,6.84,51,1,100.0,0,5,0,1,13,1,1,0
STU08630,Feamle,24,MC,Hosteler,106924,65.0,5.93,80,0,82.9,0,5,0,1,9,0,0,0
STU08631,Male,24,AIML,Hosteler,65116,55.4,7.15,74,0,44.7,1,6,0,0,8,0,0,0
STU08632,Feamle,24,CSE,Day Scholar,105464,87.2,6.88,36,0,35.2,0,3,0,1,8,0,0,0
STU08633,Feamle,19,AIML,Hosteler,197398,100.0,7.92,59,1,100.0,0,7,0,0,14,1,0,0
STU08634,Feamle,23,ECE,Hosteler,89354,91.6,9.03,35,0,60.8,0,7,0,0,14,0,0,0
STU08635,Feamle,18,CSE,Day Scholar,28087,63.8,7.2,90,0,45.5,0,8,0,1,13,2,0,0
STU08636,Feamle,22,CSE,Day Scholar,141770,100.0,6.26,0,0,100.0,0,7,1,0,14,1,0,0
STU08637,Feamle,24,ECE,Hosteler,121747,85.3,5.46,0,0,100.0,0,2,1,0,9,0,0,0
STU08638,Male,22,ECE,Day Scholar,199488,63.1,10.0,77,1,88.2,0,0,0,0,12,0,0,0
STU08639,Male,23,MC,Day Scholar,107629,100.0,8.36,59,0,34.1,0,3,0,0,2,0,0,0
STU08640,Feamle,18,ECE,Day Scholar,86583,62.0,7.6,91,0,56.9,0,9,0,0,10,0,0,0
STU08641,Male,21,ECE,Day Scholar,63413,65.7,6.75,40,1,68.9,0,6,1,1,7,0,0,0
STU08642,Feamle,22,ECE,Day Scholar,104580,85.9,9.42,64,0,100.0,1,1,0,0,9,0,0,0
STU08643,Male,21,CSE,Hosteler,101530,74.6,6.76,7,0,90.1,0,2,0,0,8,0,0,0
STU08644,Feamle,22,MC,Day Scholar,177910,75.6,4.43,40,1,60.8,1,2,1,1,0,0,0,0
STU08645,Male,21,CSE,Hosteler,150393,75.6,7.4,46,0,97.9,1,5,0,0,4,0,0,0
STU08646,Feamle,24,ECE,Hosteler,59034,91.7,5.16,89,1,72.0,0,2,0,0,10,2,0,0
STU08647,Male,22,MC,Day Scholar,110875,40.1,7.4,35,0,51.5,0,3,1,0,6,1,0,0
STU08648,Feamle,21,ECE,Hosteler,161631,79.3,9.02,92,1,89.1,1,4,0,0,5,0,1,0
STU08649,Male,23,CSE,Day Scholar,154480,70.6,4.49,3,0,100.0,0,8,0,0,1,0,0,0
STU08650,Feamle,19,CSE,Day Scholar,43878,63.7,5.65,41,1,61.8,0,6,0,0,10,0,0,0
STU08651,Feamle,21,ECE,Hosteler,169140,63.7,8.3,1,1,65.9,1,3,1,1,1,2,0,0
STU08652,Feamle,19,MC,Hosteler,197216,35.4,6.25,93,1,63.3,0,10,0,0,0,1,0,0
STU08653,Male,19,CSE,Day Scholar,178381,63.0,7.62,46,1,68.8,1,2,1,0,13,0,0,0
STU08654,Male,18,ECE,Day Scholar,183463,94.4,7.63,19,0,78.4,0,2,0,0,12,1,0,0
STU08655,Male,24,AIML,Day Scholar,111025,87.5,8.33,29,0,78.9,1,3,0,0,5,0,0,0
STU08656,Feamle,23,ECE,Day Scholar,113243,72.1,6.03,81,2,80.7,0,5,0,0,12,1,0,0
STU08657,Male,19,ECE,Hosteler,108647,53.8,3.17,29,1,62.1,0,5,0,1,8,3,0,1
STU08658,Feamle,20,MC,Hosteler,102462,87.3,7.6,98,0,98.3,0,4,0,0,8,0,0,0
STU08659,Male,24,ECE,Day Scholar,186043,94.6,4.65,0,0,33.4,1,3,0,0,7,0,0,0
STU08660,Male,19,AIML,Hosteler,104855,90.5,8.4,57,0,59.2,5,2,1,0,2,0,0,0
STU08661,Male,21,ECE,Day Scholar,143300,60.5,6.94,66,1,63.0,4,4,1,1,3,2,0,0
STU08662,Male,19,AIML,Day Scholar,145250,62.0,6.56,22,0,62.8,1,6,0,1,12,1,1,0
STU08663,Feamle,21,CSE,Day Scholar,92812,99.8,8.04,44,0,77.7,0,4,0,1,12,0,0,0
STU08664,Male,21,ECE,Day Scholar,74851,56.9,4.39,21,0,85.4,2,6,1,0,11,0,0,1
STU08665,Male,20,MC,Day Scholar,69698,82.2,6.7,48,0,68.5,1,2,0,0,11,1,1,0
STU08666,Feamle,19,ECE,Day Scholar,41345,48.3,7.67,47,0,65.4,0,6,0,1,11,0,0,0
STU08667,Feamle,19,AIML,Day Scholar,190424,70.5,7.38,62,0,58.2,0,6,1,0,0,0,0,0
STU08668,Male,22,AIML,Day Scholar,77797,83.8,6.27,47,0,100.0,0,4,0,0,0,0,0,0
STU08669,Male,24,MC,Day Scholar,71843,74.6,6.28,43,0,73.7,2,4,0,0,13,0,0,0
STU08670,Feamle,22,AIML,Day Scholar,29949,82.9,9.31,50,0,55.9,1,7,0,0,3,0,1,0
STU08671,Feamle,18,ECE,Day Scholar,57542,56.6,8.37,61,0,75.0,0,4,0,1,9,0,0,0
STU08672,Feamle,21,AIML,Day Scholar,183899,62.7,6.0,78,0,61.3,0,5,0,0,12,0,0,0
STU08673,Male,20,ECE,Hosteler,111529,82.2,9.02,40,0,73.2,0,4,0,0,3,0,0,0
STU08674,Male,22,ECE,Hosteler,145040,85.5,8.13,79,1,99.4,0,4,1,0,2,0,0,0
STU08675,Male,19,AIML,Hosteler,150268,78.3,7.73,26,0,100.0,0,6,1,0,4,0,0,0
STU08676,Feamle,18,MC,Hosteler,103258,89.2,7.79,95,2,81.4,0,6,0,0,9,1,0,0
STU08677,Feamle,20,CSE,Day Scholar,110578,50.1,5.28,97,0,67.4,1,4,1,0,3,0,0,0
STU08678,Feamle,23,MC,Hosteler,158073,68.0,9.26,56,0,80.4,2,4,0,0,9,1,0,0
STU08679,Male,19,CSE,Day Scholar,27948,100.0,8.43,41,1,85.3,2,7,1,0,6,1,0,0
STU08680,Feamle,19,MC,Day Scholar,117410,94.3,7.37,11,1,76.1,0,6,0,0,4,0,1,0
STU08681,Male,23,ECE,Hosteler,104391,84.5,7.37,81,2,92.4,1,5,0,1,7,3,1,0
STU08682,Feamle,21,ECE,Hosteler,176367,72.7,6.86,81,0,94.4,0,7,0,1,4,0,0,0
STU08683,Male,21,AIML,Day Scholar,176883,90.5,6.15,59,0,38.7,0,4,0,1,11,0,0,0
STU08684,Male,22,CSE,Day Scholar,61522,81.4,7.8,63,0,93.4,0,8,1,0,1,0,0,0
STU08685,Feamle,22,CSE,Day Scholar,193014,52.2,5.81,3,1,100.0,2,6,0,0,12,0,0,0
STU08686,Male,19,AIML,Day Scholar,80310,89.9,7.23,97,1,100.0,0,2,0,0,0,0,0,0
STU08687,Feamle,24,MC,Day Scholar,180297,62.0,7.15,38,0,81.2,0,6,0,0,3,0,0,0
STU08688,Male,19,AIML,Day Scholar,131350,86.4,7.58,18,2,100.0,0,4,0,0,11,0,0,0
STU08689,Feamle,22,MC,Hosteler,126405,50.8,8.41,61,0,71.3,0,4,1,0,14,0,0,0
STU08690,Feamle,23,AIML,Day Scholar,70882,99.0,7.61,44,0,47.8,0,7,0,0,0,0,0,0
STU08691,Male,22,CSE,Hosteler,171795,70.9,8.04,60,0,50.0,1,6,0,0,13,0,0,0
STU08692,Feamle,19,CSE,Day Scholar,93415,58.4,4.09,30,2,81.3,2,5,1,0,9,0,0,0
STU08693,Male,20,MC,Day Scholar,95085,64.7,7.69,48,0,94.1,0,4,0,0,12,1,0,0
STU08694,Feamle,19,CSE,Day Scholar,139913,69.9,7.11,30,0,67.0,0,4,0,0,10,0,0,0
STU08695,Feamle,20,CSE,Hosteler,150985,74.9,7.56,41,1,100.0,2,3,1,0,0,1,0,0
STU08696,Feamle,20,CSE,Day Scholar,185802,94.8,6.21,47,0,56.3,0,5,0,0,0,1,0,0
STU08697,Feamle,19,CSE,Day Scholar,35136,76.1,8.73,19,2,9.3,0,5,1,0,8,1,0,0
STU08698,Male,24,ECE,Day Scholar,125550,42.4,7.38,83,0,100.0,0,4,1,0,6,0,0,0
STU08699,Feamle,24,AIML,Hosteler,62148,56.6,5.88,95,0,54.1,1,3,0,0,0,0,1,1
STU08700,Feamle,18,AIML,Day Scholar,91501,100.0,6.15,19,0,61.3,1,7,0,1,10,1,1,0
STU08701,Male,22,ECE,Day Scholar,131672,77.0,8.35,15,0,92.2,0,4,1,0,9,0,0,0
STU08702,Male,24,CSE,Day Scholar,63967,89.3,6.87,56,0,74.8,1,6,0,0,6,0,1,0
STU08703,Male,21,AIML,Day Scholar,189147,70.4,6.99,18,1,76.5,0,5,1,0,6,2,0,0
STU08704,Male,19,AIML,Day Scholar,39507,59.9,6.7,94,0,73.1,0,8,0,0,4,0,0,0
STU08705,Male,20,AIML,Hosteler,121447,67.8,8.52,12,0,62.6,0,2,0,0,11,0,1,0
STU08706,Male,19,MC,Hosteler,121104,76.9,7.72,19,0,95.9,0,8,0,0,0,0,0,0
STU08707,Feamle,22,ECE,Day Scholar,183153,68.1,5.22,75,1,70.2,1,4,1,1,4,1,0,0
STU08708,Male,23,MC,Day Scholar,136890,100.0,5.54,48,1,99.2,0,6,0,0,5,0,1,0
STU08709,Feamle,24,MC,Hosteler,108122,65.8,7.01,25,0,81.0,1,3,0,0,6,0,0,0
STU08710,Male,24,ECE,Day Scholar,153414,59.2,6.04,34,3,59.8,1,5,0,1,0,0,0,0
STU08711,Feamle,24,AIML,Day Scholar,146273,87.1,3.76,40,2,68.6,1,10,0,0,12,0,0,0
STU08712,Feamle,20,MC,Hosteler,64360,89.0,5.88,9,1,80.3,1,5,1,0,1,3,0,0
STU08713,Feamle,21,AIML,Day Scholar,30167,75.4,6.58,75,0,65.7,0,5,0,0,10,0,0,0
STU08714,Male,21,MC,Hosteler,82853,66.0,6.4,23,0,88.7,0,3,0,0,2,0,0,0
STU08715,Male,24,AIML,Hosteler,68303,46.5,8.08,72,1,86.2,0,3,0,0,13,1,0,1
STU08716,Male,21,CSE,Day Scholar,132988,93.3,3.65,68,1,51.5,1,11,0,0,13,0,1,1
STU08717,Male,23,CSE,Day Scholar,86991,88.0,5.84,30,0,91.0,0,9,1,0,11,0,0,0
STU08718,Feamle,24,CSE,Hosteler,177365,68.4,8.19,53,0,93.9,0,4,0,0,6,0,1,0
STU08719,Male,18,ECE,Day Scholar,153611,75.9,6.0,57,0,72.0,0,6,0,0,2,0,1,0
STU08720,Feamle,20,CSE,Hosteler,121922,71.6,5.18,97,1,58.7,1,4,1,0,9,0,0,0
STU08721,Feamle,23,MC,Hosteler,110986,99.4,5.98,59,0,86.4,0,6,1,0,3,0,1,0
STU08722,Male,20,AIML,Hosteler,146550,59.4,7.67,10,0,69.4,0,10,1,0,8,0,0,0
STU08723,Male,24,AIML,Hosteler,169661,65.7,6.62,72,1,43.9,0,5,0,0,10,1,0,0
STU08724,Male,23,AIML,Hosteler,163791,64.2,5.91,85,0,75.1,0,3,0,0,4,0,0,0
STU08725,Feamle,24,AIML,Day Scholar,23591,79.7,7.72,39,0,90.8,1,5,1,0,13,1,0,0
STU08726,Male,23,MC,Day Scholar,172170,75.8,7.56,54,3,64.0,1,5,1,0,7,2,0,0
STU08727,Feamle,24,AIML,Hosteler,90250,78.0,5.1,46,0,49.2,0,9,0,0,0,0,0,0
STU08728,Male,18,MC,Hosteler,147410,61.8,7.14,91,0,72.8,0,8,1,1,7,3,0,0
STU08729,Feamle,20,MC,Hosteler,112955,97.3,5.05,60,0,81.8,2,6,0,0,5,0,1,0
STU08730,Male,23,AIML,Day Scholar,180675,68.2,8.76,79,1,93.2,1,8,0,0,0,0,0,0
STU08731,Male,18,AIML,Hosteler,24667,92.8,8.85,73,0,100.0,0,7,0,0,3,0,1,0
STU08732,Feamle,19,AIML,Hosteler,93993,100.0,6.57,33,0,62.2,0,1,0,1,9,0,0,0
STU08733,Male,24,MC,Day Scholar,93829,61.9,8.6,61,1,74.5,1,7,0,0,10,0,0,0
STU08734,Male,22,ECE,Day Scholar,199172,80.1,5.87,78,2,80.0,0,7,0,1,11,0,0,0
STU08735,Male,23,MC,Hosteler,44238,73.0,6.79,81,1,74.4,3,6,0,0,4,1,0,0
STU08736,Male,21,ECE,Day Scholar,145636,100.0,6.12,44,1,45.6,0,10,0,0,4,0,1,0
STU08737,Male,18,AIML,Hosteler,177182,70.8,6.96,94,0,75.8,1,4,0,1,2,2,0,0
STU08738,Male,18,MC,Hosteler,120573,78.7,7.1,4,0,100.0,0,3,1,0,6,0,0,0
STU08739,Male,23,AIML,Day Scholar,145842,78.4,7.0,50,0,64.1,0,6,0,0,10,0,0,0
STU08740,Feamle,18,ECE,Day Scholar,104403,73.5,6.86,96,1,73.0,0,3,0,0,10,1,0,0
STU08741,Feamle,19,ECE,Day Scholar,31184,86.3,7.19,57,0,100.0,0,6,0,0,0,1,0,0
STU08742,Male,18,MC,Hosteler,106349,76.4,8.88,92,0,94.6,0,6,0,0,8,0,1,0
STU08743,Male,22,MC,Day Scholar,45482,82.2,3.98,2,1,65.6,0,1,1,0,4,2,0,0
STU08744,Male,22,MC,Hosteler,193636,78.2,9.88,22,0,56.9,1,9,0,0,8,1,1,0
STU08745,Feamle,24,MC,Day Scholar,35660,65.9,6.47,9,0,67.5,1,5,1,0,6,1,1,0
STU08746,Feamle,24,CSE,Day Scholar,44479,71.0,6.88,46,0,45.3,0,4,0,0,4,0,1,0
STU08747,Male,21,CSE,Hosteler,57230,83.3,8.99,31,0,67.9,1,4,0,0,3,0,1,0
STU08748,Feamle,19,AIML,Day Scholar,23340,83.3,7.91,47,0,100.0,0,3,0,0,12,0,1,0
STU08749,Male,22,ECE,Day Scholar,125251,93.7,7.8,26,0,94.9,2,2,0,1,4,2,0,0
STU08750,Male,23,ECE,Hosteler,51829,100.0,8.87,35,0,70.0,0,3,1,1,5,1,0,0
STU08751,Male,20,AIML,Day Scholar,158111,67.2,6.75,87,0,90.9,0,5,0,0,9,0,0,0
STU08752,Male,20,AIML,Day Scholar,158227,77.0,8.38,53,0,91.5,0,9,0,0,5,1,1,0
STU08753,Feamle,20,AIML,Hosteler,145045,72.1,5.11,19,0,90.0,2,2,1,0,13,0,0,0
STU08754,Feamle,24,CSE,Day Scholar,146086,58.4,7.63,2,2,86.3,0,2,0,1,8,0,0,0
STU08755,Male,23,AIML,Day Scholar,190510,83.5,7.84,68,0,63.5,0,1,0,0,1,0,0,0
STU08756,Feamle,18,ECE,Day Scholar,123213,86.7,8.72,2,1,90.6,1,5,1,0,8,0,0,0
STU08757,Feamle,23,AIML,Day Scholar,93933,58.8,8.06,39,2,70.0,1,7,1,1,0,2,0,0
STU08758,Male,18,MC,Day Scholar,134753,69.4,7.31,59,1,77.0,3,7,0,1,4,0,1,0
STU08759,Feamle,20,ECE,Hosteler,163309,67.9,6.52,69,1,94.1,0,6,0,1,4,0,0,0
STU08760,Male,21,ECE,Day Scholar,120355,52.4,6.51,78,0,100.0,1,3,0,0,9,0,1,0
STU08761,Male,21,ECE,Hosteler,151074,74.5,6.52,69,0,69.7,1,6,0,0,3,0,0,0
STU08762,Male,18,CSE,Hosteler,142114,57.8,5.05,22,0,85.5,0,6,0,0,8,0,0,1
STU08763,Male,20,CSE,Hosteler,197866,77.4,9.62,59,0,70.6,0,5,0,0,4,1,1,0
STU08764,Feamle,23,ECE,Day Scholar,85860,79.0,8.5,29,0,40.2,0,6,0,0,0,1,0,0
STU08765,Male,21,MC,Day Scholar,189974,80.9,7.38,38,1,100.0,0,6,0,0,14,0,0,0
STU08766,Feamle,18,ECE,Hosteler,41275,81.6,8.22,39,2,88.6,1,3,0,0,2,0,0,0
STU08767,Male,23,CSE,Day Scholar,71734,98.0,8.13,47,0,61.6,0,6,0,0,3,1,0,0
STU08768,Male,20,MC,Hosteler,83261,62.9,5.51,84,1,87.1,3,3,0,1,4,2,1,0
STU08769,Feamle,19,ECE,Day Scholar,183133,63.6,7.96,44,0,100.0,0,3,1,0,5,0,0,0
STU08770,Male,20,CSE,Day Scholar,145526,84.8,8.9,36,0,65.2,1,4,0,0,11,0,0,0
STU08771,Feamle,24,MC,Hosteler,186962,73.0,5.98,21,0,80.2,0,1,0,0,3,1,0,0
STU08772,Feamle,20,AIML,Hosteler,109896,91.9,4.7,51,0,84.1,0,6,1,0,11,2,0,0
STU08773,Male,23,AIML,Hosteler,39498,83.4,5.26,1,0,56.4,0,6,0,0,7,0,0,0
STU08774,Male,23,ECE,Hosteler,97003,100.0,6.86,13,0,67.8,1,6,1,0,7,1,0,0
STU08775,Male,22,AIML,Day Scholar,164441,73.6,5.17,17,0,84.0,1,4,0,1,6,0,0,0
STU08776,Male,22,CSE,Hosteler,196186,52.8,6.74,49,1,82.8,0,5,0,0,1,0,0,0
STU08777,Male,23,MC,Day Scholar,80071,80.1,6.02,14,1,80.7,0,4,0,0,8,0,0,0
STU08778,Male,23,ECE,Day Scholar,33997,73.9,7.0,36,1,100.0,0,3,0,0,10,0,0,0
STU08779,Feamle,19,MC,Day Scholar,63518,83.0,6.24,1,1,100.0,0,3,0,0,1,1,0,0
STU08780,Feamle,19,MC,Hosteler,129885,84.9,6.95,83,0,86.2,1,2,0,0,14,0,1,0
STU08781,Male,20,MC,Day Scholar,150480,67.0,7.9,73,1,60.6,1,5,0,0,7,0,0,0
STU08782,Feamle,24,CSE,Day Scholar,44686,59.9,5.56,68,0,91.9,0,7,0,1,11,3,0,1
STU08783,Feamle,21,ECE,Day Scholar,105736,72.8,7.42,31,0,57.6,1,6,0,0,6,0,0,0
STU08784,Male,24,AIML,Day Scholar,95691,39.3,5.72,65,3,62.1,0,7,0,0,13,1,1,1
STU08785,Male,19,MC,Hosteler,33074,76.2,6.99,56,1,69.2,1,3,1,0,5,0,1,0
STU08786,Feamle,20,MC,Hosteler,38091,68.9,6.88,60,0,65.9,0,4,0,1,2,0,1,0
STU08787,Male,24,MC,Day Scholar,26715,87.9,7.53,4,1,87.0,1,1,0,1,6,1,0,0
STU08788,Feamle,18,CSE,Day Scholar,58821,45.2,7.28,84,0,89.5,0,5,0,0,0,0,0,0
STU08789,Male,22,AIML,Day Scholar,40199,75.1,8.86,17,1,56.0,0,9,0,0,5,2,1,0
STU08790,Feamle,24,MC,Hosteler,154111,98.6,6.96,47,0,91.0,0,4,1,0,3,0,0,0
STU08791,Feamle,21,CSE,Day Scholar,25861,85.1,6.06,39,1,79.8,0,4,0,0,2,3,0,0
STU08792,Feamle,20,CSE,Hosteler,72008,89.7,8.39,67,0,48.3,0,5,1,0,5,0,1,0
STU08793,Feamle,24,MC,Hosteler,77668,80.1,7.5,95,0,100.0,0,5,0,0,3,0,1,0
STU08794,Male,23,MC,Day Scholar,190176,50.1,8.33,99,1,76.3,2,6,1,0,1,0,0,0
STU08795,Male,18,CSE,Hosteler,187202,77.5,6.82,55,2,69.5,1,4,0,1,7,2,0,0
STU08796,Feamle,22,CSE,Day Scholar,142494,81.1,5.04,3,2,65.3,0,10,0,0,5,0,0,0
STU08797,Feamle,18,MC,Day Scholar,187330,58.8,10.0,16,1,64.2,1,6,0,0,7,0,0,0
STU08798,Male,20,CSE,Day Scholar,50691,73.1,6.1,51,0,84.9,1,4,1,0,14,0,0,0
STU08799,Male,19,CSE,Day Scholar,43815,31.5,5.26,62,1,60.9,0,4,0,0,7,0,1,1
STU08800,Feamle,22,MC,Day Scholar,111674,70.0,8.08,41,0,77.0,1,4,0,1,5,0,0,0
STU08801,Feamle,18,MC,Hosteler,103464,68.5,5.58,32,1,57.4,0,3,0,1,5,1,1,0
STU08802,Feamle,19,ECE,Day Scholar,107771,96.0,6.41,85,0,100.0,0,5,1,0,4,0,0,0
STU08803,Feamle,21,AIML,Day Scholar,176173,66.0,7.19,17,1,83.1,0,10,0,0,9,3,1,0
STU08804,Feamle,20,MC,Day Scholar,106553,71.0,6.79,26,1,65.6,0,3,0,0,11,2,1,0
STU08805,Male,20,MC,Day Scholar,147602,73.8,6.45,78,1,35.8,0,4,0,1,12,0,0,0
STU08806,Feamle,22,MC,Hosteler,176488,66.1,9.38,60,0,58.1,1,4,0,0,4,0,0,0
STU08807,Male,18,AIML,Hosteler,104185,85.8,6.83,24,0,61.5,0,4,0,0,6,0,0,0
STU08808,Male,21,ECE,Hosteler,131184,45.1,5.65,60,1,67.4,0,4,1,0,4,0,0,0
STU08809,Male,23,CSE,Day Scholar,61026,92.0,8.47,9,1,100.0,2,4,0,0,12,0,0,0
STU08810,Feamle,22,AIML,Day Scholar,176408,74.8,5.92,79,1,85.5,1,6,0,1,13,0,1,0
STU08811,Male,23,MC,Day Scholar,140975,94.5,6.84,3,0,76.7,0,7,0,0,8,0,0,0
STU08812,Male,22,MC,Day Scholar,25260,33.8,5.64,30,1,87.3,1,7,0,1,3,0,0,0
STU08813,Male,18,ECE,Day Scholar,164729,38.5,7.32,31,1,99.3,0,5,0,0,9,0,0,0
STU08814,Male,21,ECE,Hosteler,143344,70.6,7.06,23,1,93.6,0,5,1,0,8,0,0,0
STU08815,Feamle,18,ECE,Hosteler,122495,82.6,6.96,58,1,96.5,0,3,1,0,12,2,0,0
STU08816,Feamle,20,CSE,Day Scholar,180151,66.7,7.23,17,0,79.1,1,3,0,0,13,0,0,0
STU08817,Male,23,AIML,Day Scholar,172355,83.8,8.23,95,1,94.6,0,6,0,0,2,1,0,0
STU08818,Male,19,AIML,Hosteler,21467,89.7,8.05,91,2,24.2,0,8,0,0,10,0,0,0
STU08819,Feamle,24,ECE,Day Scholar,157173,85.0,5.44,74,0,97.6,0,4,0,1,13,0,1,0
STU08820,Feamle,20,CSE,Hosteler,153832,76.5,5.99,71,1,75.6,0,4,1,0,4,0,0,0
STU08821,Feamle,20,AIML,Day Scholar,124725,76.4,8.39,64,1,66.7,2,6,0,0,9,1,0,0
STU08822,Male,23,MC,Hosteler,163720,65.8,5.83,1,0,87.5,0,4,0,0,0,0,0,0
STU08823,Feamle,22,MC,Day Scholar,54161,74.2,7.74,20,0,91.8,0,12,0,0,1,0,0,0
STU08824,Male,20,MC,Hosteler,130803,59.6,8.26,82,1,100.0,1,2,0,1,14,0,0,0
STU08825,Male,24,AIML,Day Scholar,107298,63.2,4.54,41,1,84.1,0,1,0,0,6,0,0,0
STU08826,Feamle,21,ECE,Day Scholar,38083,82.7,6.39,93,0,71.0,1,5,0,1,11,0,1,0
STU08827,Male,20,MC,Day Scholar,168576,68.1,8.22,24,0,79.0,0,6,0,0,8,0,0,0
STU08828,Feamle,21,ECE,Day Scholar,189169,63.9,6.78,52,0,90.8,0,8,1,0,12,1,0,0
STU08829,Male,18,CSE,Hosteler,70723,81.7,6.39,8,1,32.1,2,2,1,0,8,0,0,0
STU08830,Feamle,22,MC,Hosteler,199811,80.7,8.25,41,0,85.7,0,2,0,0,8,0,0,0
STU08831,Male,21,CSE,Day Scholar,132660,71.8,8.66,27,2,97.8,2,11,1,0,14,2,1,0
STU08832,Male,20,ECE,Day Scholar,162768,72.8,5.98,36,0,75.3,1,5,0,0,8,0,0,0
STU08833,Feamle,22,AIML,Hosteler,125071,81.2,9.65,60,0,75.9,2,4,0,0,9,0,0,0
STU08834,Feamle,24,ECE,Day Scholar,107258,89.5,4.32,58,0,51.6,0,4,0,0,9,1,0,0
STU08835,Feamle,22,MC,Hosteler,115735,78.0,4.74,31,1,63.8,1,3,0,1,4,0,0,0
STU08836,Feamle,21,MC,Hosteler,82071,57.1,6.32,40,0,65.4,0,6,0,0,13,0,0,0
STU08837,Male,21,ECE,Day Scholar,114968,71.7,6.5,74,0,88.8,0,5,0,0,7,0,0,0
STU08838,Feamle,19,MC,Day Scholar,74094,68.9,6.57,84,1,94.7,0,5,0,0,1,0,1,0
STU08839,Feamle,19,MC,Day Scholar,62415,59.2,6.2,23,0,100.0,0,5,1,0,11,3,0,0
STU08840,Male,22,CSE,Day Scholar,108251,82.5,5.91,64,0,87.1,0,6,0,0,1,0,0,0
STU08841,Feamle,23,AIML,Day Scholar,47124,83.6,6.67,79,0,45.5,0,4,0,1,12,0,0,0
STU08842,Feamle,23,ECE,Hosteler,43403,85.9,6.12,87,0,100.0,0,4,1,0,14,0,1,0
STU08843,Male,19,CSE,Day Scholar,22422,60.1,8.02,9,0,56.9,0,2,0,1,10,1,0,0
STU08844,Feamle,20,MC,Day Scholar,149457,77.4,7.05,95,2,79.7,1,5,1,0,11,0,1,0
STU08845,Feamle,18,CSE,Hosteler,125894,74.9,6.67,91,0,63.7,1,6,1,0,4,0,0,0
STU08846,Feamle,22,AIML,Hosteler,164527,79.6,6.89,49,1,76.2,1,5,0,0,12,1,0,0
STU08847,Feamle,18,ECE,Day Scholar,179259,76.9,8.67,96,1,93.0,0,3,0,1,2,0,0,0
STU08848,Feamle,19,AIML,Day Scholar,198181,74.8,6.27,62,0,85.1,2,1,0,0,9,0,0,0
STU08849,Feamle,21,AIML,Hosteler,95068,73.0,5.09,85,0,63.7,1,1,1,0,6,0,0,0
STU08850,Male,24,CSE,Hosteler,164613,91.6,5.53,64,2,93.4,0,6,0,0,6,0,0,0
STU08851,Feamle,22,CSE,Hosteler,166553,62.1,6.65,98,0,100.0,1,3,0,0,8,2,0,0
STU08852,Male,19,AIML,Hosteler,62478,72.4,7.72,57,2,81.2,0,8,0,0,10,1,0,0
STU08853,Male,20,MC,Day Scholar,58593,91.2,8.32,75,1,67.6,0,5,1,0,14,0,0,0
STU08854,Male,24,ECE,Day Scholar,92296,62.8,9.47,45,2,97.5,0,2,1,0,1,0,0,0
STU08855,Male,22,MC,Day Scholar,193991,63.6,8.11,88,1,60.8,0,4,0,0,14,0,0,0
STU08856,Feamle,22,MC,Hosteler,61670,86.0,5.68,27,0,78.9,0,6,0,1,13,2,0,0
STU08857,Feamle,23,ECE,Day Scholar,40954,53.6,6.7,80,0,70.4,0,5,0,0,10,0,1,0
STU08858,Feamle,21,CSE,Hosteler,53341,84.9,3.75,79,1,100.0,0,5,0,1,11,1,0,0
STU08859,Male,22,MC,Hosteler,47419,67.7,6.53,95,0,80.7,0,6,1,0,6,1,0,0
STU08860,Feamle,21,CSE,Day Scholar,69659,81.2,6.09,58,1,68.4,1,4,0,0,1,0,0,0
STU08861,Feamle,19,ECE,Hosteler,153294,56.7,3.53,3,0,70.6,1,7,0,0,6,2,0,1
STU08862,Feamle,20,MC,Hosteler,76840,92.8,10.0,40,1,29.9,0,5,0,0,11,0,0,0
STU08863,Male,24,CSE,Day Scholar,177345,56.7,6.43,59,0,73.5,0,7,0,0,13,1,0,1
STU08864,Male,24,CSE,Hosteler,86323,85.9,3.84,61,0,85.9,0,5,0,0,4,0,1,0
STU08865,Feamle,20,MC,Day Scholar,113901,57.4,6.59,10,1,73.2,0,5,0,0,4,0,0,0
STU08866,Male,22,ECE,Hosteler,122971,100.0,9.48,19,0,59.5,0,3,0,0,2,1,1,0
STU08867,Male,22,AIML,Hosteler,136921,73.9,9.86,89,0,94.2,0,6,0,1,3,1,0,0
STU08868,Feamle,19,CSE,Day Scholar,45162,100.0,7.09,6,0,79.9,0,6,0,0,9,0,0,0
STU08869,Male,23,ECE,Day Scholar,96893,62.7,7.14,94,2,100.0,0,5,1,0,0,0,0,0
STU08870,Male,23,MC,Day Scholar,65569,68.4,8.84,61,1,66.5,0,3,0,1,5,1,0,0
STU08871,Feamle,23,CSE,Day Scholar,137937,93.2,6.77,6,0,79.7,3,4,0,0,7,0,0,0
STU08872,Male,21,CSE,Day Scholar,47277,53.6,7.69,63,0,75.6,1,3,0,0,1,0,0,0
STU08873,Male,23,CSE,Day Scholar,124375,64.5,8.26,57,1,69.9,0,0,1,0,3,0,0,0
STU08874,Male,20,ECE,Hosteler,105956,82.4,5.39,3,1,96.2,0,3,0,1,3,0,0,0
STU08875,Male,24,CSE,Day Scholar,77899,59.7,9.31,71,0,79.9,0,1,0,0,14,1,0,0
STU08876,Male,24,CSE,Day Scholar,32167,82.8,5.68,13,1,83.2,1,3,0,0,12,1,0,0
STU08877,Male,21,MC,Day Scholar,65350,77.6,6.05,85,1,81.2,0,6,0,0,13,0,0,0
STU08878,Male,19,CSE,Day Scholar,166662,52.3,7.15,22,0,97.2,2,5,0,0,1,0,0,0
STU08879,Male,20,ECE,Hosteler,47883,89.5,8.41,88,2,100.0,0,4,0,0,2,0,0,0
STU08880,Feamle,24,MC,Day Scholar,195578,56.1,8.02,35,0,64.7,0,7,0,0,10,0,0,0
STU08881,Feamle,20,AIML,Day Scholar,34374,86.6,6.93,89,1,77.6,1,4,0,1,6,0,0,0
STU08882,Feamle,24,MC,Day Scholar,44551,76.9,7.43,23,1,88.8,0,5,0,1,14,0,0,0
STU08883,Feamle,18,CSE,Day Scholar,114188,68.2,8.61,81,2,87.6,1,7,0,0,11,0,0,0
STU08884,Male,19,AIML,Day Scholar,140766,58.4,7.01,20,1,97.5,2,4,0,0,8,0,0,0
STU08885,Feamle,19,MC,Day Scholar,168917,79.9,5.78,62,1,69.0,1,5,1,0,13,0,0,0
STU08886,Feamle,18,CSE,Day Scholar,107834,61.9,6.1,46,2,77.0,0,3,0,0,4,0,0,0
STU08887,Male,21,MC,Day Scholar,26352,93.1,8.36,68,0,98.1,0,10,1,0,14,1,0,0
STU08888,Male,24,ECE,Day Scholar,120475,93.7,5.78,14,0,69.7,0,4,1,0,4,0,1,0
STU08889,Male,24,CSE,Day Scholar,131566,99.6,4.65,30,0,83.1,0,4,0,0,6,0,0,0
STU08890,Male,24,ECE,Day Scholar,77080,79.2,6.54,89,1,62.6,0,9,0,0,13,0,0,0
STU08891,Male,23,CSE,Hosteler,28594,68.9,6.89,3,0,100.0,1,2,0,0,5,0,0,0
STU08892,Feamle,23,ECE,Day Scholar,28475,70.5,8.29,3,0,83.1,1,5,0,0,2,1,0,0
STU08893,Male,23,AIML,Day Scholar,149599,69.4,4.81,43,0,100.0,0,2,1,0,14,0,1,0
STU08894,Feamle,23,ECE,Day Scholar,108035,78.7,7.52,60,1,80.8,0,10,1,1,9,0,1,0
STU08895,Feamle,23,MC,Day Scholar,115983,81.5,8.73,62,0,92.3,0,4,1,0,1,0,0,0
STU08896,Male,18,CSE,Hosteler,188496,93.5,5.77,82,0,86.3,0,5,0,1,11,1,0,0
STU08897,Feamle,19,MC,Hosteler,95923,75.3,7.12,25,1,98.7,0,3,0,0,12,1,0,0
STU08898,Feamle,21,ECE,Hosteler,22670,54.0,3.77,49,1,96.6,1,5,1,0,1,0,0,0
STU08899,Male,20,CSE,Day Scholar,79263,68.9,8.31,32,0,74.0,0,7,0,0,8,0,0,0
STU08900,Feamle,23,ECE,Hosteler,55316,98.3,8.19,3,0,74.1,1,8,0,0,9,1,0,0
STU08901,Feamle,18,AIML,Day Scholar,38710,51.7,6.97,56,0,96.6,0,4,0,0,7,0,0,0
STU08902,Feamle,24,AIML,Hosteler,190886,86.1,5.01,61,0,100.0,1,11,1,0,13,0,0,0
STU08903,Male,21,AIML,Day Scholar,120510,69.1,8.0,87,0,72.1,1,2,0,0,6,1,0,0
STU08904,Male,21,ECE,Hosteler,25179,61.7,6.63,94,0,67.9,0,1,1,0,13,0,0,0
STU08905,Male,21,ECE,Hosteler,45063,80.9,2.83,33,0,56.4,1,3,0,0,4,0,0,0
STU08906,Feamle,18,AIML,Day Scholar,78009,98.4,8.17,33,2,91.4,1,6,0,0,13,0,1,0
STU08907,Male,20,ECE,Hosteler,91011,80.1,8.75,1,0,82.3,1,6,1,0,9,0,0,0
STU08908,Feamle,23,MC,Day Scholar,160753,71.1,9.01,42,1,80.8,0,4,1,0,5,0,0,0
STU08909,Male,21,ECE,Hosteler,92501,55.6,5.08,71,2,86.4,0,5,0,0,5,0,0,0
STU08910,Feamle,18,MC,Day Scholar,53566,73.5,4.12,48,1,87.8,1,1,1,0,12,0,0,0
STU08911,Male,24,AIML,Day Scholar,137488,55.0,6.38,20,0,82.7,1,5,0,1,14,0,0,0
STU08912,Male,19,ECE,Hosteler,178946,70.4,7.78,11,0,90.8,0,3,0,0,12,0,0,0
STU08913,Feamle,24,AIML,Hosteler,187195,74.1,5.59,35,1,94.7,0,5,1,0,12,1,1,0
STU08914,Male,18,CSE,Hosteler,105849,39.6,4.61,0,0,94.4,0,3,1,0,3,0,1,1
STU08915,Feamle,18,ECE,Day Scholar,196389,95.8,8.09,41,1,80.9,0,8,1,0,12,1,0,0
STU08916,Male,18,ECE,Hosteler,81217,56.4,6.48,15,0,83.0,0,5,0,1,13,0,0,0
STU08917,Male,21,AIML,Day Scholar,44939,72.2,7.93,48,0,63.2,1,3,1,1,2,1,0,0
STU08918,Feamle,18,AIML,Day Scholar,198174,83.0,7.02,5,2,67.5,1,8,0,0,11,0,0,0
STU08919,Feamle,19,AIML,Day Scholar,99854,94.6,6.75,96,0,100.0,0,2,0,0,7,0,0,0
STU08920,Feamle,21,CSE,Hosteler,191528,63.1,6.9,12,0,64.4,0,3,0,0,4,1,0,0
STU08921,Male,24,CSE,Hosteler,161409,37.4,6.46,44,0,56.8,1,6,1,0,7,0,0,0
STU08922,Feamle,19,AIML,Hosteler,162095,91.2,6.31,8,1,92.9,1,2,0,0,4,2,1,0
STU08923,Male,22,ECE,Day Scholar,98406,56.3,5.35,98,0,91.7,0,3,0,0,13,0,0,1
STU08924,Feamle,24,ECE,Hosteler,123326,80.4,7.73,27,0,83.4,1,5,0,0,11,1,1,0
STU08925,Feamle,18,AIML,Day Scholar,125888,81.3,8.87,63,0,95.7,1,2,0,0,13,0,0,0
STU08926,Feamle,23,MC,Day Scholar,80916,26.2,6.25,33,2,45.7,1,10,0,0,3,2,1,1
STU08927,Feamle,23,CSE,Hosteler,198692,50.8,9.8,31,1,88.3,1,4,0,0,14,0,1,1
STU08928,Feamle,21,CSE,Day Scholar,34274,68.1,7.56,64,0,74.1,0,8,0,0,0,2,0,0
STU08929,Feamle,23,MC,Hosteler,105285,36.2,7.39,88,0,73.3,0,6,0,0,14,0,0,0
STU08930,Male,24,AIML,Hosteler,44398,54.9,7.98,51,0,98.3,0,8,0,0,0,1,0,1
STU08931,Feamle,21,ECE,Hosteler,101506,76.8,8.46,73,0,100.0,0,2,1,0,8,0,0,0
STU08932,Male,24,ECE,Hosteler,50135,73.7,6.32,65,0,66.2,2,5,0,0,12,0,0,0
STU08933,Feamle,18,CSE,Day Scholar,132096,79.5,7.83,3,1,96.8,0,3,1,0,0,2,0,0
STU08934,Feamle,20,MC,Day Scholar,147843,81.7,8.57,24,0,100.0,1,6,0,1,1,2,0,0
STU08935,Feamle,20,ECE,Hosteler,31412,49.8,6.43,79,0,79.6,0,9,0,0,14,1,0,0
STU08936,Male,19,CSE,Day Scholar,166365,55.7,7.01,62,1,81.9,1,5,0,0,5,3,1,0
STU08937,Male,18,ECE,Day Scholar,164266,86.4,5.85,39,0,87.7,2,6,1,0,14,0,0,0
STU08938,Feamle,23,ECE,Hosteler,133283,97.9,6.26,68,1,63.0,1,5,1,0,11,0,1,0
STU08939,Male,18,ECE,Hosteler,111182,60.5,6.48,55,0,58.9,0,4,0,0,7,0,0,0
STU08940,Feamle,22,CSE,Day Scholar,114301,78.9,5.64,22,0,100.0,0,5,0,0,11,2,0,0
STU08941,Feamle,20,MC,Day Scholar,57219,87.1,6.91,83,0,76.8,0,9,0,1,8,1,0,0
STU08942,Male,23,AIML,Day Scholar,55507,78.6,7.5,2,0,45.6,0,4,0,1,5,2,0,0
STU08943,Male,24,MC,Day Scholar,76591,71.3,7.64,64,1,88.0,1,6,0,0,3,1,0,0
STU08944,Male,24,ECE,Day Scholar,107468,65.4,5.79,50,1,93.1,0,6,0,0,1,0,0,0
STU08945,Male,20,MC,Day Scholar,190631,100.0,6.09,24,0,42.2,0,3,0,1,3,0,1,0
STU08946,Feamle,18,ECE,Day Scholar,109836,76.4,8.28,79,0,70.9,0,3,0,0,10,1,1,0
STU08947,Male,23,CSE,Day Scholar,108765,80.8,6.09,40,0,96.5,0,7,0,1,9,0,0,0
STU08948,Male,19,CSE,Hosteler,157939,79.9,8.24,4,0,92.7,1,4,0,0,5,0,1,0
STU08949,Feamle,24,CSE,Day Scholar,94644,62.8,5.9,99,1,75.0,1,7,0,0,5,0,0,0
STU08950,Male,18,ECE,Hosteler,23943,75.8,7.57,63,0,60.7,0,6,1,0,12,2,0,0
STU08951,Male,19,MC,Day Scholar,166595,70.2,8.13,5,0,100.0,0,10,0,0,0,0,0,0
STU08952,Male,23,AIML,Day Scholar,121764,69.9,3.03,75,0,56.6,0,3,1,0,14,1,0,0
STU08953,Male,20,AIML,Day Scholar,87028,79.8,8.3,45,1,100.0,0,6,1,0,14,0,1,0
STU08954,Feamle,22,CSE,Hosteler,187461,61.3,8.96,22,0,92.2,2,6,0,0,11,1,0,0
STU08955,Feamle,21,AIML,Day Scholar,159990,56.9,6.54,37,1,63.1,0,4,0,0,8,0,1,0
STU08956,Male,20,ECE,Day Scholar,197682,82.5,7.52,4,0,74.4,1,1,0,0,7,0,0,0
STU08957,Male,19,MC,Day Scholar,196893,67.0,5.74,60,1,70.2,0,8,0,0,8,0,1,0
STU08958,Feamle,18,AIML,Day Scholar,46185,69.8,7.55,1,0,82.6,0,4,0,1,0,1,0,0
STU08959,Male,24,AIML,Day Scholar,41402,46.1,10.0,2,0,78.6,0,7,0,0,11,0,0,0
STU08960,Male,23,MC,Hosteler,114860,89.4,3.7,6,1,96.0,0,3,0,0,11,2,0,0
STU08961,Male,20,AIML,Day Scholar,180648,82.9,6.25,89,1,79.8,1,3,1,0,8,1,0,0
STU08962,Male,24,MC,Day Scholar,43134,85.6,8.2,75,3,77.5,0,4,1,0,6,0,1,0
STU08963,Male,24,ECE,Hosteler,50505,80.8,8.89,49,1,74.4,0,6,0,0,4,0,1,0
STU08964,Male,22,ECE,Hosteler,135250,52.3,4.93,59,0,97.1,0,6,0,0,0,0,0,1
STU08965,Male,23,ECE,Hosteler,21268,78.4,6.04,64,1,100.0,1,7,0,0,0,0,0,0
STU08966,Male,19,CSE,Day Scholar,91097,65.9,6.13,64,2,57.4,0,4,0,0,7,1,0,0
STU08967,Male,23,ECE,Day Scholar,75197,60.6,6.02,96,2,99.1,0,6,0,0,8,0,0,0
STU08968,Feamle,23,AIML,Day Scholar,162343,82.5,6.83,61,3,100.0,2,7,0,0,3,0,0,0
STU08969,Feamle,18,CSE,Day Scholar,122958,99.9,4.86,53,1,68.6,0,2,1,0,13,0,0,0
STU08970,Feamle,21,CSE,Hosteler,137859,97.4,6.62,52,0,76.4,1,5,1,1,10,0,1,0
STU08971,Male,24,CSE,Day Scholar,27512,84.3,5.6,8,2,75.5,0,7,0,0,12,0,1,0
STU08972,Male,19,ECE,Hosteler,83968,74.5,6.9,0,0,90.5,0,4,0,0,13,0,1,0
STU08973,Feamle,18,CSE,Hosteler,141534,71.8,5.94,14,1,68.5,1,9,0,0,3,0,0,0
STU08974,Male,24,ECE,Day Scholar,80757,61.4,6.75,88,0,100.0,0,2,0,0,3,0,0,0
STU08975,Feamle,21,ECE,Hosteler,172494,71.0,5.45,35,0,33.1,0,2,0,0,6,0,0,0
STU08976,Male,18,CSE,Day Scholar,127753,88.6,8.43,9,2,78.1,1,4,0,0,0,0,0,0
STU08977,Feamle,21,CSE,Day Scholar,150282,100.0,6.51,49,1,75.2,1,5,0,0,4,1,0,0
STU08978,Feamle,21,AIML,Day Scholar,116381,62.8,7.02,30,0,68.2,1,5,0,0,12,0,1,0
STU08979,Feamle,21,CSE,Hosteler,163836,45.1,6.78,83,0,89.6,1,5,1,1,10,0,0,0
STU08980,Male,18,ECE,Day Scholar,172236,67.0,7.01,68,0,81.1,1,3,0,1,6,1,0,0
STU08981,Feamle,23,AIML,Day Scholar,128915,88.6,7.0,91,0,84.8,0,3,1,0,13,0,0,0
STU08982,Male,21,AIML,Day Scholar,86679,100.0,8.21,97,0,88.3,0,4,1,0,9,0,0,0
STU08983,Male,23,ECE,Day Scholar,180285,94.7,6.57,15,0,100.0,0,6,0,1,9,0,0,0
STU08984,Male,24,CSE,Day Scholar,92239,94.3,5.92,78,1,100.0,2,3,0,0,2,0,0,0
STU08985,Male,24,CSE,Day Scholar,114386,62.3,7.06,41,0,61.8,0,4,1,0,5,0,1,0
STU08986,Male,19,MC,Day Scholar,161878,62.7,6.08,25,0,57.2,0,5,0,0,0,0,0,0
STU08987,Male,22,CSE,Day Scholar,158166,55.1,6.89,29,0,73.6,1,4,0,0,4,0,0,0
STU08988,Male,23,MC,Day Scholar,36158,65.0,5.42,1,1,63.0,0,5,0,0,8,0,0,0
STU08989,Feamle,24,AIML,Day Scholar,134523,88.7,8.57,66,1,88.4,1,4,0,0,13,1,0,0
STU08990,Feamle,22,AIML,Day Scholar,47209,99.4,5.83,82,1,77.6,0,3,1,0,1,0,0,0
STU08991,Feamle,21,AIML,Hosteler,33763,80.2,8.8,55,1,94.3,1,2,0,1,8,0,0,0
STU08992,Male,22,MC,Day Scholar,187328,71.2,6.91,23,1,78.1,0,6,0,1,2,2,0,0
STU08993,Male,22,ECE,Hosteler,62105,59.0,8.28,66,1,92.1,3,3,1,0,5,0,0,0
STU08994,Male,21,ECE,Hosteler,120408,73.3,5.85,39,0,95.8,1,10,0,0,14,0,0,0
STU08995,Male,23,AIML,Hosteler,105776,78.0,4.05,62,0,64.2,0,6,0,0,12,0,0,0
STU08996,Feamle,21,MC,Hosteler,123423,53.1,4.53,68,0,43.3,2,6,0,0,8,0,1,1
STU08997,Male,19,MC,Day Scholar,164582,88.8,10.0,58,1,77.5,0,3,1,0,9,0,0,0
STU08998,Feamle,20,AIML,Day Scholar,138747,68.6,6.1,95,1,70.7,0,5,0,0,9,0,0,0
STU08999,Male,18,CSE,Hosteler,87344,87.9,8.64,60,1,86.5,0,8,0,0,10,0,1,0
STU09000,Feamle,21,AIML,Day Scholar,172936,74.8,5.05,51,1,88.6,1,5,0,0,11,0,1,0
STU09001,Male,21,MC,Hosteler,85945,79.5,7.27,94,0,68.5,1,3,1,1,12,0,0,0
STU09002,Feamle,22,CSE,Day Scholar,151717,64.5,7.52,75,1,92.8,0,6,0,0,11,2,0,0
STU09003,Male,19,ECE,Day Scholar,81264,69.8,10.0,35,1,92.5,0,0,0,0,3,1,0,0
STU09004,Feamle,24,CSE,Day Scholar,103471,84.6,6.52,99,1,57.8,1,5,1,0,13,1,0,0
STU09005,Male,24,ECE,Hosteler,164998,73.0,5.93,30,0,57.8,0,2,0,0,4,0,1,0
STU09006,Feamle,22,MC,Day Scholar,140050,58.4,7.53,96,2,91.0,0,4,0,0,11,0,0,0
STU09007,Feamle,23,AIML,Day Scholar,152185,76.7,5.61,6,0,63.7,2,6,0,0,12,2,0,0
STU09008,Male,21,AIML,Day Scholar,69213,80.8,7.61,89,3,100.0,0,5,1,0,5,0,0,0
STU09009,Feamle,21,AIML,Hosteler,176883,95.6,6.92,89,0,74.1,0,4,1,1,11,0,0,0
STU09010,Male,22,AIML,Day Scholar,155664,92.3,5.87,19,0,96.8,0,4,1,0,2,0,1,0
STU09011,Male,21,AIML,Hosteler,132695,74.0,7.74,97,2,66.4,1,2,0,0,13,0,0,0
STU09012,Male,23,MC,Day Scholar,44552,66.8,7.16,32,0,67.9,0,1,0,0,14,0,0,0
STU09013,Feamle,20,MC,Hosteler,81898,71.6,8.14,82,0,49.8,0,6,0,0,12,1,0,0
STU09014,Feamle,18,AIML,Day Scholar,72118,67.1,9.48,16,1,71.4,2,9,0,1,11,0,0,0
STU09015,Male,18,CSE,Hosteler,39744,82.6,6.25,100,1,64.1,0,7,0,0,0,0,0,0
STU09016,Male,18,AIML,Day Scholar,42046,90.6,6.38,5,0,50.1,1,5,0,0,6,0,0,0
STU09017,Feamle,20,ECE,Day Scholar,101365,93.6,4.98,85,1,78.2,1,4,0,1,13,1,1,1
STU09018,Feamle,21,ECE,Day Scholar,127908,68.8,7.78,80,0,100.0,0,3,0,0,13,0,0,0
STU09019,Feamle,22,ECE,Day Scholar,84932,67.3,6.03,19,1,65.2,0,5,0,0,1,1,1,0
STU09020,Male,24,ECE,Hosteler,146464,68.7,7.52,41,1,75.1,0,4,0,0,6,1,0,0
STU09021,Male,19,AIML,Hosteler,128229,46.0,8.75,62,0,100.0,0,7,0,0,10,0,1,0
STU09022,Male,21,ECE,Hosteler,43084,57.0,5.97,40,0,87.7,1,6,0,0,9,0,0,0
STU09023,Male,20,CSE,Day Scholar,56398,74.5,6.29,89,0,71.0,0,7,1,1,7,0,0,0
STU09024,Male,23,AIML,Day Scholar,117219,80.7,8.52,91,0,55.2,0,4,1,1,11,0,0,0
STU09025,Feamle,20,ECE,Day Scholar,183549,82.4,8.06,71,1,69.8,0,2,0,1,0,0,0,0
STU09026,Male,24,AIML,Hosteler,156272,63.3,7.9,6,0,62.5,0,5,0,0,4,0,0,0
STU09027,Feamle,18,AIML,Day Scholar,128987,67.6,6.41,70,0,65.2,0,4,0,0,7,0,0,0
STU09028,Feamle,21,AIML,Day Scholar,22039,71.0,4.85,28,2,72.2,0,6,0,1,13,0,0,0
STU09029,Male,24,MC,Day Scholar,109374,69.3,5.93,66,0,68.4,1,4,0,1,6,0,0,0
STU09030,Feamle,18,ECE,Day Scholar,119611,85.3,5.49,15,0,45.9,1,2,0,0,5,0,0,0
STU09031,Male,19,MC,Hosteler,157706,55.4,7.87,76,0,77.6,1,6,0,0,9,0,0,0
STU09032,Feamle,23,CSE,Hosteler,84899,57.8,7.43,49,0,68.9,0,5,0,1,11,0,0,0
STU09033,Male,18,CSE,Hosteler,21724,70.5,6.1,81,1,68.3,2,5,0,0,2,0,0,0
STU09034,Male,19,MC,Day Scholar,107590,54.5,6.36,43,0,79.9,0,2,0,0,2,0,0,0
STU09035,Feamle,20,ECE,Day Scholar,153527,46.5,7.71,76,0,68.6,1,6,1,0,5,0,0,0
STU09036,Male,18,AIML,Hosteler,132966,52.6,6.52,30,0,84.7,0,6,0,0,5,2,0,0
STU09037,Feamle,18,CSE,Hosteler,92628,71.4,6.13,66,1,78.1,1,5,0,1,2,0,0,0
STU09038,Male,22,CSE,Hosteler,177684,84.5,9.97,93,0,76.4,0,9,1,0,3,0,1,0
STU09039,Male,23,CSE,Day Scholar,60456,84.8,6.18,2,1,73.5,0,3,1,1,10,0,0,0
STU09040,Male,23,ECE,Hosteler,62773,98.8,8.0,89,1,61.5,2,2,0,0,7,1,0,0
STU09041,Feamle,24,MC,Hosteler,154133,76.5,7.59,65,0,89.8,0,3,0,0,12,0,0,0
STU09042,Feamle,20,MC,Hosteler,183073,78.5,4.72,97,0,97.4,1,5,0,0,8,1,1,0
STU09043,Male,22,ECE,Day Scholar,30586,71.2,5.98,76,1,67.3,2,5,1,0,9,0,1,0
STU09044,Feamle,24,CSE,Day Scholar,114479,72.0,8.23,74,1,87.3,0,7,0,0,8,0,0,0
STU09045,Male,19,ECE,Day Scholar,95012,100.0,6.8,100,1,65.8,0,6,0,1,14,0,0,0
STU09046,Feamle,24,ECE,Hosteler,110507,78.9,4.8,6,1,53.7,2,9,0,0,1,0,0,0
STU09047,Feamle,19,MC,Day Scholar,154835,80.2,7.59,26,1,61.5,0,2,1,0,13,0,0,0
STU09048,Male,20,ECE,Hosteler,65209,57.8,6.13,6,0,56.3,3,6,1,1,12,2,0,0
STU09049,Male,23,ECE,Day Scholar,175150,81.2,7.65,7,0,100.0,2,2,0,0,6,0,1,0
STU09050,Male,19,CSE,Hosteler,78434,84.9,10.0,99,1,70.7,0,5,1,0,10,1,1,0
STU09051,Male,20,AIML,Hosteler,55656,91.7,7.57,41,1,77.9,0,5,0,0,4,1,0,0
STU09052,Male,24,CSE,Day Scholar,155078,84.5,7.92,92,0,95.3,0,6,0,0,11,0,0,0
STU09053,Feamle,19,MC,Hosteler,37470,73.1,6.62,84,0,59.2,1,2,0,0,8,0,0,0
STU09054,Feamle,21,AIML,Hosteler,92035,72.5,5.32,25,0,63.9,2,7,1,0,6,1,0,0
STU09055,Male,18,CSE,Day Scholar,119608,73.9,8.54,60,1,64.6,0,5,1,1,4,0,0,0
STU09056,Male,24,ECE,Day Scholar,96840,76.6,6.09,19,0,60.0,0,6,0,0,13,1,1,0
STU09057,Male,23,ECE,Day Scholar,115771,94.0,6.66,92,0,85.3,2,4,0,1,10,0,0,0
STU09058,Feamle,24,AIML,Day Scholar,173966,91.1,9.69,78,0,100.0,0,4,0,0,14,0,0,0
STU09059,Male,21,AIML,Day Scholar,168470,86.3,6.49,86,1,99.4,1,8,0,0,12,2,0,0
STU09060,Male,20,ECE,Day Scholar,65332,100.0,8.82,78,0,46.3,0,3,0,0,9,0,0,0
STU09061,Feamle,20,MC,Day Scholar,140536,35.2,7.58,50,0,89.9,0,4,0,0,10,0,0,0
STU09062,Feamle,24,CSE,Day Scholar,97533,68.1,6.17,73,1,100.0,0,7,0,1,6,0,0,0
STU09063,Feamle,21,ECE,Hosteler,181852,74.8,7.51,1,2,62.3,1,4,1,0,14,0,0,0
STU09064,Feamle,24,CSE,Hosteler,193158,64.9,5.93,29,1,52.3,0,7,0,0,14,0,0,0
STU09065,Male,18,CSE,Day Scholar,177578,61.1,8.36,100,1,99.1,0,6,0,0,12,0,1,0
STU09066,Feamle,18,CSE,Day Scholar,150194,49.2,8.87,90,1,78.6,0,3,0,0,13,1,0,1
STU09067,Feamle,22,CSE,Day Scholar,128618,70.3,7.07,16,0,86.1,0,7,0,0,14,2,0,0
STU09068,Male,19,MC,Hosteler,123424,88.4,9.01,66,0,80.2,1,3,0,0,13,1,0,0
STU09069,Male,22,MC,Hosteler,115596,86.6,7.24,71,0,93.2,1,2,0,0,7,1,0,0
STU09070,Male,18,MC,Hosteler,71020,63.7,8.37,42,0,86.8,0,7,1,0,11,0,1,0
STU09071,Feamle,21,ECE,Hosteler,165057,78.3,10.0,100,1,79.5,0,4,1,0,6,0,0,0
STU09072,Male,19,ECE,Day Scholar,122416,95.4,10.0,48,1,89.2,0,5,1,0,10,0,0,0
STU09073,Feamle,21,ECE,Day Scholar,142610,52.2,6.73,3,0,94.2,2,2,0,1,14,1,0,0
STU09074,Feamle,22,MC,Day Scholar,152534,72.6,7.44,87,0,84.6,0,3,1,1,8,1,0,0
STU09075,Feamle,20,CSE,Day Scholar,44082,79.3,5.42,28,1,67.7,0,5,0,0,14,0,0,0
STU09076,Male,21,MC,Day Scholar,152937,75.2,8.2,71,2,82.1,1,4,1,0,6,0,0,0
STU09077,Feamle,22,ECE,Day Scholar,56777,87.8,7.58,33,0,87.7,0,8,0,0,10,3,0,0
STU09078,Male,22,AIML,Day Scholar,162394,52.5,5.84,8,0,83.5,0,5,0,1,13,0,0,0
STU09079,Male,22,ECE,Day Scholar,178834,59.9,8.78,57,0,93.2,0,6,0,0,1,1,0,0
STU09080,Male,20,CSE,Day Scholar,34538,85.2,6.6,80,0,92.8,1,7,0,0,2,0,0,0
STU09081,Feamle,20,MC,Day Scholar,77125,49.5,6.22,73,0,83.6,1,8,0,0,0,1,0,0
STU09082,Feamle,24,AIML,Day Scholar,110583,87.2,7.6,23,1,73.5,0,3,0,0,3,0,1,0
STU09083,Feamle,20,AIML,Day Scholar,154249,81.7,6.3,55,1,87.7,0,6,0,0,3,0,0,0
STU09084,Male,19,CSE,Day Scholar,47502,86.1,6.95,85,2,42.6,0,9,1,0,5,2,0,0
STU09085,Feamle,20,MC,Day Scholar,149988,68.0,9.62,80,1,100.0,1,3,1,0,0,0,0,0
STU09086,Feamle,20,AIML,Day Scholar,39249,82.6,6.08,94,1,100.0,0,4,0,0,6,0,0,0
STU09087,Feamle,20,ECE,Hosteler,23197,57.4,8.01,60,3,84.0,0,8,0,0,5,1,0,0
STU09088,Feamle,21,CSE,Hosteler,55229,68.8,6.12,72,0,79.3,0,4,0,0,4,1,0,0
STU09089,Feamle,20,AIML,Day Scholar,44166,75.5,5.54,78,0,85.1,0,4,0,0,5,1,0,0
STU09090,Male,19,CSE,Hosteler,159764,61.5,6.88,62,2,98.0,0,3,0,0,1,1,0,0
STU09091,Male,22,MC,Day Scholar,126298,78.3,10.0,41,0,100.0,1,3,1,0,1,0,0,0
STU09092,Male,21,MC,Hosteler,21775,57.8,8.17,93,0,98.3,0,3,0,0,5,0,0,0
STU09093,Male,18,MC,Hosteler,52656,79.0,7.69,16,1,100.0,0,2,0,1,0,0,0,0
STU09094,Feamle,20,ECE,Day Scholar,20606,100.0,6.21,70,0,95.7,2,2,0,1,7,0,0,0
STU09095,Male,24,AIML,Day Scholar,77281,56.2,6.42,89,0,100.0,1,7,0,0,2,0,1,0
STU09096,Feamle,24,MC,Day Scholar,27375,74.7,4.77,65,0,95.0,1,7,0,0,3,0,1,0
STU09097,Male,22,ECE,Hosteler,150708,50.7,9.69,47,2,76.4,0,4,0,0,3,0,0,0
STU09098,Male,22,MC,Day Scholar,147325,62.5,7.4,92,1,45.5,0,13,1,0,3,0,0,0
STU09099,Male,21,MC,Day Scholar,20819,85.5,7.27,69,0,78.1,1,5,1,0,5,3,0,0
STU09100,Feamle,24,AIML,Hosteler,96992,68.5,7.31,32,0,83.4,1,6,0,0,14,0,1,0
STU09101,Feamle,18,ECE,Hosteler,182445,86.1,10.0,37,0,92.2,1,8,0,0,6,0,0,0
STU09102,Male,23,MC,Day Scholar,151855,80.3,7.45,0,2,74.5,1,7,0,0,4,1,0,0
STU09103,Feamle,24,ECE,Hosteler,27560,74.0,6.71,54,0,79.7,0,4,0,1,3,0,1,0
STU09104,Male,24,ECE,Day Scholar,49168,59.6,9.7,54,0,41.3,0,3,0,0,12,1,1,1
STU09105,Male,19,MC,Hosteler,175336,85.3,6.81,9,0,100.0,1,6,1,0,13,0,0,0
STU09106,Male,23,MC,Day Scholar,146625,79.6,4.46,54,0,100.0,0,4,1,0,14,0,0,0
STU09107,Feamle,22,CSE,Hosteler,119436,52.1,4.71,94,0,96.2,1,7,0,0,0,0,0,1
STU09108,Male,23,AIML,Day Scholar,98598,60.5,6.71,23,0,89.5,0,5,1,0,2,0,0,0
STU09109,Male,24,MC,Day Scholar,197873,33.5,7.44,71,0,87.1,0,7,0,0,11,0,1,1
STU09110,Male,22,CSE,Hosteler,95924,54.5,8.23,27,2,81.3,1,3,0,0,8,0,1,0
STU09111,Feamle,23,AIML,Day Scholar,198431,70.3,5.62,91,0,100.0,0,3,0,1,13,0,0,0
STU09112,Male,22,MC,Day Scholar,179108,59.2,6.66,50,1,70.0,0,10,1,0,13,1,0,0
STU09113,Feamle,22,ECE,Day Scholar,25318,62.5,5.79,45,1,47.0,1,3,0,1,4,0,0,0
STU09114,Male,21,AIML,Day Scholar,74714,95.9,8.67,71,0,87.3,1,5,0,0,9,0,0,0
STU09115,Feamle,18,ECE,Hosteler,50544,90.4,8.92,28,0,100.0,0,3,1,0,1,0,0,0
STU09116,Male,22,CSE,Day Scholar,40823,64.6,9.94,18,2,81.5,0,3,1,0,4,0,0,0
STU09117,Male,19,MC,Day Scholar,124555,86.9,7.53,92,0,100.0,1,4,0,0,3,2,0,0
STU09118,Feamle,24,CSE,Day Scholar,36978,93.2,9.8,78,0,100.0,0,7,0,0,12,0,0,0
STU09119,Feamle,24,MC,Day Scholar,179532,84.3,5.96,94,0,86.6,1,4,0,0,6,0,0,0
STU09120,Male,19,MC,Hosteler,195183,79.5,7.32,4,0,100.0,0,4,0,0,13,1,0,0
STU09121,Feamle,20,ECE,Hosteler,154396,91.5,5.41,48,0,37.9,1,3,0,0,12,0,0,0
STU09122,Male,22,CSE,Day Scholar,142418,86.5,7.86,91,1,62.5,3,4,0,0,3,0,0,0
STU09123,Male,22,ECE,Day Scholar,154006,56.8,7.43,54,0,100.0,0,6,0,0,8,0,0,0
STU09124,Male,22,ECE,Hosteler,25033,72.2,3.32,45,1,94.6,0,5,1,0,13,1,0,0
STU09125,Feamle,23,ECE,Hosteler,125067,66.7,8.66,14,1,69.0,1,7,0,0,2,0,0,0
STU09126,Male,22,CSE,Day Scholar,157158,92.3,8.28,71,1,78.2,2,4,0,0,9,0,0,0
STU09127,Feamle,22,MC,Hosteler,188173,66.3,6.17,99,0,100.0,2,6,0,0,0,0,1,0
STU09128,Male,19,MC,Hosteler,195017,63.7,7.42,95,0,100.0,1,3,0,0,11,0,0,0
STU09129,Feamle,18,CSE,Hosteler,38894,90.4,4.76,38,0,35.6,0,4,0,0,9,2,0,0
STU09130,Feamle,18,MC,Day Scholar,24687,78.9,5.84,21,1,73.3,1,3,0,0,0,0,0,0
STU09131,Male,20,CSE,Day Scholar,153959,100.0,9.5,61,0,79.1,0,2,1,0,9,1,0,0
STU09132,Feamle,19,CSE,Day Scholar,154115,62.1,5.27,68,0,99.3,1,8,0,0,11,0,0,0
STU09133,Male,22,MC,Day Scholar,169087,67.2,7.01,73,2,90.8,0,7,0,0,6,1,0,0
STU09134,Male,18,AIML,Hosteler,37789,91.8,4.91,30,0,100.0,0,3,0,1,5,1,0,0
STU09135,Male,21,ECE,Hosteler,76784,55.8,7.51,36,2,87.3,0,11,1,0,12,1,0,0
STU09136,Male,21,CSE,Day Scholar,26115,94.8,7.84,22,0,85.6,1,7,0,0,8,0,0,0
STU09137,Male,21,CSE,Hosteler,48821,56.9,8.09,95,1,93.4,1,5,0,0,6,0,0,0
STU09138,Feamle,22,AIML,Day Scholar,42879,84.2,7.7,87,0,69.5,0,5,0,1,12,0,0,0
STU09139,Male,22,CSE,Day Scholar,137177,47.4,9.14,3,1,89.4,0,8,0,0,2,0,0,0
STU09140,Feamle,20,CSE,Hosteler,69157,75.7,6.17,42,1,100.0,0,3,0,1,0,0,0,0
STU09141,Feamle,24,MC,Day Scholar,183789,54.5,5.41,37,0,42.1,1,4,0,1,9,0,0,1
STU09142,Male,20,MC,Day Scholar,80262,100.0,6.12,14,0,89.0,0,3,1,0,2,0,0,0
STU09143,Feamle,20,AIML,Day Scholar,60971,58.9,4.98,10,0,35.3,0,3,1,0,1,0,0,1
STU09144,Male,23,CSE,Hosteler,121146,62.6,7.12,24,0,95.7,0,2,0,0,4,0,0,0
STU09145,Feamle,21,ECE,Hosteler,141535,83.0,6.79,25,1,84.0,1,4,0,0,7,0,0,0
STU09146,Feamle,22,MC,Day Scholar,112384,66.0,7.72,38,1,98.8,1,3,0,0,10,0,1,0
STU09147,Feamle,21,ECE,Day Scholar,175814,85.5,4.58,55,0,64.3,0,3,0,1,8,1,0,0
STU09148,Male,20,ECE,Hosteler,132453,64.3,6.98,50,1,71.2,1,3,0,0,7,1,0,0
STU09149,Feamle,22,AIML,Day Scholar,120277,63.2,8.82,100,0,100.0,1,6,1,0,14,0,0,0
STU09150,Male,19,AIML,Day Scholar,46520,74.6,7.86,99,0,100.0,1,7,1,0,1,0,1,0
STU09151,Feamle,18,CSE,Day Scholar,34833,56.7,4.16,32,0,59.3,0,4,0,0,8,0,0,1
STU09152,Feamle,18,AIML,Hosteler,81475,80.9,6.98,19,1,71.4,0,6,1,0,12,0,0,0
STU09153,Feamle,20,MC,Hosteler,28143,88.2,5.9,51,0,60.2,0,6,0,1,3,0,0,0
STU09154,Feamle,24,CSE,Hosteler,109472,83.3,7.02,33,0,98.6,0,5,0,0,1,0,0,0
STU09155,Male,21,CSE,Hosteler,122132,84.6,6.43,44,0,88.4,1,8,1,0,8,1,1,0
STU09156,Male,19,ECE,Day Scholar,107005,46.1,9.61,75,1,93.5,0,1,0,0,12,0,1,1
STU09157,Feamle,22,ECE,Hosteler,68538,68.1,7.13,99,0,81.1,1,6,0,0,12,1,0,0
STU09158,Feamle,24,ECE,Day Scholar,83795,71.6,7.48,3,0,37.2,0,4,0,0,2,1,0,0
STU09159,Male,21,CSE,Hosteler,123041,96.8,6.93,12,1,65.2,2,6,0,1,4,0,1,0
STU09160,Male,20,AIML,Day Scholar,102159,66.3,7.71,58,1,76.6,0,1,0,1,10,1,0,0
STU09161,Male,21,AIML,Hosteler,143796,40.5,6.67,66,0,55.0,0,4,0,1,1,0,0,0
STU09162,Male,20,AIML,Hosteler,97166,59.9,8.16,52,0,37.7,0,7,0,0,0,0,0,0
STU09163,Feamle,23,CSE,Hosteler,168311,65.1,6.41,16,1,100.0,0,2,0,0,7,0,0,0
STU09164,Feamle,18,CSE,Day Scholar,178312,42.7,9.06,70,0,64.0,1,2,0,0,6,0,0,0
STU09165,Male,24,CSE,Hosteler,121542,89.5,7.74,44,0,90.9,0,6,0,1,10,0,0,0
STU09166,Male,18,CSE,Hosteler,20553,51.5,6.77,46,0,100.0,1,2,0,0,10,0,0,0
STU09167,Male,21,CSE,Hosteler,175590,81.7,8.26,77,0,69.4,1,4,0,0,8,0,0,0
STU09168,Male,19,AIML,Day Scholar,128381,58.6,7.74,95,1,78.9,2,3,0,0,12,0,0,0
STU09169,Male,22,CSE,Day Scholar,33612,97.6,8.24,25,1,93.7,0,5,0,0,3,1,0,0
STU09170,Male,20,AIML,Day Scholar,96673,70.9,7.13,30,0,74.1,1,5,0,0,12,0,0,0
STU09171,Feamle,22,CSE,Day Scholar,84459,67.8,6.64,30,0,84.1,0,9,0,0,7,2,0,0
STU09172,Feamle,18,AIML,Hosteler,45804,82.9,7.2,79,0,96.5,0,8,0,1,1,1,0,0
STU09173,Feamle,19,MC,Day Scholar,61154,59.9,6.25,59,1,44.8,0,7,1,0,1,0,0,0
STU09174,Male,19,MC,Hosteler,191178,83.6,8.47,0,0,100.0,0,5,0,0,0,0,0,0
STU09175,Male,22,AIML,Day Scholar,130183,67.8,9.2,45,0,87.8,0,6,0,0,5,3,0,0
STU09176,Male,18,MC,Day Scholar,160689,66.1,7.87,33,0,85.6,2,5,1,0,5,0,0,0
STU09177,Feamle,22,MC,Day Scholar,166470,73.7,9.13,89,0,83.9,0,6,0,1,12,0,1,0
STU09178,Male,21,AIML,Hosteler,22693,58.7,8.69,53,0,100.0,0,4,0,1,1,0,0,0
STU09179,Male,19,CSE,Hosteler,50971,72.1,6.6,58,1,55.1,0,2,0,0,3,0,0,0
STU09180,Feamle,19,CSE,Day Scholar,146633,80.1,8.25,93,1,91.9,3,7,0,0,11,0,1,0
STU09181,Male,21,AIML,Day Scholar,100078,40.4,5.08,40,1,100.0,0,9,1,1,14,0,1,1
STU09182,Feamle,18,ECE,Hosteler,94227,91.4,7.28,50,0,100.0,0,7,0,1,12,0,0,0
STU09183,Feamle,19,ECE,Hosteler,98990,87.2,5.23,4,1,98.3,0,6,0,0,1,0,1,0
STU09184,Male,24,MC,Day Scholar,106034,47.2,6.84,87,0,72.8,0,2,0,1,12,0,1,1
STU09185,Feamle,23,ECE,Day Scholar,105567,44.8,4.84,9,0,94.2,0,2,0,0,2,1,0,1
STU09186,Male,23,MC,Day Scholar,60677,87.6,8.64,37,1,98.3,0,7,0,1,9,0,0,0
STU09187,Feamle,23,CSE,Hosteler,88402,86.5,6.41,34,0,85.1,0,3,0,0,10,0,1,0
STU09188,Male,20,AIML,Day Scholar,118104,84.3,8.36,65,0,69.1,0,6,1,0,0,0,1,0
STU09189,Feamle,24,CSE,Hosteler,42291,53.6,6.89,92,0,78.8,0,7,0,0,10,0,0,0
STU09190,Male,20,AIML,Day Scholar,48497,100.0,4.23,18,0,80.7,0,1,1,0,9,2,0,0
STU09191,Feamle,18,ECE,Hosteler,135135,63.7,6.27,37,0,65.3,0,4,1,0,1,1,0,0
STU09192,Feamle,21,CSE,Hosteler,51969,78.6,6.2,52,2,95.4,1,6,0,0,0,1,0,0
STU09193,Feamle,22,CSE,Hosteler,193156,78.8,6.98,49,2,84.5,3,9,0,0,3,0,0,0
STU09194,Male,24,MC,Day Scholar,167749,98.9,9.26,77,0,100.0,1,3,0,0,8,1,0,0
STU09195,Male,18,AIML,Day Scholar,50245,76.9,9.51,91,0,63.4,0,4,0,0,1,2,0,0
STU09196,Feamle,22,ECE,Day Scholar,73312,81.2,6.65,33,0,83.6,0,3,0,0,1,1,1,0
STU09197,Male,18,CSE,Day Scholar,186386,73.8,5.11,3,0,100.0,0,6,1,0,1,1,0,0
STU09198,Feamle,20,AIML,Day Scholar,28267,57.1,5.88,60,0,68.1,2,5,0,0,13,1,0,1
STU09199,Male,23,ECE,Day Scholar,59812,40.2,7.72,88,1,53.8,0,12,0,0,2,0,0,0
STU09200,Feamle,21,CSE,Day Scholar,154847,75.5,6.84,69,0,91.2,0,3,0,0,13,1,1,0
STU09201,Male,20,AIML,Day Scholar,145562,53.8,4.64,91,0,44.3,1,7,0,1,14,0,0,1
STU09202,Feamle,21,MC,Hosteler,96924,80.3,6.24,8,0,93.0,0,3,0,0,1,1,0,0
STU09203,Feamle,24,CSE,Day Scholar,45875,77.2,8.97,51,2,40.5,0,8,1,0,6,0,0,0
STU09204,Feamle,22,AIML,Hosteler,115803,76.9,7.44,81,0,85.9,0,2,0,0,8,0,0,0
STU09205,Feamle,18,ECE,Day Scholar,67589,59.2,7.07,30,0,100.0,0,6,0,0,2,1,0,0
STU09206,Male,19,ECE,Hosteler,23534,90.5,6.42,85,0,79.7,1,4,0,0,8,1,0,0
STU09207,Feamle,19,MC,Day Scholar,190952,82.1,6.31,67,1,84.8,0,8,0,0,3,0,0,0
STU09208,Male,21,CSE,Day Scholar,169155,57.3,7.82,32,0,75.2,0,4,0,0,9,2,1,1
STU09209,Male,23,MC,Hosteler,81807,100.0,7.21,99,0,100.0,1,2,1,1,0,1,0,0
STU09210,Feamle,23,AIML,Day Scholar,71670,71.8,8.16,58,0,69.0,0,3,0,0,11,1,0,0
STU09211,Male,21,ECE,Day Scholar,95465,55.0,7.82,34,0,100.0,1,3,0,0,3,0,1,0
STU09212,Male,20,MC,Hosteler,74720,63.6,7.03,12,1,90.5,1,5,0,0,9,0,0,0
STU09213,Male,19,CSE,Hosteler,193962,52.4,7.58,78,1,91.8,0,5,1,1,12,0,0,0
STU09214,Feamle,20,AIML,Hosteler,190672,95.4,6.11,60,1,100.0,1,4,1,0,13,0,0,0
STU09215,Male,22,CSE,Day Scholar,192401,91.2,6.93,96,1,66.9,0,5,0,0,3,1,0,0
STU09216,Male,19,MC,Day Scholar,117619,86.1,9.01,91,0,90.1,0,4,0,0,10,1,1,0
STU09217,Feamle,22,ECE,Day Scholar,23739,83.3,7.02,47,0,62.5,1,8,0,0,1,0,1,0
STU09218,Feamle,18,ECE,Hosteler,171829,93.7,6.67,97,0,100.0,0,4,0,0,13,0,0,0
STU09219,Male,20,MC,Hosteler,53107,71.4,7.32,37,1,84.1,0,10,1,0,6,0,0,0
STU09220,Feamle,21,CSE,Hosteler,153934,81.3,5.25,64,1,94.9,1,3,0,0,10,0,0,0
STU09221,Male,19,CSE,Hosteler,102533,62.8,7.33,53,1,100.0,0,6,0,1,12,1,0,0
STU09222,Male,20,CSE,Day Scholar,37487,72.7,9.54,30,0,100.0,1,3,0,1,13,0,1,0
STU09223,Male,21,CSE,Day Scholar,48353,81.8,5.79,48,0,81.7,0,9,0,1,9,3,0,0
STU09224,Feamle,18,ECE,Hosteler,28984,28.8,7.4,80,1,100.0,0,2,0,0,10,0,0,0
STU09225,Male,19,CSE,Day Scholar,43130,65.7,6.96,21,2,61.5,1,4,0,0,6,0,0,0
STU09226,Feamle,22,MC,Hosteler,93794,77.5,6.93,95,3,73.5,0,6,1,1,9,0,0,0
STU09227,Feamle,18,MC,Day Scholar,188351,73.8,6.9,28,0,87.2,0,3,0,1,12,0,0,0
STU09228,Male,23,MC,Hosteler,60080,68.2,8.07,64,0,68.8,0,1,0,1,11,2,1,0
STU09229,Feamle,21,MC,Day Scholar,32839,83.8,5.35,47,0,86.8,0,5,1,0,11,1,0,0
STU09230,Feamle,19,CSE,Hosteler,118874,64.4,8.03,91,1,66.0,0,2,0,0,7,0,0,0
STU09231,Feamle,19,ECE,Day Scholar,61499,56.7,7.1,65,0,81.6,0,5,0,0,4,0,0,0
STU09232,Feamle,24,AIML,Hosteler,150094,92.8,4.36,24,0,64.2,1,7,0,0,8,0,0,0
STU09233,Feamle,24,CSE,Hosteler,156428,90.6,7.57,20,0,61.5,0,5,0,0,6,0,1,0
STU09234,Male,18,AIML,Day Scholar,102036,66.0,7.17,100,2,100.0,0,7,0,0,5,0,0,0
STU09235,Feamle,19,ECE,Hosteler,95926,74.0,5.69,25,0,95.9,1,2,0,0,7,0,0,0
STU09236,Male,21,CSE,Day Scholar,49778,87.7,7.24,0,2,66.0,0,3,0,1,12,0,1,0
STU09237,Male,18,AIML,Day Scholar,125528,75.7,5.03,31,2,78.3,1,6,0,0,3,2,0,0
STU09238,Male,22,ECE,Day Scholar,83192,83.0,5.97,72,0,100.0,0,9,0,0,2,0,1,0
STU09239,Male,18,AIML,Day Scholar,105376,82.1,7.06,45,2,85.1,0,4,0,0,1,0,0,0
STU09240,Male,18,MC,Hosteler,148219,70.2,4.47,4,0,67.7,1,5,1,0,10,0,0,0
STU09241,Male,22,MC,Day Scholar,49980,82.7,5.27,39,0,76.7,0,9,0,0,5,1,0,0
STU09242,Feamle,23,ECE,Day Scholar,186891,60.5,5.5,16,1,80.6,0,3,0,0,4,1,0,0
STU09243,Feamle,24,ECE,Day Scholar,34065,80.9,7.12,52,2,61.8,0,11,0,0,6,0,0,0
STU09244,Feamle,21,AIML,Hosteler,145361,73.9,7.66,92,0,87.0,0,5,0,0,10,0,0,0
STU09245,Male,23,ECE,Day Scholar,30559,69.6,5.66,82,0,90.4,1,11,0,0,14,0,1,0
STU09246,Feamle,23,MC,Hosteler,144514,56.3,5.58,28,0,99.4,0,13,0,0,3,2,0,0
STU09247,Feamle,23,MC,Hosteler,93969,77.0,7.21,75,0,80.9,0,7,1,0,9,0,0,0
STU09248,Feamle,24,CSE,Hosteler,159728,75.6,7.17,7,0,67.0,1,4,0,0,13,2,0,0
STU09249,Male,20,AIML,Hosteler,63210,62.4,5.95,42,1,89.6,0,5,0,0,8,0,0,0
STU09250,Feamle,24,ECE,Hosteler,51477,51.0,9.74,94,0,88.9,0,8,0,0,13,0,0,0
STU09251,Male,23,ECE,Hosteler,126111,50.3,7.28,14,0,65.6,0,4,1,0,0,0,0,0
STU09252,Feamle,20,ECE,Day Scholar,49529,71.2,6.74,33,1,94.8,0,6,1,0,3,0,0,0
STU09253,Male,22,AIML,Hosteler,38262,79.6,6.42,89,0,100.0,1,1,1,0,12,1,1,0
STU09254,Male,24,MC,Day Scholar,85087,100.0,8.51,34,1,100.0,0,8,0,1,5,0,0,0
STU09255,Male,21,ECE,Hosteler,188721,74.3,7.82,92,0,50.7,2,4,1,0,5,0,1,0
STU09256,Feamle,23,ECE,Hosteler,71686,50.6,4.39,32,1,100.0,0,4,0,0,11,0,0,1
STU09257,Feamle,19,MC,Day Scholar,193937,71.9,5.96,96,0,80.9,1,3,0,1,12,0,1,0
STU09258,Male,22,ECE,Day Scholar,187649,93.8,6.33,99,0,68.7,0,3,0,0,10,0,0,0
STU09259,Feamle,20,CSE,Day Scholar,94299,64.8,6.98,20,0,25.0,0,4,0,0,4,0,0,0
STU09260,Male,24,MC,Day Scholar,133044,91.8,7.94,93,0,92.4,0,6,0,0,0,0,0,0
STU09261,Male,21,MC,Hosteler,56409,77.6,5.39,18,0,95.2,0,6,1,0,2,0,1,0
STU09262,Feamle,18,MC,Day Scholar,179152,84.7,6.88,95,0,70.2,0,7,1,0,7,0,0,0
STU09263,Feamle,21,CSE,Day Scholar,179267,100.0,9.55,0,0,61.7,0,5,0,0,12,0,0,0
STU09264,Feamle,21,MC,Hosteler,166681,47.4,7.04,50,0,73.6,1,2,0,0,8,1,0,0
STU09265,Male,23,AIML,Day Scholar,39535,88.4,5.96,32,0,93.7,1,5,0,0,14,0,0,0
STU09266,Male,23,AIML,Day Scholar,143828,73.6,5.0,25,0,100.0,0,5,0,1,11,0,0,0
STU09267,Feamle,24,AIML,Hosteler,155182,60.8,6.27,41,0,63.2,0,8,0,0,4,2,0,0
STU09268,Male,24,MC,Day Scholar,129518,73.5,5.38,53,0,70.8,0,7,0,0,13,0,0,0
STU09269,Feamle,20,MC,Day Scholar,158279,100.0,6.41,44,2,65.6,1,9,0,0,9,0,0,0
STU09270,Male,24,MC,Day Scholar,68637,95.0,7.81,26,0,78.0,0,2,0,0,8,0,0,0
STU09271,Feamle,20,CSE,Hosteler,184146,45.0,7.06,50,0,70.7,1,5,1,0,4,0,0,0
STU09272,Feamle,23,AIML,Day Scholar,192736,63.5,6.28,27,0,65.5,0,8,0,1,1,2,0,0
STU09273,Male,23,ECE,Hosteler,94405,89.1,4.31,83,0,100.0,0,4,0,0,1,1,1,0
STU09274,Feamle,19,ECE,Hosteler,63872,74.7,8.25,7,0,44.9,0,4,0,0,5,1,0,0
STU09275,Feamle,19,MC,Hosteler,32185,74.7,6.47,89,2,57.8,0,5,0,0,10,0,0,0
STU09276,Male,22,CSE,Day Scholar,126706,51.5,7.16,30,0,77.7,1,6,0,0,8,0,0,0
STU09277,Feamle,23,MC,Day Scholar,171950,63.8,5.63,4,0,93.1,0,5,0,1,4,0,0,0
STU09278,Male,18,ECE,Day Scholar,21396,54.6,6.39,10,0,100.0,0,6,0,0,3,1,1,1
STU09279,Feamle,19,AIML,Day Scholar,23460,50.2,6.13,84,0,76.6,0,5,0,0,2,0,0,0
STU09280,Male,20,ECE,Hosteler,122657,56.1,5.0,71,0,90.2,0,5,0,0,2,2,0,1
STU09281,Feamle,21,AIML,Hosteler,196461,61.1,5.64,25,0,41.8,0,7,0,0,2,0,0,0
STU09282,Feamle,24,AIML,Day Scholar,27676,63.6,6.98,59,1,62.3,2,9,0,1,2,0,0,0
STU09283,Feamle,24,CSE,Day Scholar,57312,62.4,7.45,45,0,64.1,1,7,1,0,0,0,0,0
STU09284,Feamle,22,ECE,Day Scholar,154220,90.3,5.97,11,0,99.3,0,3,0,0,3,0,0,0
STU09285,Male,19,MC,Hosteler,163344,61.4,5.2,12,0,88.3,0,5,0,0,2,0,0,0
STU09286,Male,21,CSE,Hosteler,22655,96.4,6.47,73,0,79.8,2,7,1,0,14,0,0,0
STU09287,Male,21,AIML,Hosteler,194177,67.7,8.17,92,0,80.3,1,10,0,1,14,0,0,0
STU09288,Male,19,ECE,Hosteler,75863,81.6,5.59,7,1,72.5,1,6,1,0,12,0,0,0
STU09289,Male,18,MC,Hosteler,81045,82.1,7.02,41,0,81.9,1,9,0,1,0,0,0,0
STU09290,Male,18,CSE,Day Scholar,65517,61.5,6.01,64,1,80.1,0,3,0,0,0,1,0,0
STU09291,Male,22,MC,Day Scholar,94227,70.1,8.69,8,1,68.3,0,8,1,0,1,0,0,0
STU09292,Feamle,18,ECE,Day Scholar,194710,67.5,6.24,3,0,67.7,0,4,0,1,4,0,0,0
STU09293,Feamle,22,MC,Hosteler,94789,80.6,7.99,96,0,81.2,0,7,0,0,12,1,0,0
STU09294,Feamle,20,CSE,Hosteler,74322,73.1,8.52,54,0,62.3,0,0,0,0,1,0,1,0
STU09295,Feamle,19,MC,Day Scholar,121800,63.8,9.31,84,1,92.3,2,5,0,0,3,0,0,0
STU09296,Male,21,ECE,Day Scholar,140782,76.8,4.97,70,1,67.1,0,4,0,1,2,0,0,0
STU09297,Male,22,CSE,Day Scholar,155294,80.1,4.9,54,1,45.3,0,2,1,1,2,0,0,0
STU09298,Male,24,AIML,Day Scholar,71141,100.0,8.75,95,0,75.3,2,6,0,0,14,0,1,0
STU09299,Feamle,18,CSE,Day Scholar,30716,76.0,8.5,56,0,95.9,2,1,1,0,4,0,1,0
STU09300,Male,24,ECE,Hosteler,80644,75.2,6.07,56,0,93.8,0,4,1,1,5,0,1,0
STU09301,Feamle,22,MC,Hosteler,145650,81.4,2.14,38,0,60.2,0,1,0,0,12,2,0,0
STU09302,Male,23,AIML,Day Scholar,108499,60.8,7.12,27,1,65.4,0,8,0,0,11,0,0,0
STU09303,Male,22,AIML,Day Scholar,152454,49.1,4.72,25,1,94.8,0,7,1,0,3,1,1,1
STU09304,Male,18,MC,Hosteler,155239,70.3,5.76,100,0,86.5,1,6,0,0,10,1,0,0
STU09305,Male,23,ECE,Day Scholar,137323,91.1,7.27,97,0,69.2,0,5,0,1,9,0,0,0
STU09306,Feamle,23,CSE,Day Scholar,123849,93.5,7.47,72,1,57.9,1,10,0,1,9,0,0,0
STU09307,Feamle,18,ECE,Day Scholar,101117,46.8,9.37,69,0,89.5,0,5,0,0,10,0,0,0
STU09308,Male,23,AIML,Hosteler,111730,85.0,6.44,21,1,46.7,0,3,1,0,8,0,0,0
STU09309,Feamle,19,CSE,Hosteler,199793,42.2,5.54,72,0,34.9,0,4,0,0,5,0,0,0
STU09310,Male,21,CSE,Day Scholar,179895,81.9,8.38,44,0,100.0,2,5,1,1,1,2,1,0
STU09311,Male,24,MC,Day Scholar,80972,81.0,7.57,14,1,73.2,2,5,0,0,10,0,0,0
STU09312,Male,19,ECE,Day Scholar,94963,49.1,6.46,64,0,78.1,0,6,1,1,0,0,0,0
STU09313,Male,19,CSE,Day Scholar,74534,90.0,7.05,95,0,84.3,1,2,1,0,5,0,0,0
STU09314,Feamle,18,MC,Day Scholar,187823,100.0,6.43,17,0,94.7,0,7,1,0,4,0,1,0
STU09315,Male,18,ECE,Day Scholar,136093,74.1,8.04,10,1,68.6,1,8,0,0,6,1,0,0
STU09316,Male,24,AIML,Hosteler,44121,77.1,9.53,98,0,82.2,0,3,0,0,7,0,0,0
STU09317,Feamle,21,AIML,Day Scholar,91736,97.2,5.91,96,1,82.3,1,5,0,0,11,1,0,0
STU09318,Male,22,ECE,Day Scholar,173198,58.1,7.63,3,1,76.8,0,6,1,0,4,1,1,0
STU09319,Feamle,19,CSE,Day Scholar,81581,58.5,4.71,33,0,52.3,0,4,1,0,1,1,0,1
STU09320,Male,23,CSE,Day Scholar,46123,62.4,5.39,47,0,84.6,0,4,0,1,10,0,0,0
STU09321,Male,21,AIML,Day Scholar,71036,75.6,7.84,82,0,89.8,0,5,0,0,3,0,0,0
STU09322,Male,19,AIML,Day Scholar,150062,75.5,6.89,47,1,81.0,0,5,0,1,6,1,0,0
STU09323,Male,22,CSE,Hosteler,98855,66.7,5.34,75,1,69.7,2,6,1,0,12,2,0,0
STU09324,Male,23,ECE,Hosteler,166662,70.5,7.01,39,0,88.0,1,6,0,1,2,0,0,0
STU09325,Male,19,AIML,Hosteler,197337,66.9,8.32,58,1,91.7,0,4,0,0,10,1,0,0
STU09326,Feamle,20,CSE,Hosteler,42701,67.6,4.83,99,0,95.1,0,9,0,0,9,1,1,1
STU09327,Male,24,ECE,Day Scholar,61178,63.5,9.62,47,0,100.0,1,6,0,0,5,0,0,0
STU09328,Feamle,21,MC,Hosteler,125734,63.6,7.86,40,0,87.8,1,7,0,0,14,0,1,0
STU09329,Feamle,24,ECE,Day Scholar,57118,45.0,7.89,21,0,88.7,1,2,1,1,3,0,0,0
STU09330,Male,18,CSE,Day Scholar,45387,71.6,7.0,63,1,66.0,0,5,0,0,9,1,1,0
STU09331,Feamle,19,ECE,Day Scholar,77613,45.7,9.62,75,1,52.7,0,6,1,1,13,2,0,0
STU09332,Male,23,CSE,Day Scholar,66666,86.3,8.44,48,0,97.9,1,4,0,0,2,0,0,0
STU09333,Feamle,23,AIML,Hosteler,190207,66.6,6.45,54,1,100.0,1,2,0,0,0,0,0,0
STU09334,Male,21,MC,Day Scholar,49554,73.2,8.14,91,1,100.0,1,6,1,1,0,2,0,0
STU09335,Feamle,21,AIML,Hosteler,139387,69.4,5.9,14,0,68.3,0,4,0,0,9,0,0,0
STU09336,Feamle,24,AIML,Day Scholar,62146,71.3,6.58,3,0,71.4,1,3,0,1,4,0,0,0
STU09337,Male,23,CSE,Hosteler,120037,94.0,9.2,7,0,55.5,0,5,0,0,13,0,0,0
STU09338,Feamle,23,CSE,Day Scholar,164060,54.7,7.58,94,1,46.5,0,6,1,0,10,2,0,0
STU09339,Male,23,CSE,Hosteler,36456,50.7,7.99,59,1,75.0,0,6,0,1,3,0,0,0
STU09340,Male,19,CSE,Hosteler,139681,76.8,8.75,89,0,100.0,1,6,1,1,3,0,0,0
STU09341,Male,23,AIML,Day Scholar,142573,67.6,7.82,2,0,74.7,0,10,0,1,4,0,0,0
STU09342,Male,18,CSE,Day Scholar,180286,80.4,5.78,6,0,100.0,0,6,0,1,3,0,1,0
STU09343,Male,23,CSE,Hosteler,81405,85.7,9.49,78,0,83.9,1,7,0,1,9,0,1,0
STU09344,Feamle,18,AIML,Day Scholar,162106,58.4,7.77,83,0,69.0,0,4,0,0,3,1,0,0
STU09345,Feamle,19,MC,Hosteler,20877,84.1,7.88,16,0,80.9,0,5,0,0,2,3,0,0
STU09346,Feamle,21,MC,Hosteler,82718,59.7,7.08,95,0,99.3,1,2,0,1,9,0,1,1
STU09347,Male,18,ECE,Day Scholar,78100,76.1,8.67,9,1,99.8,0,5,0,1,5,3,0,0
STU09348,Feamle,19,AIML,Day Scholar,29642,56.4,9.87,79,3,94.3,0,2,1,0,14,0,0,0
STU09349,Feamle,23,CSE,Day Scholar,120844,77.0,6.44,25,0,47.2,2,4,0,0,13,0,0,0
STU09350,Feamle,19,ECE,Hosteler,70483,74.7,8.6,21,0,75.7,0,10,0,0,0,1,1,0
STU09351,Feamle,23,MC,Hosteler,85293,58.5,7.05,14,1,84.3,2,5,0,1,14,1,0,0
STU09352,Feamle,24,MC,Day Scholar,95450,54.6,4.0,57,0,84.7,1,4,0,0,8,0,0,1
STU09353,Male,19,AIML,Hosteler,116629,86.3,4.89,59,1,84.7,0,3,0,1,11,0,1,1
STU09354,Male,21,CSE,Day Scholar,133140,68.2,7.64,75,1,85.1,0,6,0,1,4,0,0,0
STU09355,Feamle,18,CSE,Hosteler,69508,90.2,8.52,38,0,75.2,0,7,1,0,6,0,1,0
STU09356,Male,24,ECE,Day Scholar,127815,66.8,7.91,2,0,59.3,0,4,0,0,0,0,0,0
STU09357,Male,21,MC,Hosteler,151651,94.5,8.15,59,2,71.7,0,5,0,0,0,0,0,0
STU09358,Feamle,20,ECE,Hosteler,32587,60.8,10.0,52,1,72.6,1,10,1,0,10,0,0,0
STU09359,Feamle,23,ECE,Day Scholar,86181,97.1,7.79,23,0,78.0,0,9,1,0,14,0,0,0
STU09360,Male,18,ECE,Day Scholar,199542,77.6,6.6,54,2,100.0,0,7,1,0,12,0,0,0
STU09361,Feamle,21,CSE,Day Scholar,167000,81.0,6.81,1,0,76.3,2,6,0,0,5,1,1,0
STU09362,Male,18,MC,Day Scholar,112345,59.9,9.45,67,1,63.7,0,8,0,0,0,0,0,0
STU09363,Male,20,ECE,Day Scholar,63591,85.9,5.1,22,0,100.0,0,4,0,1,1,1,0,0
STU09364,Feamle,22,MC,Day Scholar,51901,86.5,8.86,58,0,46.7,1,5,1,0,7,0,1,0
STU09365,Male,23,MC,Day Scholar,113411,70.1,7.02,56,0,54.6,0,3,1,0,7,1,1,0
STU09366,Male,23,ECE,Day Scholar,159571,43.0,5.75,86,0,92.7,0,4,0,1,2,0,0,0
STU09367,Male,19,ECE,Day Scholar,151305,58.3,4.82,71,0,38.9,3,3,0,0,9,2,0,1
STU09368,Feamle,23,AIML,Day Scholar,168490,58.3,9.22,41,0,64.2,0,7,1,1,14,0,1,0
STU09369,Feamle,23,CSE,Day Scholar,79566,81.7,5.71,11,2,72.6,0,3,1,0,10,1,1,0
STU09370,Feamle,21,MC,Day Scholar,35246,68.0,7.09,72,0,67.0,0,6,0,1,2,0,0,0
STU09371,Feamle,24,ECE,Day Scholar,189857,68.3,5.54,74,0,62.9,0,4,0,0,2,2,1,0
STU09372,Male,23,ECE,Hosteler,123425,66.5,9.95,94,0,82.2,2,6,0,0,10,0,1,0
STU09373,Feamle,23,MC,Hosteler,133400,97.0,7.15,0,0,81.1,0,6,0,1,7,0,0,0
STU09374,Feamle,20,ECE,Day Scholar,54503,75.7,4.98,98,1,67.6,0,9,1,0,3,0,1,0
STU09375,Feamle,24,AIML,Hosteler,155349,78.0,6.36,53,1,53.7,1,2,0,0,10,1,1,0
STU09376,Feamle,20,MC,Day Scholar,86477,65.7,9.09,42,3,74.4,1,6,0,0,12,0,0,0
STU09377,Male,18,ECE,Day Scholar,151421,74.6,5.53,61,0,70.3,1,7,0,0,11,0,0,0
STU09378,Male,18,MC,Day Scholar,112798,60.4,6.46,14,0,85.0,0,4,1,0,12,0,0,0
STU09379,Male,23,ECE,Day Scholar,93000,80.2,8.78,6,1,70.0,0,5,0,0,11,0,0,0
STU09380,Feamle,23,ECE,Hosteler,164580,57.8,7.51,27,0,74.2,1,5,0,0,2,2,0,0
STU09381,Feamle,19,CSE,Day Scholar,117565,86.2,5.17,5,0,96.1,1,2,0,0,9,1,0,0
STU09382,Male,18,MC,Day Scholar,130123,64.0,7.34,19,0,100.0,0,8,0,0,2,0,0,0
STU09383,Feamle,21,CSE,Hosteler,87081,89.2,6.77,87,1,84.9,0,3,0,1,3,0,0,0
STU09384,Feamle,23,ECE,Day Scholar,136434,100.0,7.08,41,1,53.4,1,7,0,1,7,0,0,0
STU09385,Male,21,MC,Day Scholar,48957,75.0,8.42,99,0,54.8,0,4,0,1,2,0,1,0
STU09386,Male,23,MC,Hosteler,158968,94.7,7.36,37,1,100.0,1,4,0,0,14,0,0,0
STU09387,Feamle,21,AIML,Day Scholar,125634,86.3,6.86,61,2,84.5,0,1,1,0,6,0,0,0
STU09388,Feamle,22,AIML,Day Scholar,155360,53.5,6.79,75,1,74.9,2,5,0,0,9,0,1,0
STU09389,Feamle,21,ECE,Hosteler,176816,76.7,8.62,2,1,99.4,1,4,0,0,3,1,0,0
STU09390,Male,24,ECE,Day Scholar,41150,82.5,5.92,27,0,100.0,0,8,0,1,10,2,0,0
STU09391,Male,18,ECE,Day Scholar,107877,84.0,3.75,11,1,69.8,1,2,1,0,5,0,0,0
STU09392,Male,23,ECE,Hosteler,130540,77.7,6.66,79,1,94.6,0,4,0,0,0,1,0,0
STU09393,Male,18,AIML,Day Scholar,125139,77.5,7.57,43,1,95.3,0,8,0,0,4,1,1,0
STU09394,Feamle,24,MC,Hosteler,41091,75.1,6.38,14,0,52.8,0,4,0,0,0,0,1,0
STU09395,Male,24,CSE,Day Scholar,151972,77.0,6.21,54,0,80.3,0,5,0,0,9,0,0,0
STU09396,Male,21,MC,Hosteler,66702,56.6,6.45,94,0,84.3,0,5,1,0,11,1,0,0
STU09397,Feamle,20,MC,Hosteler,39725,71.5,6.96,84,3,93.6,0,8,0,0,4,0,0,0
STU09398,Feamle,20,AIML,Day Scholar,48722,53.2,5.05,81,0,80.9,0,6,0,1,12,0,0,1
STU09399,Feamle,24,MC,Hosteler,175150,67.5,7.99,47,1,70.3,1,2,0,0,3,1,1,0
STU09400,Male,20,MC,Hosteler,38059,66.1,3.01,5,0,65.2,2,6,0,0,12,0,0,0
STU09401,Feamle,23,ECE,Day Scholar,38161,65.2,7.81,63,0,68.6,1,2,0,0,7,0,0,0
STU09402,Feamle,19,CSE,Day Scholar,110345,59.2,7.47,80,1,72.9,0,5,1,0,0,0,0,0
STU09403,Male,22,MC,Day Scholar,30687,79.0,7.75,86,1,81.3,0,2,1,0,7,0,0,0
STU09404,Male,21,MC,Day Scholar,102503,70.2,4.11,34,0,100.0,0,2,1,0,1,0,0,0
STU09405,Feamle,19,CSE,Day Scholar,119770,68.7,7.44,81,2,100.0,0,6,0,0,0,1,0,0
STU09406,Male,20,ECE,Day Scholar,28694,53.9,6.19,10,0,100.0,1,4,0,0,8,0,0,0
STU09407,Feamle,21,AIML,Day Scholar,190590,70.5,9.4,22,0,62.2,0,2,0,0,10,0,0,0
STU09408,Feamle,19,AIML,Hosteler,147260,92.2,7.54,56,1,100.0,1,5,1,0,8,0,0,0
STU09409,Male,18,MC,Hosteler,119459,92.4,5.23,80,0,89.5,1,4,0,0,9,0,0,0
STU09410,Feamle,20,ECE,Day Scholar,181713,80.6,4.46,69,1,56.5,0,5,1,1,12,0,1,0
STU09411,Male,19,AIML,Day Scholar,191800,70.6,6.08,87,0,74.3,0,4,0,0,1,0,0,0
STU09412,Male,23,AIML,Day Scholar,70087,83.4,8.22,36,0,96.3,0,2,1,0,0,2,0,0
STU09413,Male,18,AIML,Day Scholar,194623,65.0,8.73,62,1,81.4,0,7,0,0,1,2,1,0
STU09414,Feamle,20,AIML,Hosteler,127941,70.5,7.27,79,0,64.1,0,4,0,1,11,0,0,0
STU09415,Male,22,AIML,Hosteler,76561,63.9,7.12,92,1,79.4,0,6,0,0,3,0,0,0
STU09416,Male,24,MC,Day Scholar,25364,88.6,6.5,28,0,82.7,0,8,1,0,14,1,1,0
STU09417,Feamle,20,AIML,Day Scholar,97008,86.7,6.97,41,0,80.0,1,7,0,0,5,1,0,0
STU09418,Feamle,23,MC,Hosteler,155046,74.5,8.82,27,0,71.9,0,6,0,0,10,0,0,0
STU09419,Feamle,22,CSE,Day Scholar,44053,100.0,6.48,15,0,67.3,0,7,1,1,7,0,0,0
STU09420,Feamle,22,CSE,Hosteler,191144,81.2,7.99,66,0,76.6,0,5,0,0,14,0,0,0
STU09421,Male,22,ECE,Day Scholar,152282,80.3,6.21,87,1,85.9,1,4,1,1,8,0,0,0
STU09422,Male,21,MC,Day Scholar,192661,78.7,8.52,17,0,98.7,0,5,1,1,3,1,0,0
STU09423,Male,21,ECE,Day Scholar,125128,56.1,7.87,47,1,100.0,1,2,0,0,6,0,0,0
STU09424,Feamle,24,CSE,Hosteler,58966,61.6,8.46,16,1,94.2,1,5,0,0,0,0,0,0
STU09425,Feamle,22,CSE,Hosteler,46070,74.2,9.82,73,1,86.7,0,5,1,0,10,1,0,0
STU09426,Male,24,CSE,Hosteler,129573,74.3,3.13,100,0,81.2,0,3,0,0,10,1,1,0
STU09427,Feamle,18,CSE,Day Scholar,126327,83.8,8.13,24,0,79.8,0,6,1,0,12,0,1,0
STU09428,Feamle,22,AIML,Hosteler,162318,65.0,7.7,99,0,73.2,0,6,0,0,11,0,1,0
STU09429,Male,19,CSE,Hosteler,170271,76.1,7.67,47,2,88.1,0,7,0,0,3,0,1,0
STU09430,Male,22,AIML,Day Scholar,59829,76.3,7.36,86,0,41.5,1,7,1,0,2,1,1,0
STU09431,Feamle,21,AIML,Day Scholar,81125,76.9,7.36,49,0,96.3,0,2,0,0,11,0,1,0
STU09432,Feamle,21,ECE,Day Scholar,125111,75.2,7.5,18,0,73.1,0,6,0,0,6,1,1,0
STU09433,Feamle,19,AIML,Day Scholar,125277,53.9,8.36,73,0,62.1,0,4,1,0,6,0,0,0
STU09434,Male,19,ECE,Day Scholar,20169,41.1,8.24,74,0,72.2,1,1,0,0,10,3,1,1
STU09435,Male,20,AIML,Day Scholar,113943,60.9,6.96,40,1,65.2,0,10,1,0,5,0,0,0
STU09436,Male,18,AIML,Day Scholar,112408,67.0,6.72,4,0,100.0,1,4,0,0,7,0,0,0
STU09437,Male,18,CSE,Hosteler,164021,57.3,7.03,5,1,71.9,0,5,0,0,11,0,1,1
STU09438,Male,18,MC,Day Scholar,67313,74.2,6.38,2,0,84.0,0,10,0,0,3,0,0,0
STU09439,Feamle,23,AIML,Day Scholar,98735,91.4,9.67,44,0,63.5,1,4,1,0,8,1,0,0
STU09440,Feamle,21,MC,Day Scholar,80131,85.9,5.09,74,0,98.8,1,8,0,0,2,0,0,0
STU09441,Feamle,18,MC,Day Scholar,146195,82.0,8.12,60,2,55.7,0,6,0,0,6,0,1,0
STU09442,Male,20,MC,Day Scholar,127127,89.8,8.12,47,2,99.9,0,5,1,0,8,0,0,0
STU09443,Male,20,AIML,Hosteler,192836,61.1,6.2,23,1,86.8,0,5,0,1,11,3,0,0
STU09444,Male,18,MC,Day Scholar,181971,68.1,7.44,47,0,86.8,1,5,0,0,0,0,0,0
STU09445,Feamle,19,AIML,Day Scholar,67740,84.2,8.89,25,1,91.4,0,8,0,0,12,0,0,0
STU09446,Male,20,CSE,Day Scholar,174353,67.9,6.5,48,1,74.6,0,6,0,0,9,0,1,0
STU09447,Male,24,AIML,Hosteler,132339,68.7,8.97,89,1,93.7,0,1,0,1,5,1,1,0
STU09448,Feamle,19,ECE,Day Scholar,88570,100.0,8.68,87,0,73.8,0,5,0,0,14,1,0,0
STU09449,Male,24,CSE,Hosteler,164400,76.4,5.94,54,0,67.7,0,6,0,0,7,0,0,0
STU09450,Feamle,21,MC,Hosteler,64047,100.0,5.34,3,0,62.2,0,5,0,0,6,1,0,0
STU09451,Male,23,MC,Hosteler,139168,47.7,7.25,48,2,100.0,0,4,0,1,9,0,0,0
STU09452,Male,20,ECE,Hosteler,170868,65.5,5.14,73,0,100.0,0,9,0,0,5,0,0,0
STU09453,Feamle,19,CSE,Day Scholar,92666,81.1,2.64,97,0,100.0,1,7,1,0,13,1,0,0
STU09454,Feamle,24,ECE,Day Scholar,122173,76.4,6.27,43,0,74.8,0,3,0,0,7,0,0,0
STU09455,Feamle,18,MC,Day Scholar,75251,44.2,10.0,28,1,71.1,0,2,0,0,8,0,0,0
STU09456,Feamle,24,AIML,Day Scholar,20791,71.6,6.33,25,1,68.8,0,9,0,0,10,0,1,0
STU09457,Feamle,24,MC,Day Scholar,32333,100.0,7.57,82,1,49.2,2,5,1,0,10,0,0,0
STU09458,Feamle,21,ECE,Day Scholar,187681,78.7,8.05,84,1,86.8,0,6,1,0,9,0,0,0
STU09459,Male,22,AIML,Day Scholar,88892,84.1,6.94,82,1,83.9,1,2,0,1,14,0,0,0
STU09460,Male,22,AIML,Day Scholar,191362,65.3,6.5,60,1,72.1,0,5,0,0,4,0,0,0
STU09461,Feamle,18,MC,Day Scholar,155997,78.6,8.84,39,1,100.0,1,4,0,0,8,1,1,0
STU09462,Male,21,AIML,Day Scholar,161836,74.8,7.06,18,1,62.3,0,8,0,0,11,0,1,0
STU09463,Feamle,21,CSE,Day Scholar,74226,91.8,6.86,81,0,59.3,1,8,0,0,4,3,0,0
STU09464,Male,21,MC,Hosteler,97632,91.3,8.2,13,0,96.4,0,5,0,1,6,0,1,0
STU09465,Feamle,21,MC,Day Scholar,59468,81.1,5.46,34,1,99.8,2,5,0,0,10,0,1,0
STU09466,Male,22,CSE,Day Scholar,22094,76.1,5.11,81,0,69.4,1,7,1,1,9,0,0,0
STU09467,Male,19,MC,Day Scholar,65583,49.8,4.56,91,2,17.2,0,6,0,0,12,1,0,1
STU09468,Male,21,ECE,Hosteler,69021,49.3,7.85,18,0,75.2,0,3,0,1,11,1,0,0
STU09469,Male,19,ECE,Day Scholar,35362,76.2,6.75,88,1,66.1,1,3,0,1,8,1,0,0
STU09470,Male,24,MC,Day Scholar,192647,88.1,8.24,78,0,100.0,0,3,1,0,3,1,0,0
STU09471,Feamle,24,CSE,Day Scholar,197093,95.0,7.08,2,0,100.0,1,1,1,0,7,0,0,0
STU09472,Feamle,21,AIML,Hosteler,32185,61.7,4.94,86,0,73.9,0,8,0,0,4,0,1,0
STU09473,Feamle,20,CSE,Hosteler,190843,52.4,6.47,49,0,81.7,0,4,0,1,0,0,0,0
STU09474,Male,23,ECE,Day Scholar,101678,89.0,8.35,11,0,94.9,0,6,0,0,8,2,0,0
STU09475,Feamle,20,MC,Day Scholar,138984,62.8,6.61,95,3,83.0,2,5,0,0,2,0,0,0
STU09476,Male,24,CSE,Hosteler,186141,51.3,8.78,53,1,78.6,1,1,0,1,2,0,0,0
STU09477,Male,23,AIML,Hosteler,63190,67.6,6.32,91,0,100.0,0,1,0,0,7,0,0,0
STU09478,Male,20,AIML,Day Scholar,160836,67.3,8.08,97,0,100.0,1,3,1,0,9,0,0,0
STU09479,Feamle,21,AIML,Day Scholar,178185,94.8,4.33,64,0,100.0,0,5,1,0,5,0,1,0
STU09480,Male,19,AIML,Day Scholar,36888,88.0,6.66,9,1,93.0,1,3,1,1,11,0,1,0
STU09481,Feamle,23,CSE,Day Scholar,34748,63.9,6.42,26,2,93.7,0,5,0,0,0,0,0,0
STU09482,Feamle,22,AIML,Day Scholar,71013,96.0,4.9,75,0,92.9,1,8,0,0,3,0,0,0
STU09483,Male,18,ECE,Hosteler,181275,76.9,8.67,99,2,78.7,0,5,0,0,6,1,0,0
STU09484,Male,23,AIML,Day Scholar,135091,90.9,6.04,96,0,87.1,1,4,1,0,12,0,0,0
STU09485,Feamle,23,ECE,Hosteler,40715,94.9,5.89,67,1,68.3,0,6,0,1,7,0,0,0
STU09486,Feamle,22,CSE,Day Scholar,193651,71.1,8.95,20,1,51.7,1,4,1,0,11,3,0,0
STU09487,Feamle,21,ECE,Hosteler,22906,83.6,7.24,19,0,84.7,0,4,0,0,4,2,0,0
STU09488,Feamle,20,CSE,Day Scholar,113125,68.9,8.17,16,0,100.0,0,4,1,0,0,0,0,0
STU09489,Feamle,20,AIML,Day Scholar,31808,89.0,4.45,45,0,72.4,1,2,1,0,0,0,0,0
STU09490,Feamle,24,MC,Hosteler,172184,76.4,5.8,33,0,90.5,1,5,0,0,0,0,1,0
STU09491,Male,19,ECE,Hosteler,84945,89.4,10.0,77,1,62.3,0,2,0,1,1,0,0,0
STU09492,Feamle,21,ECE,Hosteler,87105,97.9,8.28,9,1,96.7,1,4,0,0,3,0,0,0
STU09493,Feamle,22,MC,Day Scholar,130212,83.2,5.39,19,0,74.3,1,5,0,0,11,0,0,0
STU09494,Feamle,21,CSE,Hosteler,46419,73.6,7.34,63,0,100.0,2,4,1,0,2,0,0,0
STU09495,Feamle,21,CSE,Hosteler,146258,73.8,5.51,61,0,66.5,0,3,1,0,12,2,0,0
STU09496,Male,20,AIML,Day Scholar,31156,30.6,9.09,98,0,100.0,1,5,0,1,12,0,0,0
STU09497,Male,22,ECE,Day Scholar,25062,64.3,3.6,78,0,100.0,0,6,0,0,14,0,0,0
STU09498,Feamle,18,CSE,Hosteler,178817,89.0,7.41,38,0,67.4,0,7,1,0,1,0,0,0
STU09499,Feamle,23,AIML,Day Scholar,54940,89.5,7.39,90,0,67.1,0,1,1,0,5,0,1,0
STU09500,Feamle,20,CSE,Day Scholar,42463,64.0,5.33,61,0,69.0,0,1,0,1,5,0,0,0
STU09501,Male,22,MC,Day Scholar,56188,77.5,6.59,78,1,100.0,0,6,1,1,13,0,1,0
STU09502,Male,19,MC,Hosteler,91813,72.2,7.56,82,1,51.0,0,5,0,1,1,0,1,0
STU09503,Male,23,MC,Day Scholar,54017,85.3,4.33,89,1,87.8,0,3,0,0,4,0,1,0
STU09504,Male,23,AIML,Day Scholar,134375,100.0,5.08,11,1,47.6,1,4,0,0,3,0,0,0
STU09505,Male,20,ECE,Day Scholar,181316,85.6,6.77,23,0,51.1,0,6,0,0,6,0,1,0
STU09506,Male,24,MC,Day Scholar,22697,64.9,5.75,52,0,47.7,0,8,0,0,4,0,0,0
STU09507,Feamle,19,MC,Day Scholar,165975,73.8,6.31,99,1,67.5,2,8,0,0,9,0,1,0
STU09508,Male,20,CSE,Day Scholar,130930,96.0,6.97,32,1,59.2,0,2,1,1,6,0,0,0
STU09509,Male,21,MC,Day Scholar,74086,53.9,5.63,68,2,61.5,0,4,1,0,4,0,0,0
STU09510,Feamle,24,ECE,Day Scholar,108385,65.8,6.96,72,1,63.7,1,5,0,0,6,0,0,0
STU09511,Male,22,AIML,Hosteler,56652,85.6,7.45,77,1,77.4,0,5,0,0,3,0,1,0
STU09512,Feamle,19,MC,Hosteler,158326,94.4,8.17,45,0,64.0,0,4,1,0,10,0,0,0
STU09513,Male,23,AIML,Day Scholar,81631,84.1,5.13,99,0,62.7,0,2,0,0,3,0,0,0
STU09514,Feamle,20,AIML,Day Scholar,100527,65.9,6.06,88,0,100.0,1,5,0,0,13,0,0,0
STU09515,Feamle,23,ECE,Day Scholar,196649,83.0,7.88,6,1,70.1,1,6,0,0,9,0,1,0
STU09516,Feamle,19,CSE,Day Scholar,124084,81.2,4.78,97,0,39.3,1,2,0,1,4,2,0,0
STU09517,Feamle,23,CSE,Day Scholar,139771,80.3,7.16,42,0,98.2,0,4,0,0,4,1,1,0
STU09518,Feamle,20,AIML,Hosteler,133645,73.5,7.04,6,0,71.9,0,2,0,0,10,0,0,0
STU09519,Male,24,MC,Hosteler,79019,75.8,3.12,94,1,62.7,0,7,0,0,5,3,0,0
STU09520,Male,20,AIML,Day Scholar,171539,61.4,6.26,60,1,60.8,0,7,0,1,3,0,0,0
STU09521,Feamle,18,CSE,Day Scholar,140807,100.0,7.5,31,0,91.2,0,4,0,1,0,0,0,0
STU09522,Feamle,23,MC,Hosteler,124528,77.4,6.68,84,0,85.9,0,5,1,0,12,0,0,0
STU09523,Feamle,18,CSE,Day Scholar,85233,83.2,6.29,58,0,68.4,1,10,1,0,9,0,0,0
STU09524,Male,24,ECE,Hosteler,20372,71.7,7.23,78,1,85.0,0,6,0,0,14,1,0,0
STU09525,Feamle,18,CSE,Hosteler,91564,87.7,8.48,29,0,84.4,1,3,0,0,14,1,1,0
STU09526,Feamle,23,MC,Hosteler,143297,55.5,7.81,3,0,86.5,0,7,1,0,1,1,0,0
STU09527,Feamle,19,MC,Day Scholar,148058,48.8,5.87,33,0,61.0,0,8,0,0,4,1,0,0
STU09528,Feamle,21,AIML,Hosteler,83615,74.5,4.81,8,1,95.6,0,5,0,0,6,0,0,0
STU09529,Male,24,MC,Hosteler,49445,100.0,7.78,59,0,62.3,0,6,1,0,10,1,0,0
STU09530,Feamle,20,ECE,Day Scholar,105532,93.1,5.23,75,0,81.0,1,8,1,0,14,0,1,0
STU09531,Feamle,22,CSE,Day Scholar,129435,62.9,6.21,93,1,72.7,0,8,0,0,1,0,0,0
STU09532,Male,24,AIML,Hosteler,175203,82.7,7.3,23,2,81.0,0,3,1,0,9,0,0,0
STU09533,Feamle,18,AIML,Day Scholar,173806,65.5,8.72,54,0,100.0,0,6,0,0,2,2,0,0
STU09534,Feamle,19,MC,Hosteler,185172,81.4,8.93,28,1,82.6,1,5,1,0,2,0,0,0
STU09535,Male,23,ECE,Day Scholar,165810,82.6,7.09,53,1,99.2,0,6,0,0,5,0,0,0
STU09536,Male,19,AIML,Day Scholar,96974,88.9,6.24,50,1,84.0,2,7,0,1,8,0,0,0
STU09537,Male,19,ECE,Day Scholar,141049,51.5,5.2,21,0,100.0,1,5,0,0,4,0,0,1
STU09538,Feamle,23,ECE,Hosteler,199871,56.0,9.94,98,2,89.8,4,6,0,0,8,0,0,0
STU09539,Feamle,22,CSE,Day Scholar,198501,73.9,6.57,19,1,51.6,1,1,0,0,14,0,0,0
STU09540,Male,23,CSE,Day Scholar,151827,59.5,8.02,36,0,61.3,0,6,0,0,11,0,0,0
STU09541,Male,22,CSE,Hosteler,82716,58.4,7.3,50,1,65.6,0,5,0,0,9,1,0,0
STU09542,Male,23,ECE,Hosteler,89061,79.1,6.26,72,0,74.1,0,2,1,1,6,0,0,0
STU09543,Feamle,18,CSE,Day Scholar,49884,61.3,6.19,85,0,66.9,1,4,1,1,14,0,0,0
STU09544,Feamle,22,AIML,Day Scholar,21796,100.0,4.93,49,1,51.5,1,7,0,0,9,0,0,0
STU09545,Male,18,AIML,Hosteler,164826,67.0,8.68,79,1,78.8,1,7,1,0,14,0,0,0
STU09546,Feamle,24,MC,Day Scholar,163233,70.9,6.82,65,1,37.1,1,5,0,1,6,1,0,0
STU09547,Male,22,ECE,Hosteler,137747,79.5,9.14,61,1,100.0,0,7,0,0,8,0,0,0
STU09548,Feamle,22,CSE,Hosteler,87713,52.4,6.33,43,0,78.3,1,2,0,0,8,0,0,0
STU09549,Feamle,23,AIML,Day Scholar,113668,82.6,6.55,22,0,100.0,1,5,0,0,9,0,0,0
STU09550,Feamle,22,ECE,Hosteler,87586,80.1,5.3,92,1,60.9,1,3,0,0,13,0,0,0
STU09551,Feamle,18,ECE,Day Scholar,142206,69.8,6.53,10,0,77.8,1,1,0,0,13,0,0,0
STU09552,Male,24,CSE,Hosteler,110666,79.1,5.14,53,2,99.5,0,8,0,0,6,0,1,0
STU09553,Feamle,23,ECE,Day Scholar,133796,81.4,7.6,54,1,100.0,0,8,0,0,12,0,0,0
STU09554,Feamle,20,CSE,Day Scholar,58577,96.5,7.16,60,0,91.5,1,4,1,0,5,0,1,0
STU09555,Male,24,CSE,Day Scholar,74765,100.0,9.21,98,0,54.9,0,7,0,0,6,0,0,0
STU09556,Feamle,24,CSE,Hosteler,44841,59.1,4.81,51,0,79.6,0,2,0,1,2,0,0,1
STU09557,Male,18,ECE,Day Scholar,45498,55.5,8.82,21,0,57.1,0,3,0,1,2,0,1,0
STU09558,Male,24,ECE,Hosteler,128567,76.5,5.53,2,0,99.1,0,7,0,1,2,1,0,0
STU09559,Feamle,20,CSE,Day Scholar,132642,43.8,7.52,75,2,90.0,1,7,0,1,3,0,0,0
STU09560,Feamle,19,ECE,Day Scholar,87229,84.7,5.28,64,0,100.0,1,9,0,0,7,0,0,0
STU09561,Male,23,CSE,Hosteler,147855,76.7,7.3,57,0,91.1,0,7,0,0,14,0,0,0
STU09562,Male,19,MC,Day Scholar,83914,80.5,3.23,42,1,86.9,1,6,0,0,14,0,0,0
STU09563,Male,23,ECE,Hosteler,131399,70.4,5.99,89,1,54.0,0,3,0,0,13,1,1,0
STU09564,Feamle,24,ECE,Hosteler,34838,78.8,7.16,97,1,73.8,0,10,0,1,7,0,1,0
STU09565,Male,23,MC,Hosteler,121224,82.1,9.63,60,0,94.2,0,6,0,0,5,0,0,0
STU09566,Male,18,MC,Day Scholar,106765,78.0,3.81,92,0,63.4,0,6,0,0,4,0,0,0
STU09567,Male,20,MC,Day Scholar,89703,54.8,7.0,52,0,56.8,0,6,0,0,10,1,1,1
STU09568,Feamle,23,CSE,Hosteler,173687,77.6,6.22,32,1,96.6,0,8,1,0,7,2,1,0
STU09569,Male,20,CSE,Day Scholar,61845,100.0,4.13,95,0,80.8,1,4,0,0,13,0,0,0
STU09570,Feamle,23,AIML,Hosteler,58907,78.6,5.31,24,0,100.0,0,1,0,0,4,1,0,0
STU09571,Feamle,20,MC,Hosteler,182230,77.1,6.29,49,1,74.6,1,8,1,1,10,0,0,0
STU09572,Male,19,AIML,Day Scholar,75421,98.4,7.7,46,0,83.8,0,7,1,1,9,0,0,0
STU09573,Feamle,18,CSE,Day Scholar,53330,63.8,7.13,57,0,75.7,2,6,0,0,0,0,0,0
STU09574,Male,23,ECE,Hosteler,199217,88.3,5.03,99,1,85.2,0,4,0,0,7,0,0,0
STU09575,Feamle,21,MC,Hosteler,75244,67.0,4.25,65,0,100.0,1,5,0,0,0,0,0,0
STU09576,Feamle,20,ECE,Day Scholar,141696,91.3,7.63,78,1,100.0,0,1,0,0,4,0,1,0
STU09577,Male,20,CSE,Hosteler,60564,87.0,6.71,12,0,100.0,0,2,0,0,8,1,0,0
STU09578,Male,21,MC,Hosteler,123963,68.8,9.42,41,2,60.1,3,8,0,0,12,1,0,0
STU09579,Male,18,AIML,Day Scholar,141299,71.0,6.47,14,0,73.3,0,13,0,0,9,0,0,0
STU09580,Feamle,20,AIML,Day Scholar,140972,89.7,8.71,5,0,81.9,0,3,0,0,8,2,0,0
STU09581,Feamle,18,CSE,Day Scholar,82469,47.2,7.82,84,0,71.6,1,3,0,0,1,3,0,0
STU09582,Male,20,ECE,Day Scholar,22716,68.4,8.23,41,0,95.5,0,2,1,0,1,0,0,0
STU09583,Male,24,CSE,Hosteler,183433,84.3,7.65,89,0,93.3,0,5,0,0,1,0,1,0
STU09584,Feamle,22,ECE,Day Scholar,47254,70.4,7.68,34,0,52.3,0,8,0,0,6,0,0,0
STU09585,Feamle,24,CSE,Hosteler,62632,77.0,3.56,81,1,76.8,0,9,0,0,0,0,0,0
STU09586,Feamle,20,AIML,Day Scholar,123964,44.4,6.64,5,1,51.7,0,4,0,0,11,3,0,1
STU09587,Male,22,ECE,Day Scholar,129623,62.2,6.0,77,1,61.2,0,4,0,0,9,0,0,0
STU09588,Feamle,23,CSE,Day Scholar,41277,85.2,8.91,17,0,92.4,0,10,1,0,9,0,0,0
STU09589,Male,18,MC,Day Scholar,146833,63.7,5.5,42,1,99.6,0,7,1,0,12,0,1,0
STU09590,Feamle,20,AIML,Day Scholar,37503,55.5,6.58,19,0,37.7,0,3,0,1,4,0,0,0
STU09591,Feamle,19,AIML,Hosteler,120566,90.9,8.2,78,2,82.7,0,2,0,0,14,0,0,0
STU09592,Male,19,MC,Day Scholar,106921,82.7,7.45,52,0,100.0,0,3,0,0,3,0,0,0
STU09593,Male,21,CSE,Day Scholar,183307,58.7,7.25,47,1,45.8,1,3,1,1,7,2,0,0
STU09594,Male,19,ECE,Day Scholar,96180,77.1,8.66,26,0,78.8,0,8,0,0,3,0,0,0
STU09595,Feamle,22,AIML,Hosteler,172759,59.2,7.39,87,0,39.7,0,6,1,0,6,0,0,0
STU09596,Feamle,19,CSE,Hosteler,199481,72.7,6.18,75,1,79.9,1,6,0,1,12,0,1,0
STU09597,Feamle,19,MC,Hosteler,129264,77.6,5.06,0,1,100.0,1,6,0,0,14,1,0,1
STU09598,Male,19,ECE,Hosteler,191170,62.9,7.73,13,0,85.6,1,8,1,0,3,0,1,0
STU09599,Feamle,20,CSE,Day Scholar,184622,86.1,5.84,31,0,70.8,0,3,0,1,8,0,0,0
STU09600,Male,21,CSE,Hosteler,52864,88.5,6.64,66,1,100.0,1,4,1,0,14,1,0,0
STU09601,Male,18,AIML,Hosteler,159850,79.0,8.62,9,0,62.3,0,2,0,0,7,2,0,0
STU09602,Male,21,AIML,Day Scholar,180855,81.2,6.67,25,1,100.0,2,4,0,0,14,0,0,0
STU09603,Feamle,22,ECE,Day Scholar,116923,53.2,6.33,94,1,83.4,0,5,0,0,4,2,0,0
STU09604,Feamle,20,CSE,Day Scholar,65596,95.4,6.58,73,0,71.6,0,8,1,0,14,0,0,0
STU09605,Male,23,MC,Day Scholar,172367,73.6,6.62,64,1,87.3,1,6,0,0,12,0,0,0
STU09606,Feamle,20,MC,Hosteler,169694,61.0,5.51,49,0,88.7,3,3,1,0,7,1,0,0
STU09607,Male,24,ECE,Hosteler,176564,77.2,9.52,48,0,100.0,2,3,1,0,2,0,0,0
STU09608,Male,19,CSE,Hosteler,149739,86.2,6.18,31,0,91.1,0,5,0,0,3,0,0,0
STU09609,Feamle,19,AIML,Day Scholar,39733,82.7,8.18,82,0,97.9,0,4,0,0,1,0,0,0
STU09610,Male,22,CSE,Hosteler,129082,58.7,5.47,64,1,78.1,0,6,0,1,9,1,0,1
STU09611,Male,23,AIML,Day Scholar,32372,86.4,7.82,25,0,70.7,0,5,1,0,14,0,0,0
STU09612,Feamle,24,MC,Hosteler,131950,74.1,7.25,68,0,79.2,2,5,0,1,12,0,0,0
STU09613,Male,20,ECE,Day Scholar,55256,82.5,7.04,25,3,97.2,2,11,0,0,6,2,0,0
STU09614,Male,23,ECE,Day Scholar,93353,63.0,7.26,64,0,90.5,1,3,1,0,9,1,0,0
STU09615,Male,18,ECE,Day Scholar,104757,90.7,7.62,93,0,65.8,0,3,0,0,3,0,0,0
STU09616,Male,21,AIML,Day Scholar,134687,77.7,6.66,11,0,58.5,1,7,1,0,1,0,1,0
STU09617,Male,20,MC,Day Scholar,125700,92.8,6.73,99,0,93.2,0,5,0,0,4,0,1,0
STU09618,Male,23,MC,Day Scholar,169297,52.0,7.87,35,0,100.0,0,2,0,0,12,1,0,1
STU09619,Male,18,ECE,Day Scholar,78546,54.0,5.29,23,1,78.9,1,6,1,0,12,0,0,1
STU09620,Feamle,18,ECE,Day Scholar,28064,71.4,5.06,41,0,99.8,1,3,0,0,7,0,0,0
STU09621,Feamle,24,AIML,Day Scholar,123073,97.0,7.27,54,1,56.2,0,8,0,1,4,0,1,0
STU09622,Male,24,AIML,Hosteler,165058,100.0,3.99,54,1,98.0,0,3,0,0,3,0,1,0
STU09623,Male,21,CSE,Day Scholar,61689,61.7,4.48,88,0,76.2,1,7,0,0,0,3,0,0
STU09624,Feamle,18,AIML,Hosteler,183915,75.8,9.71,7,0,92.6,1,11,0,0,7,0,0,0
STU09625,Feamle,22,CSE,Hosteler,64006,77.3,9.32,75,0,100.0,0,3,0,0,11,1,1,0
STU09626,Feamle,18,ECE,Day Scholar,52195,85.8,6.14,60,0,95.2,0,0,0,0,10,0,0,0
STU09627,Feamle,23,MC,Hosteler,20203,88.3,8.5,26,0,63.3,0,6,0,0,0,0,0,0
STU09628,Feamle,24,AIML,Hosteler,191735,58.3,8.55,75,0,57.6,2,5,1,0,10,0,0,0
STU09629,Male,22,MC,Hosteler,197886,76.0,7.71,62,1,44.7,0,5,0,0,14,0,1,0
STU09630,Feamle,24,AIML,Day Scholar,65248,44.9,6.88,31,1,80.4,1,3,1,0,11,0,0,0
STU09631,Feamle,24,AIML,Day Scholar,27460,87.2,7.94,59,1,63.2,1,5,0,0,9,2,0,0
STU09632,Feamle,24,CSE,Day Scholar,138463,69.9,8.2,34,0,44.9,0,5,1,0,6,0,0,0
STU09633,Male,18,AIML,Day Scholar,77230,56.9,7.96,15,0,100.0,1,3,0,0,7,0,1,0
STU09634,Male,19,ECE,Day Scholar,142268,80.0,4.68,35,0,83.3,1,6,0,0,13,0,0,0
STU09635,Male,18,MC,Hosteler,155427,69.5,10.0,55,0,86.9,0,3,0,0,8,0,0,0
STU09636,Male,24,AIML,Hosteler,51935,93.9,10.0,29,0,60.3,1,11,0,0,8,0,0,0
STU09637,Male,22,MC,Day Scholar,137739,61.6,4.14,100,0,97.7,1,4,1,0,3,0,0,0
STU09638,Male,18,MC,Hosteler,22663,100.0,7.77,31,0,72.9,3,4,1,0,9,0,0,0
STU09639,Feamle,24,MC,Hosteler,192463,87.8,10.0,78,0,61.8,0,8,0,0,7,0,0,0
STU09640,Male,24,AIML,Day Scholar,114903,94.3,8.5,20,0,88.3,0,6,0,1,13,0,0,0
STU09641,Male,18,CSE,Day Scholar,170618,59.6,8.52,55,0,70.8,0,8,1,0,7,0,1,0
STU09642,Feamle,18,MC,Hosteler,151110,100.0,4.84,39,0,100.0,1,5,0,0,4,0,0,0
STU09643,Male,22,MC,Day Scholar,198884,56.8,8.19,92,0,84.2,0,4,0,1,6,1,0,0
STU09644,Feamle,18,AIML,Day Scholar,30318,71.9,7.36,53,1,38.3,0,3,0,0,11,1,0,0
STU09645,Feamle,21,AIML,Day Scholar,159992,94.6,8.17,29,0,90.8,2,6,0,0,11,1,0,0
STU09646,Male,23,ECE,Day Scholar,81243,82.6,5.45,88,0,100.0,1,4,1,0,13,0,0,0
STU09647,Feamle,21,ECE,Hosteler,130723,56.4,5.39,19,1,62.1,0,3,0,0,6,0,0,1
STU09648,Feamle,22,CSE,Day Scholar,104044,92.0,6.79,73,0,48.6,1,5,0,1,12,0,1,0
STU09649,Feamle,19,CSE,Day Scholar,174855,80.1,6.43,94,0,100.0,0,4,0,0,4,1,0,0
STU09650,Feamle,21,CSE,Day Scholar,56902,68.8,6.76,0,0,64.2,1,3,0,0,1,2,0,0
STU09651,Male,24,CSE,Day Scholar,117845,51.9,6.28,73,0,82.8,1,4,0,1,14,0,1,1
STU09652,Feamle,23,MC,Day Scholar,187611,81.5,6.7,17,1,53.5,0,5,1,1,6,1,0,0
STU09653,Male,20,AIML,Day Scholar,91074,72.5,6.0,99,1,64.7,0,5,1,0,7,2,1,0
STU09654,Feamle,23,ECE,Hosteler,68949,77.3,6.93,56,0,72.9,0,6,0,0,8,0,0,0
STU09655,Feamle,21,MC,Day Scholar,124765,51.2,4.86,58,1,86.0,0,5,0,1,3,0,0,1
STU09656,Feamle,20,AIML,Day Scholar,66543,68.7,7.77,12,0,61.1,0,8,0,0,10,1,0,0
STU09657,Male,22,AIML,Day Scholar,31398,82.2,7.39,31,0,82.8,1,6,0,0,4,0,0,0
STU09658,Male,23,MC,Day Scholar,165844,100.0,5.11,85,0,59.8,0,6,0,0,8,0,0,0
STU09659,Male,19,MC,Hosteler,93436,71.9,8.99,69,1,86.3,0,2,1,0,1,1,1,0
STU09660,Feamle,20,ECE,Hosteler,180083,96.6,5.76,32,1,74.7,0,6,0,0,7,0,0,0
STU09661,Feamle,20,CSE,Day Scholar,129809,86.8,8.78,64,0,77.3,0,3,0,0,13,1,1,0
STU09662,Feamle,23,CSE,Hosteler,70396,78.5,7.49,2,0,69.4,0,4,0,0,9,0,0,0
STU09663,Feamle,21,ECE,Hosteler,130583,59.8,8.5,4,2,95.7,0,2,1,1,0,0,0,0
STU09664,Male,20,ECE,Day Scholar,86193,60.4,7.26,90,0,96.5,0,2,0,0,10,0,0,0
STU09665,Feamle,22,CSE,Day Scholar,129461,84.3,7.85,11,1,73.2,0,2,0,0,4,0,0,0
STU09666,Male,23,MC,Day Scholar,40840,67.1,8.48,32,0,72.1,1,3,1,0,0,1,0,0
STU09667,Feamle,22,CSE,Day Scholar,178691,65.8,9.86,26,2,100.0,1,6,1,0,9,3,1,0
STU09668,Male,23,AIML,Day Scholar,118119,72.3,8.61,12,0,89.6,1,5,0,0,3,0,0,0
STU09669,Male,22,AIML,Day Scholar,100061,72.5,7.67,74,1,93.1,0,6,0,0,7,1,0,0
STU09670,Feamle,21,ECE,Hosteler,83900,88.5,4.98,74,0,100.0,1,3,0,0,12,0,0,0
STU09671,Feamle,23,CSE,Hosteler,65384,67.4,3.38,35,0,73.9,0,8,0,0,4,0,0,0
STU09672,Male,24,CSE,Day Scholar,144679,87.0,6.8,57,1,100.0,1,11,0,0,1,0,1,0
STU09673,Feamle,19,AIML,Day Scholar,49917,81.6,5.93,63,0,41.2,0,2,1,0,9,0,1,0
STU09674,Feamle,21,CSE,Hosteler,132301,49.9,5.98,49,0,100.0,0,5,0,0,7,0,1,0
STU09675,Male,22,ECE,Hosteler,108155,79.4,6.88,50,1,66.7,1,4,0,0,3,0,0,0
STU09676,Male,23,ECE,Day Scholar,90071,35.0,7.99,3,1,90.7,1,5,0,0,12,0,0,0
STU09677,Male,21,AIML,Day Scholar,76425,61.6,6.07,43,0,93.6,0,4,0,0,4,0,0,0
STU09678,Male,22,CSE,Day Scholar,100116,81.9,8.34,17,0,70.0,0,5,0,0,9,0,0,0
STU09679,Feamle,18,CSE,Day Scholar,195658,74.8,7.05,17,1,99.9,0,10,0,1,2,1,1,0
STU09680,Male,18,AIML,Day Scholar,81321,48.5,7.06,91,1,98.1,0,7,0,1,1,0,0,0
STU09681,Male,20,MC,Day Scholar,87512,58.2,9.81,5,0,79.3,0,4,0,0,11,0,0,0
STU09682,Male,19,MC,Hosteler,121973,35.9,7.27,58,0,61.2,0,7,0,0,10,1,0,0
STU09683,Feamle,18,CSE,Day Scholar,138880,54.9,6.92,62,0,100.0,1,7,0,0,14,0,0,0
STU09684,Male,24,ECE,Day Scholar,67055,83.7,7.79,42,0,86.7,1,4,0,1,10,0,0,0
STU09685,Feamle,22,MC,Hosteler,20937,66.6,9.7,68,0,100.0,0,8,0,0,11,0,1,0
STU09686,Male,21,CSE,Hosteler,37673,77.5,6.93,74,1,33.3,0,6,0,0,8,0,0,0
STU09687,Male,23,MC,Day Scholar,122974,75.2,7.66,68,1,92.9,1,5,1,0,7,2,0,0
STU09688,Feamle,21,AIML,Day Scholar,92957,75.5,6.84,8,0,69.9,0,5,0,0,2,2,0,0
STU09689,Male,20,MC,Day Scholar,199654,90.3,6.85,22,0,78.5,1,5,1,1,14,1,0,0
STU09690,Male,21,MC,Hosteler,180572,72.0,6.26,10,0,97.2,0,10,0,0,13,0,0,0
STU09691,Feamle,18,AIML,Day Scholar,32953,88.7,6.16,60,1,42.3,1,2,0,0,11,0,0,0
STU09692,Male,21,ECE,Day Scholar,87052,37.8,9.54,78,1,66.2,0,2,0,0,1,0,0,0
STU09693,Male,18,CSE,Hosteler,197412,91.7,6.17,88,0,87.7,1,6,0,0,11,0,0,0
STU09694,Male,18,ECE,Day Scholar,63042,55.6,4.69,16,1,46.5,1,5,0,0,0,2,0,1
STU09695,Male,19,ECE,Hosteler,139180,58.9,7.19,49,0,86.4,0,2,0,0,7,0,0,0
STU09696,Feamle,20,MC,Day Scholar,91706,64.4,8.53,52,2,56.3,1,10,0,0,3,1,0,0
STU09697,Male,24,CSE,Day Scholar,177579,91.3,8.86,89,0,100.0,1,6,0,0,9,1,0,0
STU09698,Feamle,24,MC,Day Scholar,144765,61.7,5.21,13,0,91.4,1,2,0,0,6,0,0,0
STU09699,Male,22,AIML,Day Scholar,153425,65.2,8.67,38,1,94.7,0,6,0,1,14,1,0,0
STU09700,Feamle,24,ECE,Day Scholar,31999,60.6,10.0,54,1,60.0,0,4,0,0,0,1,0,0
STU09701,Male,18,ECE,Day Scholar,96474,78.8,5.97,8,1,80.5,0,5,1,0,5,0,0,0
STU09702,Feamle,23,AIML,Day Scholar,83134,86.2,6.74,62,0,72.9,1,4,1,0,4,1,0,0
STU09703,Male,20,CSE,Hosteler,151652,100.0,5.15,26,0,89.7,0,3,0,0,8,0,1,0
STU09704,Feamle,22,ECE,Day Scholar,90086,100.0,9.78,34,1,94.6,1,5,0,0,11,0,0,0
STU09705,Feamle,24,ECE,Hosteler,65248,84.8,4.76,90,0,77.7,0,4,0,0,14,0,0,0
STU09706,Male,24,CSE,Hosteler,137651,80.5,6.4,79,0,82.3,1,3,0,0,1,1,0,0
STU09707,Feamle,23,MC,Hosteler,82249,56.7,8.18,59,0,74.9,1,9,0,1,12,1,0,1
STU09708,Male,21,AIML,Hosteler,187956,100.0,5.97,85,2,100.0,1,6,0,0,2,0,0,0
STU09709,Male,20,CSE,Day Scholar,167500,78.2,5.52,29,0,57.6,1,2,0,0,9,0,0,0
STU09710,Male,23,AIML,Day Scholar,27647,70.7,6.92,89,0,52.5,1,4,0,0,2,1,0,0
STU09711,Male,24,AIML,Hosteler,88079,80.8,10.0,38,0,86.1,0,5,0,0,13,0,0,0
STU09712,Male,20,ECE,Day Scholar,100094,65.5,6.62,51,1,67.7,0,6,0,0,6,0,0,0
STU09713,Feamle,20,CSE,Day Scholar,73546,39.9,6.69,96,1,59.6,0,6,1,0,2,2,0,0
STU09714,Male,24,AIML,Day Scholar,100919,83.6,5.33,57,0,87.7,0,4,0,0,5,0,0,0
STU09715,Male,21,MC,Hosteler,50033,95.1,7.58,64,0,58.5,2,5,0,0,7,0,1,0
STU09716,Male,21,AIML,Hosteler,105075,83.4,8.33,75,1,82.6,0,6,0,1,13,3,0,0
STU09717,Male,24,ECE,Hosteler,105625,74.9,6.09,80,0,75.5,1,4,0,0,9,1,0,0
STU09718,Male,20,MC,Hosteler,118820,75.2,7.8,88,1,78.2,1,8,0,0,8,0,0,0
STU09719,Male,23,MC,Day Scholar,51000,77.6,6.1,28,1,62.3,1,5,0,0,1,1,0,0
STU09720,Feamle,19,CSE,Day Scholar,92113,77.1,4.16,57,0,61.8,2,5,0,0,4,0,1,0
STU09721,Feamle,18,MC,Hosteler,163701,74.1,7.69,41,1,73.6,0,8,1,0,9,0,0,0
STU09722,Male,21,CSE,Hosteler,187498,75.4,10.0,27,1,100.0,0,5,0,0,2,0,0,0
STU09723,Feamle,24,CSE,Hosteler,157994,98.3,5.21,82,1,49.1,0,6,0,0,8,0,0,0
STU09724,Male,19,MC,Day Scholar,113435,82.1,7.27,9,0,89.0,0,6,1,0,13,0,1,0
STU09725,Male,21,CSE,Hosteler,146956,76.6,8.96,10,1,56.7,0,1,1,1,4,0,0,0
STU09726,Male,20,CSE,Day Scholar,119294,84.9,6.85,73,0,83.2,1,4,1,0,12,1,1,0
STU09727,Male,24,MC,Day Scholar,81049,84.9,4.86,59,0,80.2,0,6,1,0,2,0,0,0
STU09728,Male,19,ECE,Hosteler,116155,89.2,7.07,29,0,84.9,0,3,1,1,10,0,0,0
STU09729,Feamle,24,AIML,Day Scholar,27721,63.6,9.24,48,0,100.0,0,5,0,1,14,0,0,0
STU09730,Feamle,23,CSE,Day Scholar,136539,67.8,6.24,70,0,98.2,0,5,0,0,2,0,0,0
STU09731,Feamle,23,CSE,Day Scholar,192029,62.8,7.35,68,0,78.6,0,4,0,0,5,2,0,0
STU09732,Feamle,22,MC,Day Scholar,121013,86.5,5.42,59,1,100.0,0,2,0,0,8,0,0,0
STU09733,Male,18,AIML,Day Scholar,131870,85.8,6.85,27,0,60.9,0,3,1,0,4,0,0,0
STU09734,Feamle,18,AIML,Hosteler,87714,55.9,7.58,19,1,56.9,0,10,0,0,8,0,0,0
STU09735,Male,21,CSE,Hosteler,115166,80.9,7.19,95,1,100.0,0,6,1,0,6,0,0,0
STU09736,Feamle,18,MC,Day Scholar,131992,95.6,6.35,58,1,82.9,0,5,0,0,3,0,1,0
STU09737,Feamle,24,ECE,Day Scholar,29747,71.5,7.66,11,0,94.9,1,1,0,1,11,0,0,0
STU09738,Feamle,24,AIML,Hosteler,151050,79.7,8.0,4,2,59.2,1,8,1,0,8,0,0,0
STU09739,Feamle,22,ECE,Day Scholar,144102,86.0,8.1,29,0,68.0,0,6,1,0,13,0,0,0
STU09740,Male,23,MC,Day Scholar,172390,55.2,6.56,32,0,100.0,0,6,0,0,3,0,0,0
STU09741,Feamle,19,ECE,Hosteler,149244,77.3,6.07,9,2,40.8,0,5,1,0,8,0,0,0
STU09742,Feamle,19,MC,Day Scholar,177691,94.1,9.94,38,0,85.3,1,6,1,0,14,0,0,0
STU09743,Male,23,CSE,Day Scholar,93640,66.1,7.21,90,0,100.0,0,7,1,0,11,0,1,0
STU09744,Male,20,ECE,Day Scholar,67746,87.5,6.61,75,0,44.6,0,7,1,0,13,0,0,0
STU09745,Feamle,23,CSE,Day Scholar,158410,75.4,4.78,65,0,80.4,0,7,1,0,0,0,0,0
STU09746,Male,19,CSE,Hosteler,86704,64.9,5.6,93,0,34.6,0,6,0,1,7,2,0,0
STU09747,Male,21,MC,Day Scholar,149511,73.6,6.04,59,0,76.4,2,6,0,0,14,0,0,0
STU09748,Male,22,ECE,Day Scholar,76500,67.1,7.66,40,0,85.8,2,8,0,0,9,0,1,0
STU09749,Feamle,23,AIML,Day Scholar,162395,61.7,6.47,68,2,84.7,0,5,1,0,12,1,0,0
STU09750,Male,20,ECE,Hosteler,88163,71.2,7.02,36,2,100.0,1,6,0,0,8,0,1,0
STU09751,Feamle,21,AIML,Day Scholar,148191,76.0,4.85,77,0,83.4,0,6,0,0,1,1,0,0
STU09752,Feamle,23,CSE,Day Scholar,38919,72.5,9.11,89,0,84.1,0,1,1,0,1,0,0,0
STU09753,Feamle,21,CSE,Hosteler,169728,71.0,5.89,7,0,88.4,1,5,0,1,9,0,1,0
STU09754,Feamle,23,MC,Day Scholar,73956,78.4,7.35,94,1,73.1,0,8,0,0,0,0,0,0
STU09755,Male,21,AIML,Day Scholar,36544,83.0,6.2,56,0,81.0,1,8,0,1,11,0,0,0
STU09756,Feamle,24,ECE,Hosteler,70936,57.8,6.52,66,1,54.7,2,5,1,0,7,0,0,0
STU09757,Male,18,MC,Day Scholar,39566,71.2,5.81,27,1,100.0,0,4,0,0,8,1,0,0
STU09758,Feamle,21,MC,Hosteler,146854,45.4,7.44,13,1,89.0,1,5,1,0,11,0,0,0
STU09759,Male,24,MC,Hosteler,34880,72.6,5.53,10,0,65.8,0,4,0,0,10,0,1,0
STU09760,Feamle,18,ECE,Hosteler,163008,77.3,7.47,28,0,100.0,1,5,1,1,8,0,0,0
STU09761,Male,19,MC,Hosteler,116284,83.5,6.82,53,0,100.0,0,3,0,0,7,0,0,0
STU09762,Feamle,18,ECE,Hosteler,32198,77.3,7.95,75,0,68.9,0,4,0,1,0,0,0,0
STU09763,Feamle,21,MC,Day Scholar,28376,83.2,8.09,8,0,67.3,1,3,0,1,6,1,0,0
STU09764,Male,22,AIML,Hosteler,87432,76.0,6.52,35,0,100.0,1,6,0,0,7,0,0,0
STU09765,Feamle,22,CSE,Day Scholar,129791,64.9,7.55,18,0,58.3,0,5,0,0,4,1,0,0
STU09766,Feamle,19,AIML,Day Scholar,186244,58.3,6.33,6,1,90.3,0,6,0,1,7,1,0,0
STU09767,Feamle,21,AIML,Day Scholar,168188,71.1,8.97,16,0,74.7,0,3,0,1,7,0,0,0
STU09768,Male,18,MC,Day Scholar,83295,63.5,6.46,47,0,99.5,0,6,1,0,2,3,0,0
STU09769,Feamle,22,AIML,Day Scholar,160885,73.2,6.7,50,0,94.4,0,5,1,0,2,1,0,0
STU09770,Feamle,23,AIML,Day Scholar,71313,67.6,6.3,86,0,84.5,0,3,0,0,9,0,1,0
STU09771,Male,20,AIML,Hosteler,126873,81.3,5.9,75,1,87.1,2,7,0,1,12,0,0,0
STU09772,Male,21,MC,Day Scholar,40232,75.7,10.0,70,1,61.0,1,5,0,0,12,2,1,0
STU09773,Male,24,ECE,Day Scholar,53609,81.7,7.73,88,0,80.9,1,4,0,0,5,0,1,0
STU09774,Male,24,CSE,Hosteler,136859,81.6,7.1,77,1,79.6,0,6,0,0,11,0,0,0
STU09775,Male,23,CSE,Day Scholar,59021,72.3,6.29,57,1,68.0,1,3,1,0,0,0,0,0
STU09776,Feamle,23,ECE,Day Scholar,65108,73.2,8.67,94,0,67.8,2,5,0,0,6,0,0,0
STU09777,Feamle,21,ECE,Hosteler,150221,82.5,6.18,88,1,64.1,0,9,0,0,4,2,1,0
STU09778,Feamle,20,AIML,Day Scholar,105305,100.0,7.18,74,0,98.5,0,9,0,0,3,1,0,0
STU09779,Male,22,CSE,Day Scholar,24821,60.2,10.0,74,0,81.7,0,5,1,0,8,0,0,0
STU09780,Feamle,20,ECE,Day Scholar,140501,75.6,5.56,6,0,59.6,0,2,1,0,9,0,0,0
STU09781,Male,19,AIML,Day Scholar,168869,57.1,7.81,61,1,97.3,1,4,0,0,10,1,1,1
STU09782,Male,18,CSE,Day Scholar,85580,74.7,7.43,66,0,100.0,1,8,0,0,11,1,0,0
STU09783,Feamle,18,MC,Hosteler,169142,64.9,7.79,14,0,73.9,0,6,0,0,6,0,1,0
STU09784,Male,23,MC,Day Scholar,25236,73.2,6.57,66,0,66.3,1,6,0,0,2,1,0,0
STU09785,Male,22,CSE,Hosteler,46745,77.3,6.11,52,0,100.0,0,4,1,0,7,1,1,0
STU09786,Feamle,20,CSE,Day Scholar,157697,67.7,7.34,40,1,100.0,0,4,0,1,8,1,0,0
STU09787,Male,23,MC,Hosteler,113353,48.2,6.32,16,0,100.0,0,3,0,0,4,2,0,0
STU09788,Male,21,MC,Hosteler,170181,96.4,3.5,56,1,78.7,0,4,1,0,0,0,0,0
STU09789,Feamle,23,CSE,Day Scholar,177071,87.6,5.76,43,3,65.3,0,5,0,0,10,0,0,0
STU09790,Male,21,AIML,Day Scholar,191849,73.0,6.52,70,0,40.0,0,7,0,0,4,1,0,0
STU09791,Male,21,ECE,Hosteler,24014,61.6,5.38,74,0,100.0,1,6,0,0,10,0,0,0
STU09792,Feamle,19,ECE,Day Scholar,58548,76.3,7.23,63,0,50.1,1,7,0,0,12,3,0,0
STU09793,Feamle,19,CSE,Day Scholar,61033,80.4,5.86,19,1,62.7,1,1,0,0,8,0,0,0
STU09794,Feamle,21,ECE,Hosteler,59060,86.6,6.93,0,0,71.0,3,7,1,0,3,0,0,0
STU09795,Feamle,22,MC,Hosteler,87096,87.9,10.0,95,0,91.6,1,3,1,0,7,2,0,0
STU09796,Male,19,MC,Day Scholar,78235,90.8,8.84,84,1,24.8,0,1,0,1,4,0,0,0
STU09797,Male,19,ECE,Day Scholar,96860,48.9,7.89,30,1,81.7,1,4,1,0,7,0,0,0
STU09798,Feamle,18,CSE,Hosteler,112001,70.4,9.71,16,1,100.0,2,6,1,0,14,1,0,0
STU09799,Male,23,MC,Day Scholar,115285,89.9,6.89,88,1,67.1,0,2,1,0,5,0,1,0
STU09800,Male,18,AIML,Day Scholar,45822,61.1,6.91,40,0,94.3,1,3,0,0,11,0,0,0
STU09801,Feamle,22,AIML,Hosteler,102392,93.3,5.42,96,0,70.5,0,6,0,0,5,2,0,0
STU09802,Feamle,19,MC,Hosteler,140123,100.0,8.92,75,1,85.6,1,2,0,0,11,1,1,0
STU09803,Male,24,MC,Hosteler,54985,92.9,9.94,27,0,77.1,1,3,0,1,14,2,0,0
STU09804,Feamle,19,ECE,Day Scholar,45276,84.9,8.36,48,1,59.8,0,2,0,0,11,0,0,0
STU09805,Feamle,20,CSE,Hosteler,194111,68.3,9.14,89,1,89.9,2,10,1,0,8,0,0,0
STU09806,Feamle,22,ECE,Hosteler,154059,79.2,2.89,99,0,84.8,0,9,0,0,2,0,1,0
STU09807,Male,24,CSE,Day Scholar,28330,54.8,10.0,54,1,81.1,0,1,0,1,1,0,0,0
STU09808,Feamle,23,AIML,Hosteler,177045,63.3,6.84,7,0,100.0,0,11,0,0,2,1,0,0
STU09809,Male,23,AIML,Day Scholar,169593,64.3,10.0,31,1,78.3,1,3,0,1,13,0,1,0
STU09810,Male,24,CSE,Hosteler,95811,75.9,9.6,50,1,87.3,0,6,0,0,3,1,1,0
STU09811,Male,23,ECE,Day Scholar,68119,69.1,8.16,89,0,65.7,1,3,0,0,4,1,0,0
STU09812,Feamle,24,MC,Hosteler,134619,78.9,6.49,68,0,93.9,0,3,0,0,3,0,0,0
STU09813,Feamle,22,CSE,Hosteler,178624,88.2,7.24,37,1,56.1,0,3,0,1,4,0,0,0
STU09814,Feamle,24,ECE,Day Scholar,57603,64.4,4.13,76,0,82.3,1,4,0,0,13,0,0,0
STU09815,Feamle,24,AIML,Day Scholar,48940,77.2,8.4,18,0,70.8,0,3,1,0,9,0,0,0
STU09816,Feamle,20,MC,Day Scholar,197037,68.8,3.17,5,0,88.5,0,3,0,0,4,0,1,0
STU09817,Male,20,AIML,Day Scholar,28377,77.9,6.55,44,1,64.2,0,7,0,0,14,0,0,0
STU09818,Male,18,CSE,Day Scholar,82308,85.3,9.31,69,0,89.3,0,5,0,0,5,0,0,0
STU09819,Male,22,AIML,Day Scholar,55961,88.8,8.08,15,2,80.2,0,3,0,0,8,2,0,0
STU09820,Feamle,22,AIML,Day Scholar,24928,85.1,4.71,53,1,100.0,0,6,0,0,4,1,0,0
STU09821,Male,20,CSE,Day Scholar,29604,81.2,4.99,92,0,44.9,1,6,0,0,7,1,1,1
STU09822,Male,21,MC,Day Scholar,68029,53.7,6.1,81,1,61.2,2,3,0,1,14,1,0,0
STU09823,Feamle,21,CSE,Day Scholar,113300,58.8,7.12,31,0,68.5,1,3,0,0,12,0,0,0
STU09824,Feamle,18,ECE,Hosteler,164849,62.6,8.31,28,1,85.2,0,7,0,0,7,2,1,0
STU09825,Male,21,CSE,Hosteler,191436,80.4,7.91,51,0,88.3,0,5,0,0,2,0,0,0
STU09826,Male,21,CSE,Hosteler,72068,55.6,5.41,80,0,91.4,1,8,1,0,2,0,1,1
STU09827,Feamle,21,MC,Day Scholar,176663,80.1,7.93,68,0,84.2,0,6,0,0,0,0,0,0
STU09828,Feamle,19,ECE,Day Scholar,182977,79.0,8.09,95,1,78.9,0,6,1,0,10,0,0,0
STU09829,Feamle,18,AIML,Day Scholar,132236,46.0,7.73,28,0,69.5,1,3,1,1,12,1,0,1
STU09830,Feamle,20,AIML,Hosteler,123949,58.7,10.0,92,0,95.2,2,5,0,1,4,0,0,0
STU09831,Male,21,AIML,Hosteler,155333,90.7,8.09,2,0,64.6,0,6,1,0,14,1,1,0
STU09832,Male,23,AIML,Day Scholar,185775,85.5,8.45,50,0,87.9,1,9,1,0,6,0,1,0
STU09833,Feamle,24,MC,Day Scholar,57306,62.2,9.81,67,0,83.5,2,2,1,1,7,0,1,0
STU09834,Male,19,ECE,Hosteler,89962,59.5,8.28,43,0,48.7,0,5,0,1,3,0,0,0
STU09835,Male,21,MC,Day Scholar,82432,38.2,6.17,24,2,88.1,0,8,0,0,5,0,0,0
STU09836,Feamle,24,CSE,Day Scholar,152430,97.1,8.86,21,0,100.0,1,8,1,1,4,1,0,0
STU09837,Male,24,ECE,Hosteler,98959,75.6,6.4,41,1,100.0,1,5,0,1,6,0,0,0
STU09838,Male,19,ECE,Day Scholar,54537,100.0,5.53,74,0,100.0,1,10,1,0,7,0,0,0
STU09839,Male,18,AIML,Day Scholar,47337,72.1,5.65,7,0,92.3,1,5,0,1,1,0,0,0
STU09840,Feamle,23,AIML,Day Scholar,145762,79.2,8.85,90,0,57.5,1,2,0,0,11,0,1,0
STU09841,Feamle,23,AIML,Hosteler,149162,88.4,7.93,43,0,88.3,0,1,1,1,4,0,0,0
STU09842,Male,23,AIML,Hosteler,83247,99.6,8.59,52,0,100.0,0,3,0,0,12,2,0,0
STU09843,Feamle,21,CSE,Hosteler,111301,82.5,7.94,85,0,69.2,0,9,0,1,10,0,0,0
STU09844,Feamle,19,AIML,Hosteler,197565,75.0,7.28,66,0,49.0,0,4,0,0,11,1,0,0
STU09845,Feamle,23,MC,Day Scholar,37576,75.4,7.48,26,1,98.0,0,2,0,1,5,1,0,0
STU09846,Male,24,ECE,Hosteler,55584,59.3,7.89,10,0,64.8,1,3,1,0,3,1,0,0
STU09847,Male,24,CSE,Day Scholar,59035,69.3,6.1,26,1,59.1,1,4,1,0,5,0,0,0
STU09848,Feamle,22,CSE,Hosteler,113733,75.8,5.06,6,0,87.1,0,5,0,0,8,0,0,0
STU09849,Male,22,ECE,Day Scholar,174481,95.7,6.27,90,0,97.7,1,4,0,0,7,0,0,0
STU09850,Male,19,ECE,Day Scholar,155928,68.5,7.82,74,0,83.0,0,6,0,0,11,1,0,0
STU09851,Male,21,ECE,Day Scholar,115980,90.9,6.03,56,0,97.6,0,1,1,1,14,0,0,0
STU09852,Male,21,CSE,Hosteler,107163,73.8,10.0,88,0,100.0,0,4,1,0,8,0,0,0
STU09853,Male,18,MC,Hosteler,192257,93.7,7.66,38,1,89.7,0,5,0,0,7,0,0,0
STU09854,Feamle,18,MC,Hosteler,187817,85.2,7.18,50,2,92.1,0,6,1,0,2,0,0,0
STU09855,Male,23,ECE,Hosteler,180784,84.1,6.09,79,0,74.2,0,4,0,0,14,1,0,0
STU09856,Male,20,CSE,Hosteler,32023,89.7,8.37,20,0,100.0,0,6,0,0,9,0,0,0
STU09857,Male,24,AIML,Hosteler,145524,87.5,5.18,89,0,90.8,2,9,0,0,5,2,0,0
STU09858,Feamle,18,CSE,Day Scholar,120187,91.0,7.47,90,0,90.0,2,2,1,0,5,0,0,0
STU09859,Feamle,21,ECE,Day Scholar,82919,100.0,6.35,56,0,74.2,1,5,1,0,4,0,0,0
STU09860,Feamle,24,CSE,Hosteler,20540,99.3,7.18,50,0,66.3,0,6,1,1,9,1,0,0
STU09861,Male,20,CSE,Day Scholar,28837,82.0,7.73,16,0,64.8,0,5,0,0,7,2,0,0
STU09862,Feamle,18,CSE,Hosteler,172257,68.4,5.28,30,1,72.6,0,7,1,0,7,1,1,0
STU09863,Feamle,19,AIML,Day Scholar,123030,80.5,4.49,13,0,81.3,0,4,0,0,0,0,0,0
STU09864,Feamle,22,ECE,Day Scholar,84889,46.1,5.6,86,0,87.3,1,2,0,0,14,0,0,0
STU09865,Feamle,18,ECE,Day Scholar,174478,87.4,8.32,1,1,44.9,0,3,1,0,12,3,0,0
STU09866,Male,18,ECE,Hosteler,69054,59.1,7.56,89,2,100.0,0,4,0,0,7,2,0,0
STU09867,Feamle,19,MC,Hosteler,29046,91.8,6.4,25,0,77.2,2,3,1,0,14,0,0,0
STU09868,Feamle,21,MC,Hosteler,72495,100.0,9.95,21,1,100.0,0,7,0,0,13,0,0,0
STU09869,Male,23,ECE,Day Scholar,60579,53.2,8.93,27,1,91.0,0,4,0,0,11,0,0,0
STU09870,Male,19,CSE,Day Scholar,79821,74.2,8.57,5,1,87.1,0,6,0,0,7,1,0,0
STU09871,Feamle,23,CSE,Day Scholar,115877,59.0,5.91,18,0,100.0,0,7,0,0,12,1,0,1
STU09872,Male,18,ECE,Day Scholar,96668,49.1,8.55,55,0,100.0,0,3,0,0,8,0,0,0
STU09873,Feamle,21,AIML,Day Scholar,185247,73.4,7.51,20,0,80.3,1,5,0,0,11,0,0,0
STU09874,Male,20,AIML,Day Scholar,29012,84.5,5.92,41,1,100.0,0,1,0,0,0,0,0,0
STU09875,Male,18,CSE,Day Scholar,27030,86.3,6.84,19,1,82.7,1,5,0,0,12,0,1,0
STU09876,Feamle,19,CSE,Hosteler,142047,77.3,5.44,94,0,78.4,1,6,1,0,8,0,0,0
STU09877,Male,20,MC,Day Scholar,163099,50.0,5.93,90,3,76.4,1,5,0,1,11,1,0,0
STU09878,Feamle,22,AIML,Hosteler,113399,76.9,5.28,78,0,54.7,1,9,0,1,6,0,0,0
STU09879,Male,20,CSE,Hosteler,38565,52.6,8.43,43,0,28.1,0,5,0,1,1,0,0,0
STU09880,Feamle,19,CSE,Hosteler,180362,53.6,6.89,30,0,67.9,0,2,0,0,12,1,0,1
STU09881,Male,24,ECE,Day Scholar,121536,60.0,5.59,8,1,87.8,0,7,0,0,9,0,0,0
STU09882,Male,20,MC,Day Scholar,133921,90.7,7.78,49,1,91.4,0,8,0,0,5,0,0,0
STU09883,Male,19,AIML,Hosteler,176072,83.2,7.0,80,0,44.6,0,4,0,1,7,0,0,0
STU09884,Male,24,AIML,Day Scholar,184197,79.8,8.58,82,0,91.7,0,2,1,0,1,0,0,0
STU09885,Male,18,MC,Day Scholar,162710,62.1,7.2,31,0,58.7,0,0,0,0,5,1,0,0
STU09886,Feamle,24,CSE,Day Scholar,111122,69.2,4.84,73,1,99.3,0,4,0,1,4,0,0,0
STU09887,Male,21,AIML,Day Scholar,77540,54.4,6.25,39,1,90.9,0,6,1,1,10,0,1,0
STU09888,Feamle,22,AIML,Day Scholar,29225,95.5,5.26,51,0,56.5,0,5,1,0,8,1,0,0
STU09889,Feamle,24,AIML,Day Scholar,176509,100.0,7.84,68,1,69.6,1,5,0,0,0,0,0,0
STU09890,Feamle,21,ECE,Hosteler,116774,83.3,8.63,76,1,52.8,1,2,0,1,11,0,0,0
STU09891,Male,21,MC,Hosteler,102268,86.0,4.68,26,0,95.2,0,4,0,0,6,0,0,0
STU09892,Feamle,21,AIML,Day Scholar,48353,72.6,6.81,1,1,79.7,0,7,1,1,13,1,0,0
STU09893,Male,24,MC,Hosteler,68531,50.7,8.73,0,2,73.0,0,4,0,0,5,1,0,0
STU09894,Feamle,19,CSE,Hosteler,152730,62.3,4.66,7,0,70.7,3,5,0,1,3,2,0,0
STU09895,Feamle,19,MC,Day Scholar,45150,68.0,6.35,9,0,100.0,3,7,0,0,4,0,0,0
STU09896,Feamle,22,ECE,Hosteler,164387,69.2,7.0,91,0,82.0,1,4,1,0,10,1,0,0
STU09897,Feamle,19,ECE,Hosteler,169275,65.8,8.6,68,0,95.1,0,4,1,0,1,0,0,0
STU09898,Feamle,23,MC,Day Scholar,141159,75.7,7.82,65,1,80.8,0,5,0,0,1,0,0,0
STU09899,Male,19,ECE,Day Scholar,58649,62.2,8.12,40,1,74.6,1,4,1,0,7,0,1,0
STU09900,Feamle,19,AIML,Day Scholar,190495,100.0,7.9,47,0,100.0,0,10,0,0,9,0,0,0
STU09901,Feamle,19,ECE,Day Scholar,40392,54.5,6.44,80,0,55.5,0,4,1,0,7,0,0,0
STU09902,Male,18,CSE,Day Scholar,157115,88.3,9.47,47,0,61.9,0,5,0,0,12,0,0,0
STU09903,Male,22,MC,Hosteler,36867,71.1,5.99,32,0,83.7,0,3,1,1,2,0,0,0
STU09904,Male,23,MC,Hosteler,122216,81.9,2.83,88,0,50.6,0,5,1,1,0,0,0,0
STU09905,Feamle,19,CSE,Hosteler,151429,82.6,4.3,68,1,47.4,0,9,0,0,11,0,0,0
STU09906,Feamle,22,CSE,Day Scholar,196512,77.4,6.82,91,1,75.9,0,6,0,0,13,0,0,0
STU09907,Feamle,20,CSE,Day Scholar,175901,58.0,6.5,50,0,60.7,2,5,0,1,9,0,0,0
STU09908,Feamle,18,CSE,Day Scholar,146874,70.0,6.2,63,0,100.0,0,7,0,0,4,1,0,0
STU09909,Feamle,24,AIML,Day Scholar,192866,77.5,7.23,81,0,92.9,1,3,0,0,12,0,1,0
STU09910,Feamle,19,ECE,Hosteler,185030,76.6,8.8,22,1,89.7,1,4,1,0,13,0,0,0
STU09911,Male,23,ECE,Day Scholar,50408,59.7,7.68,51,1,84.8,1,2,1,0,5,0,1,0
STU09912,Male,18,AIML,Day Scholar,46279,94.4,7.97,98,0,41.5,0,7,1,1,6,0,0,0
STU09913,Feamle,23,CSE,Day Scholar,180539,37.6,5.38,81,1,73.7,1,3,0,0,10,0,1,1
STU09914,Feamle,24,MC,Day Scholar,122868,71.2,6.22,74,0,100.0,0,7,0,0,2,0,0,0
STU09915,Feamle,24,MC,Day Scholar,75131,61.2,8.05,42,1,68.5,0,7,0,0,8,0,0,0
STU09916,Feamle,18,MC,Day Scholar,61452,77.7,7.16,73,0,100.0,0,1,1,0,14,0,0,0
STU09917,Feamle,20,CSE,Day Scholar,96855,90.3,7.72,9,0,96.3,0,10,0,0,1,0,1,0
STU09918,Male,22,AIML,Hosteler,177768,53.9,7.92,99,0,98.1,1,5,0,0,2,0,1,0
STU09919,Male,18,AIML,Hosteler,83612,100.0,7.25,72,0,84.6,0,5,0,0,8,0,0,0
STU09920,Feamle,21,AIML,Hosteler,47578,78.0,9.37,76,0,98.9,0,7,0,0,4,1,1,0
STU09921,Male,24,ECE,Hosteler,21908,80.7,6.2,86,1,70.7,1,5,0,0,5,1,0,0
STU09922,Feamle,20,ECE,Day Scholar,118059,53.4,5.77,0,0,100.0,1,3,0,0,10,0,0,0
STU09923,Feamle,24,ECE,Day Scholar,99368,74.3,4.35,15,0,53.5,1,2,1,0,11,0,0,0
STU09924,Feamle,21,ECE,Day Scholar,162658,89.6,8.12,18,0,55.2,0,6,0,1,12,1,0,0
STU09925,Male,20,MC,Day Scholar,171792,78.1,6.14,75,0,75.7,1,1,0,0,6,0,0,0
STU09926,Male,24,MC,Day Scholar,90940,77.1,8.9,4,0,56.2,3,7,0,0,10,0,0,0
STU09927,Feamle,21,AIML,Hosteler,107878,74.2,7.37,54,0,55.4,0,4,0,1,12,0,0,0
STU09928,Male,21,ECE,Day Scholar,152697,54.3,6.49,61,1,85.6,0,7,0,0,1,0,1,0
STU09929,Male,24,AIML,Day Scholar,117543,54.2,5.42,4,3,67.6,0,5,0,0,13,0,1,1
STU09930,Feamle,24,CSE,Day Scholar,189258,92.5,8.27,6,0,88.4,0,9,0,0,3,0,0,0
STU09931,Male,23,ECE,Day Scholar,188226,88.2,6.92,77,0,100.0,0,7,0,0,13,0,0,0
STU09932,Male,18,ECE,Hosteler,185229,90.5,7.4,32,0,64.5,1,8,0,0,4,1,0,0
STU09933,Feamle,18,AIML,Day Scholar,37871,62.7,7.91,5,1,100.0,0,4,1,0,9,0,0,0
STU09934,Feamle,20,AIML,Day Scholar,149742,72.6,7.4,81,0,77.0,0,6,0,0,4,0,1,0
STU09935,Male,22,CSE,Day Scholar,132961,93.5,5.73,5,0,85.6,0,6,0,0,8,0,1,0
STU09936,Feamle,24,AIML,Day Scholar,75653,56.6,7.78,50,0,100.0,0,5,0,0,5,0,0,0
STU09937,Male,23,ECE,Day Scholar,160180,91.9,8.23,93,0,100.0,0,7,1,0,11,0,0,0
STU09938,Feamle,18,MC,Hosteler,135398,66.2,7.54,11,0,87.6,1,3,1,0,9,0,0,0
STU09939,Feamle,18,CSE,Hosteler,54984,62.2,7.95,98,0,96.4,0,1,0,0,13,0,0,0
STU09940,Feamle,23,CSE,Hosteler,83478,74.5,8.09,74,1,91.3,0,3,0,0,9,0,0,0
STU09941,Feamle,19,ECE,Hosteler,44290,58.2,6.41,3,0,100.0,1,4,0,0,9,1,0,0
STU09942,Male,23,MC,Day Scholar,165505,46.5,6.35,76,0,89.4,1,5,1,1,0,1,0,0
STU09943,Feamle,18,AIML,Hosteler,188671,76.1,10.0,0,0,91.7,0,4,0,0,8,0,0,0
STU09944,Feamle,22,AIML,Day Scholar,161890,83.0,8.99,51,0,65.1,0,4,0,0,2,0,0,0
STU09945,Feamle,19,MC,Day Scholar,26984,93.2,6.93,52,2,83.4,0,11,0,0,6,3,0,0
STU09946,Male,21,MC,Hosteler,192432,84.1,8.02,92,2,70.5,1,2,0,1,0,0,0,0
STU09947,Male,23,ECE,Day Scholar,86286,100.0,5.59,13,1,60.8,1,10,0,0,6,0,0,0
STU09948,Feamle,21,AIML,Day Scholar,25594,95.4,6.1,20,0,76.1,0,10,1,0,4,0,1,0
STU09949,Feamle,19,ECE,Day Scholar,158243,86.1,5.13,30,2,62.4,3,4,0,0,8,0,0,0
STU09950,Feamle,19,AIML,Day Scholar,116624,82.0,7.43,40,0,44.1,3,4,1,1,0,0,0,0
STU09951,Feamle,19,AIML,Hosteler,136575,93.5,7.45,56,0,66.8,0,2,1,1,5,0,0,0
STU09952,Feamle,20,MC,Day Scholar,70570,41.8,8.63,6,0,91.3,0,2,0,1,10,0,1,0
STU09953,Feamle,23,ECE,Day Scholar,137291,67.8,6.68,60,0,70.2,0,6,1,1,2,1,0,0
STU09954,Male,24,MC,Day Scholar,115350,47.1,8.6,14,0,68.4,1,2,0,1,3,0,0,0
STU09955,Feamle,22,ECE,Day Scholar,148742,84.9,7.98,8,0,74.1,0,5,0,0,14,2,0,0
STU09956,Feamle,22,AIML,Hosteler,139788,63.9,10.0,92,1,56.9,0,9,0,0,8,0,0,0
STU09957,Feamle,21,CSE,Hosteler,82405,100.0,9.5,59,0,60.2,1,2,0,0,2,2,0,0
STU09958,Feamle,21,CSE,Day Scholar,131606,67.2,9.24,55,0,74.9,1,3,0,1,6,3,0,0
STU09959,Feamle,24,ECE,Day Scholar,82653,76.6,8.25,87,1,85.7,1,6,0,0,9,0,0,0
STU09960,Feamle,21,ECE,Day Scholar,161282,69.0,5.66,14,0,40.5,0,4,0,1,13,0,0,0
STU09961,Male,23,MC,Hosteler,79380,67.7,7.44,84,0,67.2,0,4,0,0,6,1,0,0
STU09962,Male,18,AIML,Hosteler,193677,56.3,10.0,87,0,51.0,0,4,0,0,6,0,0,0
STU09963,Male,21,CSE,Hosteler,121791,55.8,7.76,6,1,77.7,1,7,0,0,4,0,1,0
STU09964,Male,19,MC,Hosteler,140598,42.3,5.77,23,0,100.0,0,3,0,0,0,0,0,0
STU09965,Male,21,ECE,Day Scholar,181897,83.2,7.5,56,1,66.5,1,5,0,0,14,1,0,0
STU09966,Male,19,AIML,Day Scholar,140996,68.6,5.52,86,0,68.8,0,4,0,0,1,0,0,0
STU09967,Feamle,20,MC,Hosteler,139421,100.0,5.72,63,0,92.3,0,6,1,0,13,0,0,0
STU09968,Feamle,18,MC,Hosteler,184863,56.3,7.62,24,0,100.0,1,7,0,0,6,0,0,0
STU09969,Feamle,18,ECE,Hosteler,95237,97.1,8.11,71,0,74.4,0,3,0,0,14,0,0,0
STU09970,Feamle,24,AIML,Day Scholar,112150,98.6,5.8,33,0,100.0,0,7,0,0,2,0,0,0
STU09971,Feamle,23,CSE,Day Scholar,100202,94.2,6.16,98,0,46.2,0,5,0,0,2,0,0,0
STU09972,Feamle,23,MC,Day Scholar,90775,78.5,4.86,53,0,100.0,0,3,1,1,13,1,1,1
STU09973,Male,22,ECE,Day Scholar,104266,69.9,6.81,85,0,91.8,0,6,0,0,0,0,0,0
STU09974,Feamle,20,MC,Hosteler,86391,94.1,4.08,33,0,54.8,4,8,1,0,5,0,0,0
STU09975,Male,24,ECE,Hosteler,94894,63.1,6.55,27,0,51.7,0,4,0,0,4,0,1,0
STU09976,Male,23,ECE,Day Scholar,70817,79.1,7.12,0,1,67.4,0,8,0,0,13,0,0,0
STU09977,Feamle,19,ECE,Day Scholar,89574,74.3,4.37,36,0,85.3,0,4,0,1,10,0,0,0
STU09978,Feamle,20,AIML,Day Scholar,62932,61.6,5.49,29,0,100.0,0,5,0,0,8,0,0,0
STU09979,Feamle,18,CSE,Day Scholar,83404,79.2,6.91,24,1,74.6,0,3,0,0,1,0,0,0
STU09980,Feamle,19,AIML,Day Scholar,40071,86.1,6.71,59,0,83.5,3,3,0,0,4,0,0,0
STU09981,Feamle,24,CSE,Hosteler,195400,61.0,6.77,1,0,100.0,0,4,1,0,3,0,0,0
STU09982,Feamle,24,ECE,Day Scholar,73694,81.9,7.43,27,1,70.6,0,4,1,0,1,0,0,0
STU09983,Feamle,20,CSE,Day Scholar,20733,41.6,4.49,47,1,90.7,2,5,1,0,12,2,0,1
STU09984,Male,18,AIML,Hosteler,81127,59.3,8.06,27,0,91.7,2,6,1,0,11,0,0,0
STU09985,Feamle,23,MC,Day Scholar,186761,68.1,6.52,86,1,66.0,0,2,0,0,14,0,0,0
STU09986,Feamle,19,AIML,Day Scholar,195361,80.4,6.11,23,2,100.0,0,6,0,0,9,0,0,0
STU09987,Male,19,AIML,Hosteler,98345,88.0,4.2,98,0,68.2,0,6,0,0,8,1,0,0
STU09988,Feamle,18,AIML,Day Scholar,164758,76.2,6.6,71,0,86.5,0,3,0,0,14,0,0,0
STU09989,Feamle,19,AIML,Hosteler,89034,83.5,7.77,99,0,82.9,0,7,0,1,9,0,0,0
STU09990,Male,23,AIML,Hosteler,127620,72.6,7.21,17,0,55.3,1,3,0,0,10,0,1,0
STU09991,Feamle,23,CSE,Hosteler,155789,81.1,7.26,19,0,50.9,0,4,0,0,11,0,1,0
STU09992,Feamle,23,CSE,Hosteler,24854,80.3,6.49,67,2,100.0,0,7,0,1,5,1,0,0
STU09993,Feamle,18,MC,Hosteler,120162,67.4,6.91,7,0,88.9,0,8,1,0,1,0,0,0
STU09994,Feamle,21,AIML,Hosteler,128787,69.7,5.34,89,1,100.0,0,3,0,0,3,0,0,0
STU09995,Feamle,21,AIML,Day Scholar,34358,84.0,6.99,55,1,96.4,0,4,0,0,13,0,0,0
STU09996,Feamle,24,MC,Hosteler,172929,100.0,6.26,60,0,85.3,0,9,1,0,4,0,0,0
STU09997,Male,24,MC,Day Scholar,24960,93.1,5.31,38,2,87.6,0,4,0,0,0,0,0,0
STU09998,Feamle,19,ECE,Hosteler,187355,58.1,8.13,83,1,100.0,0,5,0,0,9,1,0,0
STU09999,Feamle,23,MC,Day Scholar,46576,58.1,4.64,17,0,81.0,1,7,0,0,7,0,0,1
STU10000,Male,19,MC,Hosteler,111909,67.0,7.79,96,0,73.3,0,2,0,0,13,0,0,0
